

Microchip MPLAB XC8 Assembler V2.41 build 20230208172133 
                                                                                               Thu Jun 01 20:18:36 2023

Microchip MPLAB XC8 C Compiler v2.41 (Free license) build 20230208172133 Og9 
     1                           	processor	18F4580
     2                           	fnconf	rparam,??,?,0
     3                           	pagewidth 120
     4                           	opt	flic
     5                           	psect	idataCOMRAM,global,class=CODE,delta=1,noexec
     6                           	psect	idataBANK0,global,class=CODE,delta=1,noexec
     7                           	psect	mediumconst,global,reloc=2,class=MEDIUMCONST,delta=1,noexec
     8                           	psect	cinit,global,reloc=2,class=CODE,delta=1
     9                           	psect	bssCOMRAM,global,class=COMRAM,space=1,delta=1,lowdata,noexec
    10                           	psect	dataCOMRAM,global,class=COMRAM,space=1,delta=1,lowdata,noexec
    11                           	psect	bssBANK0,global,class=BANK0,space=1,delta=1,lowdata,noexec
    12                           	psect	dataBANK0,global,class=BANK0,space=1,delta=1,lowdata,noexec
    13                           	psect	bssBANK1,global,class=BANK1,space=1,delta=1,lowdata,noexec
    14                           	psect	cstackCOMRAM,global,class=COMRAM,space=1,delta=1,lowdata,noexec
    15                           	psect	text0,global,reloc=2,class=CODE,delta=1
    16                           	psect	text1,global,reloc=2,class=CODE,delta=1
    17                           	psect	text2,global,reloc=2,class=CODE,delta=1
    18                           	psect	text3,global,reloc=2,class=CODE,delta=1
    19                           	psect	text4,global,reloc=2,class=CODE,delta=1
    20                           	psect	text5,global,reloc=2,class=CODE,delta=1
    21                           	psect	text6,global,reloc=2,class=CODE,delta=1
    22                           	psect	text7,global,reloc=2,class=CODE,delta=1
    23                           	psect	text8,global,reloc=2,class=CODE,delta=1
    24                           	psect	text9,global,reloc=2,class=CODE,delta=1,group=2
    25                           	psect	text10,global,reloc=2,class=CODE,delta=1
    26                           	psect	text11,global,reloc=2,class=CODE,delta=1
    27                           	psect	text12,global,reloc=2,class=CODE,delta=1
    28                           	psect	text13,global,reloc=2,class=CODE,delta=1
    29                           	psect	text14,global,reloc=2,class=CODE,delta=1
    30                           	psect	text15,global,reloc=2,class=CODE,delta=1,group=1
    31                           	psect	text16,global,reloc=2,class=CODE,delta=1,group=1
    32                           	psect	text17,global,reloc=2,class=CODE,delta=1
    33                           	psect	text18,global,reloc=2,class=CODE,delta=1
    34                           	psect	text19,global,reloc=2,class=CODE,delta=1
    35                           	psect	text20,global,reloc=2,class=CODE,delta=1
    36                           	psect	text21,global,reloc=2,class=CODE,delta=1
    37                           	psect	text22,global,reloc=2,class=CODE,delta=1
    38                           	psect	text23,global,reloc=2,class=CODE,delta=1
    39                           	psect	text24,global,reloc=2,class=CODE,delta=1
    40                           	psect	text25,global,reloc=2,class=CODE,delta=1
    41                           	psect	text26,global,reloc=2,class=CODE,delta=1
    42                           	psect	text27,global,reloc=2,class=CODE,delta=1
    43                           	psect	text28,global,reloc=2,class=CODE,delta=1
    44                           	psect	text29,global,reloc=2,class=CODE,delta=1
    45                           	psect	text30,global,reloc=2,class=CODE,delta=1
    46                           	psect	text31,global,reloc=2,class=CODE,delta=1
    47                           	psect	text32,global,reloc=2,class=CODE,delta=1
    48                           	psect	text33,global,reloc=2,class=CODE,delta=1,group=1
    49                           	psect	text34,global,reloc=2,class=CODE,delta=1,group=1
    50                           	psect	text35,global,reloc=2,class=CODE,delta=1
    51                           	psect	text36,global,reloc=2,class=CODE,delta=1
    52                           	psect	text37,global,reloc=2,class=CODE,delta=1
    53                           	psect	text38,global,reloc=2,class=CODE,delta=1
    54                           	psect	text39,global,reloc=2,class=CODE,delta=1
    55                           	psect	text40,global,reloc=2,class=CODE,delta=1
    56                           	psect	text41,global,reloc=2,class=CODE,delta=1
    57                           	psect	text42,global,reloc=2,class=CODE,delta=1
    58                           	psect	text43,global,reloc=2,class=CODE,delta=1
    59                           	psect	text44,global,reloc=2,class=CODE,delta=1
    60                           	psect	text45,global,reloc=2,class=CODE,delta=1
    61                           	psect	text46,global,reloc=2,class=CODE,delta=1
    62                           	psect	text47,global,reloc=2,class=CODE,delta=1
    63                           	psect	text48,global,reloc=2,class=CODE,delta=1
    64                           	psect	text49,global,reloc=2,class=CODE,delta=1
    65                           	psect	text50,global,reloc=2,class=CODE,delta=1
    66                           	psect	text51,global,reloc=2,class=CODE,delta=1,group=1
    67                           	psect	text52,global,reloc=2,class=CODE,delta=1,group=1
    68                           	psect	text53,global,reloc=2,class=CODE,delta=1,group=1
    69                           	psect	text54,global,reloc=2,class=CODE,delta=1,group=1
    70                           	psect	intsave_regs,global,class=BIGRAM,space=1,delta=1,noexec
    71                           	psect	rparam,global,class=COMRAM,space=1,delta=1,noexec
    72   000000                     
    73                           ; Generated 09/02/2023 GMT
    74                           ; 
    75                           ; Copyright © 2023, Microchip Technology Inc. and its subsidiaries ("Microchip")
    76                           ; All rights reserved.
    77                           ; 
    78                           ; This software is developed by Microchip Technology Inc. and its subsidiaries ("Microch
      +                          ip").
    79                           ; 
    80                           ; Redistribution and use in source and binary forms, with or without modification, are
    81                           ; permitted provided that the following conditions are met:
    82                           ; 
    83                           ;     1. Redistributions of source code must retain the above copyright notice, this lis
      +                          t of
    84                           ;        conditions and the following disclaimer.
    85                           ; 
    86                           ;     2. Redistributions in binary form must reproduce the above copyright notice, this 
      +                          list
    87                           ;        of conditions and the following disclaimer in the documentation and/or other
    88                           ;        materials provided with the distribution. Publication is not required when
    89                           ;        this file is used in an embedded application.
    90                           ; 
    91                           ;     3. Microchip's name may not be used to endorse or promote products derived from th
      +                          is
    92                           ;        software without specific prior written permission.
    93                           ; 
    94                           ; THIS SOFTWARE IS PROVIDED BY MICROCHIP "AS IS" AND ANY EXPRESS OR IMPLIED WARRANTIES,
    95                           ; INCLUDING, BUT NOT LIMITED TO, THE IMPLIED WARRANTIES OF MERCHANTABILITY AND FITNESS F
      +                          OR
    96                           ; PURPOSE ARE DISCLAIMED.  IN NO EVENT SHALL MICROCHIP BE LIABLE FOR ANY DIRECT, INDIREC
      +                          T,
    97                           ; INCIDENTAL, SPECIAL, EXEMPLARY, OR CONSEQUENTIAL DAMAGES (INCLUDING BUT NOT LIMITED TO
    98                           ; PROCUREMENT OF SUBSTITUTE GOODS OR SERVICES; LOSS OF USE, DATA OR PROFITS; OR BUSINESS
    99                           ; INTERRUPTION) HOWSOEVER CAUSED AND ON ANY THEORY OF LIABILITY, WHETHER IN CONTRACT, ST
      +                          RICT
   100                           ; LIABILITY, OR TORT (INCLUDING NEGLIGENCE OR OTHERWISE) ARISING IN ANY WAY OUT OF THE U
      +                          SE OF
   101                           ; THIS SOFTWARE, EVEN IF ADVISED OF THE POSSIBILITY OF SUCH DAMAGE.
   102                           ; 
   103                           ; 
   104                           ; Code-generator required, PIC18F4580 Definitions
   105                           ; 
   106                           ; SFR Addresses
   107   000000                     
   108                           	psect	idataCOMRAM
   109   003000                     __pidataCOMRAM:
   110                           	callstack 0
   111                           
   112                           ;initializer for read_switches@once
   113   003000  01                 	db	1
   114                           
   115                           	psect	idataBANK0
   116   001618                     __pidataBANK0:
   117                           	callstack 0
   118                           
   119                           ;initializer for _menu_view
   120   001618  AD                 	db	low STR_1
   121   001619  2F                 	db	high STR_1
   122   00161A  DC                 	db	low STR_2
   123   00161B  2E                 	db	high STR_2
   124   00161C  BB                 	db	low STR_3
   125   00161D  2F                 	db	high STR_3
   126   00161E  42                 	db	low STR_4
   127   00161F  2F                 	db	high STR_4
   128   001620  ED                 	db	low STR_5
   129   001621  2E                 	db	high STR_5
   130   001622  A8                 	db	low (STR_9+2)
   131   001623  2E                 	db	high (STR_9+2)
   132                           
   133                           ;initializer for _pass
   134   001624  31                 	db	49
   135   001625  31                 	db	49
   136   001626  31                 	db	49
   137   001627  31                 	db	49
   138   001628  00                 	db	0
   139                           
   140                           ;initializer for clear_log@de
   141   001629  1200               	dw	4608
   142   00162B  007A               	dw	122
   143                           
   144                           ;initializer for view_log@del
   145   00162D  3500               	dw	13568
   146   00162F  000C               	dw	12
   147                           
   148                           ;initializer for download_log@el_271
   149   001631  3500               	dw	13568
   150   001633  000C               	dw	12
   151                           
   152                           ;initializer for download_log@el_269
   153   001635  3500               	dw	13568
   154   001637  000C               	dw	12
   155                           
   156                           ;initializer for download_log@del
   157   001639  0D40               	dw	3392
   158   00163B  0003               	dw	3
   159                           
   160                           ;initializer for _value2
   161   00163D  0001               	dw	1
   162                           
   163                           ;initializer for _EV
   164   00163F  4F                 	db	79
   165   001640  4E                 	db	78
   166   001641  00                 	db	0
   167   001642  47                 	db	71
   168   001643  52                 	db	82
   169   001644  00                 	db	0
   170   001645  47                 	db	71
   171   001646  4E                 	db	78
   172   001647  00                 	db	0
   173   001648  47                 	db	71
   174   001649  31                 	db	49
   175   00164A  00                 	db	0
   176   00164B  47                 	db	71
   177   00164C  32                 	db	50
   178   00164D  00                 	db	0
   179   00164E  47                 	db	71
   180   00164F  33                 	db	51
   181   001650  00                 	db	0
   182   001651  47                 	db	71
   183   001652  34                 	db	52
   184   001653  00                 	db	0
   185   001654  43                 	db	67
   186   001655  20                 	db	32
   187   001656  00                 	db	0
   188   001657  00                 	db	0
   189   001658  00                 	db	0
   190   001659  00                 	db	0
   191   000000                     _ADRESL	set	4035
   192   000000                     _ADRESH	set	4036
   193   000000                     _RCREG	set	4014
   194   000000                     _TXREG	set	4013
   195   000000                     _SPBRG	set	4015
   196   000000                     _SSPADD	set	4040
   197   000000                     _GODONE	set	32273
   198   000000                     _ABDOVF	set	32199
   199   000000                     _CKE	set	32318
   200   000000                     _TRISC	set	3988
   201   000000                     _TRISD	set	3989
   202   000000                     _ADCON0	set	4034
   203   000000                     _PORTBbits	set	3969
   204   000000                     _RD7	set	31775
   205   000000                     _RC0	set	31760
   206   000000                     _RC2	set	31762
   207   000000                     _GO	set	32273
   208   000000                     _ADON	set	32272
   209   000000                     _VCFG0	set	32268
   210   000000                     _VCFG1	set	32269
   211   000000                     _ADCS2	set	32258
   212   000000                     _ADCS1	set	32257
   213   000000                     _ADCS0	set	32256
   214   000000                     _ACQT0	set	32259
   215   000000                     _ACQT1	set	32260
   216   000000                     _ACQT2	set	32261
   217   000000                     _RCIF	set	31989
   218   000000                     _RCIE	set	31981
   219   000000                     _TXIF	set	31988
   220   000000                     _ABDEN	set	32192
   221   000000                     _WUE	set	32193
   222   000000                     _BRG16	set	32195
   223   000000                     _SCKP	set	32196
   224   000000                     _RCIDL	set	32198
   225   000000                     _RX9D	set	32088
   226   000000                     _OERR	set	32089
   227   000000                     _FERR	set	32090
   228   000000                     _ADDEN	set	32091
   229   000000                     _CREN	set	32092
   230   000000                     _SREN	set	32093
   231   000000                     _RX9	set	32094
   232   000000                     _TX9D	set	32096
   233   000000                     _TRMT	set	32097
   234   000000                     _BRGH	set	32098
   235   000000                     _SENDB	set	32099
   236   000000                     _SYNC	set	32100
   237   000000                     _TXEN	set	32101
   238   000000                     _TX9	set	32102
   239   000000                     _TRISC6	set	31910
   240   000000                     _TRISC7	set	31911
   241   000000                     _ACKEN	set	32300
   242   000000                     _ACKDT	set	32301
   243   000000                     _RCEN	set	32299
   244   000000                     _RSEN	set	32297
   245   000000                     _PEN	set	32298
   246   000000                     _SEN	set	32296
   247   000000                     _SMP	set	32319
   248   000000                     _TRISC4	set	31908
   249   000000                     _PORTB	set	3969
   250   000000                     _TRISB	set	3987
   251   000000                     _TRISC3	set	31907
   252   000000                     _SSPCON1	set	4038
   253   000000                     _TRISD7	set	31919
   254   000000                     _TXIE	set	31980
   255   000000                     _SSPIF	set	31987
   256   000000                     _SSPBUF	set	4041
   257   000000                     _RBPU	set	32655
   258   000000                     _BCLIF	set	32011
   259   000000                     _SPEN	set	32095
   260   000000                     _CSRC	set	32103
   261   000000                     _ACKSTAT	set	32302
   262   000000                     _ADCON1	set	4033
   263   000000                     _ADFM	set	32263
   264   000000                     _PORTD	set	3971
   265   000000                     _RC1	set	31761
   266                           
   267                           	psect	mediumconst
   268   002E90                     __pmediumconst:
   269                           	callstack 0
   270   002E90  00                 	db	0
   271   002E91                     STR_29:
   272   002E91  59                 	db	89	;'Y'
   273   002E92  6F                 	db	111	;'o'
   274   002E93  75                 	db	117	;'u'
   275   002E94  20                 	db	32
   276   002E95  61                 	db	97	;'a'
   277   002E96  72                 	db	114	;'r'
   278   002E97  65                 	db	101	;'e'
   279   002E98  20                 	db	32
   280   002E99  42                 	db	66	;'B'
   281   002E9A  6C                 	db	108	;'l'
   282   002E9B  6F                 	db	111	;'o'
   283   002E9C  63                 	db	99	;'c'
   284   002E9D  6B                 	db	107	;'k'
   285   002E9E  65                 	db	101	;'e'
   286   002E9F  64                 	db	100	;'d'
   287   002EA0  20                 	db	32
   288   002EA1  20                 	db	32
   289   002EA2  20                 	db	32
   290   002EA3  20                 	db	32
   291   002EA4  20                 	db	32
   292   002EA5  00                 	db	0
   293   002EA6                     STR_9:
   294   002EA6  20                 	db	32
   295   002EA7  20                 	db	32
   296   002EA8  20                 	db	32
   297   002EA9  20                 	db	32
   298   002EAA  20                 	db	32
   299   002EAB  20                 	db	32
   300   002EAC  20                 	db	32
   301   002EAD  20                 	db	32
   302   002EAE  20                 	db	32
   303   002EAF  20                 	db	32
   304   002EB0  20                 	db	32
   305   002EB1  20                 	db	32
   306   002EB2  20                 	db	32
   307   002EB3  20                 	db	32
   308   002EB4  20                 	db	32
   309   002EB5  20                 	db	32
   310   002EB6  20                 	db	32
   311   002EB7  20                 	db	32
   312   002EB8  00                 	db	0
   313   002EB9                     STR_10:
   314   002EB9  44                 	db	68	;'D'
   315   002EBA  4F                 	db	79	;'O'
   316   002EBB  57                 	db	87	;'W'
   317   002EBC  4E                 	db	78	;'N'
   318   002EBD  4C                 	db	76	;'L'
   319   002EBE  4F                 	db	79	;'O'
   320   002EBF  41                 	db	65	;'A'
   321   002EC0  44                 	db	68	;'D'
   322   002EC1  45                 	db	69	;'E'
   323   002EC2  44                 	db	68	;'D'
   324   002EC3  20                 	db	32
   325   002EC4  4C                 	db	76	;'L'
   326   002EC5  4F                 	db	79	;'O'
   327   002EC6  47                 	db	71	;'G'
   328   002EC7  53                 	db	83	;'S'
   329   002EC8  0A                 	db	10
   330   002EC9  0D                 	db	13
   331   002ECA  00                 	db	0
   332   002ECB                     STR_21:
   333   002ECB  53                 	db	83	;'S'
   334   002ECC  45                 	db	69	;'E'
   335   002ECD  54                 	db	84	;'T'
   336   002ECE  20                 	db	32
   337   002ECF  50                 	db	80	;'P'
   338   002ED0  41                 	db	65	;'A'
   339   002ED1  53                 	db	83	;'S'
   340   002ED2  53                 	db	83	;'S'
   341   002ED3  57                 	db	87	;'W'
   342   002ED4  4F                 	db	79	;'O'
   343   002ED5  52                 	db	82	;'R'
   344   002ED6  44                 	db	68	;'D'
   345   002ED7  20                 	db	32
   346   002ED8  20                 	db	32
   347   002ED9  20                 	db	32
   348   002EDA  20                 	db	32
   349   002EDB  00                 	db	0
   350   002EDC                     STR_2:
   351   002EDC  44                 	db	68	;'D'
   352   002EDD  6F                 	db	111	;'o'
   353   002EDE  77                 	db	119	;'w'
   354   002EDF  6E                 	db	110	;'n'
   355   002EE0  6C                 	db	108	;'l'
   356   002EE1  6F                 	db	111	;'o'
   357   002EE2  61                 	db	97	;'a'
   358   002EE3  64                 	db	100	;'d'
   359   002EE4  20                 	db	32
   360   002EE5  4C                 	db	76	;'L'
   361   002EE6  6F                 	db	111	;'o'
   362   002EE7  67                 	db	103	;'g'
   363   002EE8  20                 	db	32
   364   002EE9  20                 	db	32
   365   002EEA  20                 	db	32
   366   002EEB  20                 	db	32
   367   002EEC  00                 	db	0
   368   002EED                     STR_5:
   369   002EED  43                 	db	67	;'C'
   370   002EEE  68                 	db	104	;'h'
   371   002EEF  61                 	db	97	;'a'
   372   002EF0  6E                 	db	110	;'n'
   373   002EF1  67                 	db	103	;'g'
   374   002EF2  65                 	db	101	;'e'
   375   002EF3  20                 	db	32
   376   002EF4  50                 	db	80	;'P'
   377   002EF5  61                 	db	97	;'a'
   378   002EF6  73                 	db	115	;'s'
   379   002EF7  73                 	db	115	;'s'
   380   002EF8  77                 	db	119	;'w'
   381   002EF9  6F                 	db	111	;'o'
   382   002EFA  72                 	db	114	;'r'
   383   002EFB  64                 	db	100	;'d'
   384   002EFC  20                 	db	32
   385   002EFD  00                 	db	0
   386   002EFE                     STR_14:
   387   002EFE  4C                 	db	76	;'L'
   388   002EFF  4F                 	db	79	;'O'
   389   002F00  47                 	db	71	;'G'
   390   002F01  53                 	db	83	;'S'
   391   002F02  5F                 	db	95	;'_'
   392   002F03  41                 	db	65	;'A'
   393   002F04  52                 	db	82	;'R'
   394   002F05  45                 	db	69	;'E'
   395   002F06  5F                 	db	95	;'_'
   396   002F07  43                 	db	67	;'C'
   397   002F08  4C                 	db	76	;'L'
   398   002F09  45                 	db	69	;'E'
   399   002F0A  41                 	db	65	;'A'
   400   002F0B  52                 	db	82	;'R'
   401   002F0C  45                 	db	69	;'E'
   402   002F0D  44                 	db	68	;'D'
   403   002F0E  00                 	db	0
   404   002F0F                     STR_20:
   405   002F0F  52                 	db	82	;'R'
   406   002F10  45                 	db	69	;'E'
   407   002F11  45                 	db	69	;'E'
   408   002F12  4E                 	db	78	;'N'
   409   002F13  54                 	db	84	;'T'
   410   002F14  45                 	db	69	;'E'
   411   002F15  52                 	db	82	;'R'
   412   002F16  20                 	db	32
   413   002F17  50                 	db	80	;'P'
   414   002F18  41                 	db	65	;'A'
   415   002F19  53                 	db	83	;'S'
   416   002F1A  53                 	db	83	;'S'
   417   002F1B  57                 	db	87	;'W'
   418   002F1C  4F                 	db	79	;'O'
   419   002F1D  52                 	db	82	;'R'
   420   002F1E  44                 	db	68	;'D'
   421   002F1F  00                 	db	0
   422   002F20                     STR_18:
   423   002F20  54                 	db	84	;'T'
   424   002F21  49                 	db	73	;'I'
   425   002F22  4D                 	db	77	;'M'
   426   002F23  45                 	db	69	;'E'
   427   002F24  20                 	db	32
   428   002F25  20                 	db	32
   429   002F26  20                 	db	32
   430   002F27  20                 	db	32
   431   002F28  20                 	db	32
   432   002F29  45                 	db	69	;'E'
   433   002F2A  56                 	db	86	;'V'
   434   002F2B  20                 	db	32
   435   002F2C  20                 	db	32
   436   002F2D  52                 	db	82	;'R'
   437   002F2E  50                 	db	80	;'P'
   438   002F2F  4D                 	db	77	;'M'
   439   002F30  00                 	db	0
   440   002F31                     STR_8:
   441   002F31  53                 	db	83	;'S'
   442   002F32  45                 	db	69	;'E'
   443   002F33  54                 	db	84	;'T'
   444   002F34  20                 	db	32
   445   002F35  54                 	db	84	;'T'
   446   002F36  49                 	db	73	;'I'
   447   002F37  4D                 	db	77	;'M'
   448   002F38  45                 	db	69	;'E'
   449   002F39  20                 	db	32
   450   002F3A  53                 	db	83	;'S'
   451   002F3B  55                 	db	85	;'U'
   452   002F3C  43                 	db	67	;'C'
   453   002F3D  43                 	db	67	;'C'
   454   002F3E  45                 	db	69	;'E'
   455   002F3F  53                 	db	83	;'S'
   456   002F40  53                 	db	83	;'S'
   457   002F41  00                 	db	0
   458   002F42                     STR_4:
   459   002F42  53                 	db	83	;'S'
   460   002F43  65                 	db	101	;'e'
   461   002F44  74                 	db	116	;'t'
   462   002F45  20                 	db	32
   463   002F46  54                 	db	84	;'T'
   464   002F47  69                 	db	105	;'i'
   465   002F48  6D                 	db	109	;'m'
   466   002F49  65                 	db	101	;'e'
   467   002F4A  20                 	db	32
   468   002F4B  20                 	db	32
   469   002F4C  20                 	db	32
   470   002F4D  20                 	db	32
   471   002F4E  20                 	db	32
   472   002F4F  20                 	db	32
   473   002F50  20                 	db	32
   474   002F51  00                 	db	0
   475   002F52                     STR_12:
   476   002F52  20                 	db	32
   477   002F53  20                 	db	32
   478   002F54  44                 	db	68	;'D'
   479   002F55  4F                 	db	79	;'O'
   480   002F56  57                 	db	87	;'W'
   481   002F57  4E                 	db	78	;'N'
   482   002F58  4C                 	db	76	;'L'
   483   002F59  4F                 	db	79	;'O'
   484   002F5A  41                 	db	65	;'A'
   485   002F5B  44                 	db	68	;'D'
   486   002F5C  49                 	db	73	;'I'
   487   002F5D  4E                 	db	78	;'N'
   488   002F5E  47                 	db	71	;'G'
   489   002F5F  20                 	db	32
   490   002F60  20                 	db	32
   491   002F61  00                 	db	0
   492   002F62                     STR_15:
   493   002F62  4C                 	db	76	;'L'
   494   002F63  6F                 	db	111	;'o'
   495   002F64  67                 	db	103	;'g'
   496   002F65  20                 	db	32
   497   002F66  20                 	db	32
   498   002F67  20                 	db	32
   499   002F68  20                 	db	32
   500   002F69  20                 	db	32
   501   002F6A  20                 	db	32
   502   002F6B  20                 	db	32
   503   002F6C  20                 	db	32
   504   002F6D  20                 	db	32
   505   002F6E  20                 	db	32
   506   002F6F  20                 	db	32
   507   002F70  00                 	db	0
   508   002F71                     STR_22:
   509   002F71  53                 	db	83	;'S'
   510   002F72  55                 	db	85	;'U'
   511   002F73  43                 	db	67	;'C'
   512   002F74  43                 	db	67	;'C'
   513   002F75  45                 	db	69	;'E'
   514   002F76  53                 	db	83	;'S'
   515   002F77  53                 	db	83	;'S'
   516   002F78  46                 	db	70	;'F'
   517   002F79  55                 	db	85	;'U'
   518   002F7A  4C                 	db	76	;'L'
   519   002F7B  20                 	db	32
   520   002F7C  20                 	db	32
   521   002F7D  20                 	db	32
   522   002F7E  20                 	db	32
   523   002F7F  00                 	db	0
   524   002F80                     STR_13:
   525   002F80  20                 	db	32
   526   002F81  20                 	db	32
   527   002F82  44                 	db	68	;'D'
   528   002F83  4F                 	db	79	;'O'
   529   002F84  57                 	db	87	;'W'
   530   002F85  4E                 	db	78	;'N'
   531   002F86  4C                 	db	76	;'L'
   532   002F87  4F                 	db	79	;'O'
   533   002F88  41                 	db	65	;'A'
   534   002F89  44                 	db	68	;'D'
   535   002F8A  45                 	db	69	;'E'
   536   002F8B  44                 	db	68	;'D'
   537   002F8C  20                 	db	32
   538   002F8D  20                 	db	32
   539   002F8E  00                 	db	0
   540   002F8F                     STR_27:
   541   002F8F  20                 	db	32
   542   002F90  41                 	db	65	;'A'
   543   002F91  74                 	db	116	;'t'
   544   002F92  74                 	db	116	;'t'
   545   002F93  65                 	db	101	;'e'
   546   002F94  6D                 	db	109	;'m'
   547   002F95  70                 	db	112	;'p'
   548   002F96  74                 	db	116	;'t'
   549   002F97  20                 	db	32
   550   002F98  6C                 	db	108	;'l'
   551   002F99  65                 	db	101	;'e'
   552   002F9A  66                 	db	102	;'f'
   553   002F9B  74                 	db	116	;'t'
   554   002F9C  20                 	db	32
   555   002F9D  00                 	db	0
   556   002F9E                     STR_7:
   557   002F9E  45                 	db	69	;'E'
   558   002F9F  4E                 	db	78	;'N'
   559   002FA0  54                 	db	84	;'T'
   560   002FA1  45                 	db	69	;'E'
   561   002FA2  52                 	db	82	;'R'
   562   002FA3  20                 	db	32
   563   002FA4  4E                 	db	78	;'N'
   564   002FA5  45                 	db	69	;'E'
   565   002FA6  57                 	db	87	;'W'
   566   002FA7  20                 	db	32
   567   002FA8  54                 	db	84	;'T'
   568   002FA9  49                 	db	73	;'I'
   569   002FAA  4D                 	db	77	;'M'
   570   002FAB  45                 	db	69	;'E'
   571   002FAC  00                 	db	0
   572   002FAD                     STR_1:
   573   002FAD  56                 	db	86	;'V'
   574   002FAE  69                 	db	105	;'i'
   575   002FAF  65                 	db	101	;'e'
   576   002FB0  77                 	db	119	;'w'
   577   002FB1  20                 	db	32
   578   002FB2  4C                 	db	76	;'L'
   579   002FB3  6F                 	db	111	;'o'
   580   002FB4  67                 	db	103	;'g'
   581   002FB5  20                 	db	32
   582   002FB6  20                 	db	32
   583   002FB7  20                 	db	32
   584   002FB8  20                 	db	32
   585   002FB9  20                 	db	32
   586   002FBA  00                 	db	0
   587   002FBB                     STR_3:
   588   002FBB  43                 	db	67	;'C'
   589   002FBC  6C                 	db	108	;'l'
   590   002FBD  65                 	db	101	;'e'
   591   002FBE  61                 	db	97	;'a'
   592   002FBF  72                 	db	114	;'r'
   593   002FC0  20                 	db	32
   594   002FC1  4C                 	db	76	;'L'
   595   002FC2  6F                 	db	111	;'o'
   596   002FC3  67                 	db	103	;'g'
   597   002FC4  20                 	db	32
   598   002FC5  20                 	db	32
   599   002FC6  20                 	db	32
   600   002FC7  20                 	db	32
   601   002FC8  00                 	db	0
   602   002FC9                     STR_32:
   603   002FC9  43                 	db	67	;'C'
   604   002FCA  4C                 	db	76	;'L'
   605   002FCB  45                 	db	69	;'E'
   606   002FCC  41                 	db	65	;'A'
   607   002FCD  52                 	db	82	;'R'
   608   002FCE  49                 	db	73	;'I'
   609   002FCF  4E                 	db	78	;'N'
   610   002FD0  47                 	db	71	;'G'
   611   002FD1  20                 	db	32
   612   002FD2  4C                 	db	76	;'L'
   613   002FD3  4F                 	db	79	;'O'
   614   002FD4  47                 	db	71	;'G'
   615   002FD5  53                 	db	83	;'S'
   616   002FD6  00                 	db	0
   617   002FD7                     STR_23:
   618   002FD7  53                 	db	83	;'S'
   619   002FD8  45                 	db	69	;'E'
   620   002FD9  54                 	db	84	;'T'
   621   002FDA  20                 	db	32
   622   002FDB  50                 	db	80	;'P'
   623   002FDC  41                 	db	65	;'A'
   624   002FDD  53                 	db	83	;'S'
   625   002FDE  53                 	db	83	;'S'
   626   002FDF  57                 	db	87	;'W'
   627   002FE0  4F                 	db	79	;'O'
   628   002FE1  52                 	db	82	;'R'
   629   002FE2  44                 	db	68	;'D'
   630   002FE3  00                 	db	0
   631   002FE4                     STR_26:
   632   002FE4  53                 	db	83	;'S'
   633   002FE5  55                 	db	85	;'U'
   634   002FE6  43                 	db	67	;'C'
   635   002FE7  43                 	db	67	;'C'
   636   002FE8  45                 	db	69	;'E'
   637   002FE9  53                 	db	83	;'S'
   638   002FEA  53                 	db	83	;'S'
   639   002FEB  46                 	db	70	;'F'
   640   002FEC  55                 	db	85	;'U'
   641   002FED  4C                 	db	76	;'L'
   642   002FEE  00                 	db	0
   643   002FEF                     STR_30:
   644   002FEF  77                 	db	119	;'w'
   645   002FF0  61                 	db	97	;'a'
   646   002FF1  69                 	db	105	;'i'
   647   002FF2  74                 	db	116	;'t'
   648   002FF3  2E                 	db	46
   649   002FF4  2E                 	db	46
   650   002FF5  2E                 	db	46
   651   002FF6  00                 	db	0
   652   002FF7                     STR_24:
   653   002FF7  46                 	db	70	;'F'
   654   002FF8  41                 	db	65	;'A'
   655   002FF9  49                 	db	73	;'I'
   656   002FFA  4C                 	db	76	;'L'
   657   002FFB  55                 	db	85	;'U'
   658   002FFC  52                 	db	82	;'R'
   659   002FFD  45                 	db	69	;'E'
   660   002FFE  00                 	db	0
   661   002FFF  00                 	db	0	; dummy byte at the end
   662   000000                     
   663                           ; #config settings
   664                           
   665                           	psect	cinit
   666   0017A6                     __pcinit:
   667                           	callstack 0
   668   0017A6                     start_initialization:
   669                           	callstack 0
   670   0017A6                     __initialization:
   671                           	callstack 0
   672                           
   673                           ; Initialize objects allocated to BANK0 (66 bytes)
   674                           ; load TBLPTR registers with __pidataBANK0
   675   0017A6  0E18               	movlw	low __pidataBANK0
   676   0017A8  6EF6               	movwf	tblptrl,c
   677   0017AA  0E16               	movlw	high __pidataBANK0
   678   0017AC  6EF7               	movwf	tblptrh,c
   679   0017AE  0E00               	movlw	low (__pidataBANK0 shr (0+16))
   680   0017B0  6EF8               	movwf	tblptru,c
   681   0017B2  EE00  F0A7         	lfsr	0,__pdataBANK0
   682   0017B6  EE10 F042          	lfsr	1,66
   683   0017BA                     copy_data0:
   684   0017BA  0009               	tblrd		*+
   685   0017BC  CFF5 FFEE          	movff	tablat,postinc0
   686   0017C0  50E5               	movf	postdec1,w,c
   687   0017C2  50E1               	movf	fsr1l,w,c
   688   0017C4  E1FA               	bnz	copy_data0
   689                           
   690                           ; Initialize objects allocated to COMRAM (1 bytes)
   691                           ; load TBLPTR registers with __pidataCOMRAM
   692   0017C6  0E00               	movlw	low __pidataCOMRAM
   693   0017C8  6EF6               	movwf	tblptrl,c
   694   0017CA  0E30               	movlw	high __pidataCOMRAM
   695   0017CC  6EF7               	movwf	tblptrh,c
   696   0017CE  0E00               	movlw	low (__pidataCOMRAM shr (0+16))
   697   0017D0  6EF8               	movwf	tblptru,c
   698   0017D2  0009               	tblrd		*+	;fetch initializer
   699   0017D4  CFF5 F05F          	movff	tablat,__pdataCOMRAM
   700                           
   701                           ; Clear objects allocated to BANK1 (170 bytes)
   702   0017D8  EE01  F000         	lfsr	0,__pbssBANK1
   703   0017DC  0EAA               	movlw	170
   704   0017DE                     clear_0:
   705   0017DE  6AEE               	clrf	postinc0,c
   706   0017E0  06E8               	decf	wreg,f,c
   707   0017E2  E1FD               	bnz	clear_0
   708                           
   709                           ; Clear objects allocated to BANK0 (71 bytes)
   710   0017E4  EE00  F060         	lfsr	0,__pbssBANK0
   711   0017E8  0E47               	movlw	71
   712   0017EA                     clear_1:
   713   0017EA  6AEE               	clrf	postinc0,c
   714   0017EC  06E8               	decf	wreg,f,c
   715   0017EE  E1FD               	bnz	clear_1
   716                           
   717                           ; Clear objects allocated to COMRAM (52 bytes)
   718   0017F0  EE00  F001         	lfsr	0,__pbssCOMRAM
   719   0017F4  0E34               	movlw	52
   720   0017F6                     clear_2:
   721   0017F6  6AEE               	clrf	postinc0,c
   722   0017F8  06E8               	decf	wreg,f,c
   723   0017FA  E1FD               	bnz	clear_2
   724   0017FC                     end_of_initialization:
   725                           	callstack 0
   726   0017FC                     __end_of__initialization:
   727                           	callstack 0
   728   0017FC  0E00               	movlw	low (__Lmediumconst shr (0+16))
   729   0017FE  6EF8               	movwf	tblptru,c
   730   001800  0100               	movlb	0
   731   001802  EFAA  F00A         	goto	_main	;jump to C main() function
   732                           
   733                           	psect	bssCOMRAM
   734   000001                     __pbssCOMRAM:
   735                           	callstack 0
   736   000001                     change_password@delay:
   737                           	callstack 0
   738   000001                     	ds	4
   739   000005                     set_time@delay:
   740                           	callstack 0
   741   000005                     	ds	4
   742   000009                     _clock_reg:
   743                           	callstack 0
   744   000009                     	ds	3
   745   00000C                     view_log@view_key:
   746                           	callstack 0
   747   00000C                     	ds	2
   748   00000E                     view_log@view_select2:
   749                           	callstack 0
   750   00000E                     	ds	2
   751   000010                     view_log@view_select1:
   752                           	callstack 0
   753   000010                     	ds	2
   754   000012                     set_time@val2:
   755                           	callstack 0
   756   000012                     	ds	2
   757   000014                     set_time@val1:
   758                           	callstack 0
   759   000014                     	ds	2
   760   000016                     set_time@change:
   761                           	callstack 0
   762   000016                     	ds	2
   763   000018                     _event:
   764                           	callstack 0
   765   000018                     	ds	2
   766   00001A                     _equal:
   767                           	callstack 0
   768   00001A                     	ds	2
   769   00001C                     _t_count2:
   770                           	callstack 0
   771   00001C                     	ds	2
   772   00001E                     _t_count1:
   773                           	callstack 0
   774   00001E                     	ds	2
   775   000020                     _count:
   776                           	callstack 0
   777   000020                     	ds	2
   778   000022                     _flag:
   779                           	callstack 0
   780   000022                     	ds	2
   781   000024                     _clear:
   782                           	callstack 0
   783   000024                     	ds	2
   784   000026                     _RPM:
   785                           	callstack 0
   786   000026                     	ds	2
   787   000028                     _l:
   788                           	callstack 0
   789   000028                     	ds	2
   790   00002A                     read_switches@key:
   791                           	callstack 0
   792   00002A                     	ds	1
   793   00002B                     change_password@index2:
   794                           	callstack 0
   795   00002B                     	ds	1
   796   00002C                     change_password@index1:
   797                           	callstack 0
   798   00002C                     	ds	1
   799   00002D                     _key4:
   800                           	callstack 0
   801   00002D                     	ds	1
   802   00002E                     _key2:
   803                           	callstack 0
   804   00002E                     	ds	1
   805   00002F                     _key1:
   806                           	callstack 0
   807   00002F                     	ds	1
   808   000030                     _key:
   809                           	callstack 0
   810   000030                     	ds	1
   811   000031                     _log:
   812                           	callstack 0
   813   000031                     	ds	1
   814   000032                     _menu:
   815                           	callstack 0
   816   000032                     	ds	1
   817   000033                     _d:
   818                           	callstack 0
   819   000033                     	ds	1
   820   000034                     _log_flag:
   821                           	callstack 0
   822   000034                     	ds	1
   823                           
   824                           	psect	dataCOMRAM
   825   00005F                     __pdataCOMRAM:
   826                           	callstack 0
   827   00005F                     read_switches@once:
   828                           	callstack 0
   829   00005F                     	ds	1
   830                           
   831                           	psect	bssBANK0
   832   000060                     __pbssBANK0:
   833                           	callstack 0
   834   000060                     	ds	17
   835   000071                     _store_data:
   836                           	callstack 0
   837   000071                     	ds	11
   838   00007C                     _delay3:
   839                           	callstack 0
   840   00007C                     	ds	4
   841   000080                     _delay:
   842                           	callstack 0
   843   000080                     	ds	4
   844   000084                     _in_pass:
   845                           	callstack 0
   846   000084                     	ds	4
   847   000088                     	ds	2
   848   00008A                     	ds	2
   849   00008C                     	ds	2
   850   00008E                     	ds	2
   851   000090                     _once:
   852                           	callstack 0
   853   000090                     	ds	2
   854   000092                     _equal1:
   855                           	callstack 0
   856   000092                     	ds	2
   857   000094                     _k:
   858                           	callstack 0
   859   000094                     	ds	2
   860   000096                     _value1:
   861                           	callstack 0
   862   000096                     	ds	2
   863   000098                     _flag1:
   864                           	callstack 0
   865   000098                     	ds	2
   866   00009A                     _m:
   867                           	callstack 0
   868   00009A                     	ds	2
   869   00009C                     _blinker:
   870                           	callstack 0
   871   00009C                     	ds	2
   872   00009E                     _time:
   873                           	callstack 0
   874   00009E                     	ds	9
   875                           
   876                           	psect	dataBANK0
   877   0000A7                     __pdataBANK0:
   878                           	callstack 0
   879   0000A7                     _menu_view:
   880                           	callstack 0
   881   0000A7                     	ds	12
   882   0000B3                     _pass:
   883                           	callstack 0
   884   0000B3                     	ds	5
   885   0000B8                     clear_log@de:
   886                           	callstack 0
   887   0000B8                     	ds	4
   888   0000BC                     view_log@del:
   889                           	callstack 0
   890   0000BC                     	ds	4
   891   0000C0                     download_log@el_271:
   892                           	callstack 0
   893   0000C0                     	ds	4
   894   0000C4                     download_log@el_269:
   895                           	callstack 0
   896   0000C4                     	ds	4
   897   0000C8                     download_log@del:
   898                           	callstack 0
   899   0000C8                     	ds	4
   900   0000CC                     _value2:
   901                           	callstack 0
   902   0000CC                     	ds	2
   903   0000CE                     _EV:
   904                           	callstack 0
   905   0000CE                     	ds	27
   906                           
   907                           	psect	bssBANK1
   908   000100                     __pbssBANK1:
   909                           	callstack 0
   910   000100                     _logs:
   911                           	callstack 0
   912   000100                     	ds	170
   913                           
   914                           	psect	cstackCOMRAM
   915   000035                     __pcstackCOMRAM:
   916                           	callstack 0
   917   000035                     ?_read_adc:
   918                           	callstack 0
   919   000035                     ?_strcmp:
   920                           	callstack 0
   921   000035                     ?___awdiv:
   922                           	callstack 0
   923   000035                     ?___lwdiv:
   924                           	callstack 0
   925   000035                     ?___lwmod:
   926                           	callstack 0
   927   000035                     ?___ftpack:
   928                           	callstack 0
   929   000035                     i2c_write@data:
   930                           	callstack 0
   931   000035                     putch@byte:
   932                           	callstack 0
   933   000035                     read_switches@detection_type:
   934                           	callstack 0
   935   000035                     clcd_write@control_bit:
   936                           	callstack 0
   937   000035                     i2c_write1@data1:
   938                           	callstack 0
   939   000035                     strcmp@s1:
   940                           	callstack 0
   941   000035                     ___awdiv@dividend:
   942                           	callstack 0
   943   000035                     ___lwdiv@dividend:
   944                           	callstack 0
   945   000035                     ___lwmod@dividend:
   946                           	callstack 0
   947   000035                     ___ftpack@arg:
   948                           	callstack 0
   949                           
   950                           ; 3 bytes @ 0x0
   951   000035                     	ds	1
   952   000036                     write_ds1307@data:
   953                           	callstack 0
   954   000036                     read_ds1307@address:
   955                           	callstack 0
   956   000036                     clcd_write@byte:
   957                           	callstack 0
   958   000036                     write_ext_eeprom@data1:
   959                           	callstack 0
   960   000036                     read_ext_eeprom@address1:
   961                           	callstack 0
   962   000036                     strcmp@s2:
   963                           	callstack 0
   964   000036                     puts@s:
   965                           	callstack 0
   966                           
   967                           ; 2 bytes @ 0x1
   968   000036                     	ds	1
   969   000037                     ??_read_adc:
   970   000037                     ??_strcmp:
   971   000037                     write_ds1307@address:
   972                           	callstack 0
   973   000037                     read_ds1307@data:
   974                           	callstack 0
   975   000037                     read_ext_eeprom@data1:
   976                           	callstack 0
   977   000037                     clcd_print@data:
   978                           	callstack 0
   979   000037                     write_ext_eeprom@i:
   980                           	callstack 0
   981   000037                     ___awdiv@divisor:
   982                           	callstack 0
   983   000037                     ___lwdiv@divisor:
   984                           	callstack 0
   985   000037                     ___lwmod@divisor:
   986                           	callstack 0
   987                           
   988                           ; 2 bytes @ 0x2
   989   000037                     	ds	1
   990   000038                     init_ds1307@dummy:
   991                           	callstack 0
   992   000038                     ___ftpack@exp:
   993                           	callstack 0
   994                           
   995                           ; 1 bytes @ 0x3
   996   000038                     	ds	1
   997   000039                     clcd_print@addr:
   998                           	callstack 0
   999   000039                     write_ext_eeprom@address1:
  1000                           	callstack 0
  1001   000039                     ___awdiv@counter:
  1002                           	callstack 0
  1003   000039                     ___ftpack@sign:
  1004                           	callstack 0
  1005   000039                     ___lwmod@counter:
  1006                           	callstack 0
  1007   000039                     strcmp@r:
  1008                           	callstack 0
  1009   000039                     read_adc@reg_val:
  1010                           	callstack 0
  1011   000039                     ___lwdiv@quotient:
  1012                           	callstack 0
  1013                           
  1014                           ; 2 bytes @ 0x4
  1015   000039                     	ds	1
  1016   00003A                     ??___ftpack:
  1017   00003A                     ___awdiv@sign:
  1018                           	callstack 0
  1019   00003A                     download_log@arr:
  1020                           	callstack 0
  1021                           
  1022                           ; 17 bytes @ 0x5
  1023   00003A                     	ds	1
  1024   00003B                     read_adc@channel:
  1025                           	callstack 0
  1026   00003B                     ___lwdiv@counter:
  1027                           	callstack 0
  1028   00003B                     ___awdiv@quotient:
  1029                           	callstack 0
  1030                           
  1031                           ; 2 bytes @ 0x6
  1032   00003B                     	ds	1
  1033   00003C                     store_event@y:
  1034                           	callstack 0
  1035                           
  1036                           ; 2 bytes @ 0x7
  1037   00003C                     	ds	1
  1038   00003D                     ?___awmod:
  1039                           	callstack 0
  1040   00003D                     ?___lwtoft:
  1041                           	callstack 0
  1042   00003D                     ___awmod@dividend:
  1043                           	callstack 0
  1044   00003D                     ___lwtoft@c:
  1045                           	callstack 0
  1046                           
  1047                           ; 2 bytes @ 0x8
  1048   00003D                     	ds	2
  1049   00003F                     ___awmod@divisor:
  1050                           	callstack 0
  1051                           
  1052                           ; 2 bytes @ 0xA
  1053   00003F                     	ds	1
  1054   000040                     ?___ftdiv:
  1055                           	callstack 0
  1056   000040                     ___ftdiv@f1:
  1057                           	callstack 0
  1058                           
  1059                           ; 3 bytes @ 0xB
  1060   000040                     	ds	1
  1061   000041                     ___awmod@counter:
  1062                           	callstack 0
  1063                           
  1064                           ; 1 bytes @ 0xC
  1065   000041                     	ds	1
  1066   000042                     ___awmod@sign:
  1067                           	callstack 0
  1068                           
  1069                           ; 1 bytes @ 0xD
  1070   000042                     	ds	1
  1071   000043                     clcd_putch@addr:
  1072                           	callstack 0
  1073   000043                     ___ftdiv@f2:
  1074                           	callstack 0
  1075                           
  1076                           ; 3 bytes @ 0xE
  1077   000043                     	ds	1
  1078   000044                     clcd_putch@data:
  1079                           	callstack 0
  1080                           
  1081                           ; 1 bytes @ 0xF
  1082   000044                     	ds	1
  1083   000045                     ??_set_time:
  1084   000045                     ??_view_log:
  1085   000045                     ??_password:
  1086   000045                     display_menu@key2:
  1087                           	callstack 0
  1088   000045                     change_password@re_enter:
  1089                           	callstack 0
  1090                           
  1091                           ; 5 bytes @ 0x10
  1092   000045                     	ds	1
  1093   000046                     ??___ftdiv:
  1094                           
  1095                           ; 1 bytes @ 0x11
  1096   000046                     	ds	1
  1097   000047                     password@delay2:
  1098                           	callstack 0
  1099                           
  1100                           ; 4 bytes @ 0x12
  1101   000047                     	ds	2
  1102   000049                     ___ftdiv@cntr:
  1103                           	callstack 0
  1104   000049                     set_time@blink:
  1105                           	callstack 0
  1106                           
  1107                           ; 2 bytes @ 0x14
  1108   000049                     	ds	1
  1109   00004A                     ___ftdiv@f3:
  1110                           	callstack 0
  1111   00004A                     change_password@new_password:
  1112                           	callstack 0
  1113                           
  1114                           ; 5 bytes @ 0x15
  1115   00004A                     	ds	1
  1116   00004B                     set_time@hour:
  1117                           	callstack 0
  1118   00004B                     download_log@i:
  1119                           	callstack 0
  1120   00004B                     password@blink:
  1121                           	callstack 0
  1122                           
  1123                           ; 2 bytes @ 0x16
  1124   00004B                     	ds	1
  1125   00004C                     set_time@min:
  1126                           	callstack 0
  1127                           
  1128                           ; 1 bytes @ 0x17
  1129   00004C                     	ds	1
  1130   00004D                     set_time@sec:
  1131                           	callstack 0
  1132   00004D                     ___ftdiv@exp:
  1133                           	callstack 0
  1134   00004D                     password@delay2_310:
  1135                           	callstack 0
  1136                           
  1137                           ; 4 bytes @ 0x18
  1138   00004D                     	ds	1
  1139   00004E                     set_time@set_time_key:
  1140                           	callstack 0
  1141   00004E                     ___ftdiv@sign:
  1142                           	callstack 0
  1143                           
  1144                           ; 1 bytes @ 0x19
  1145   00004E                     	ds	1
  1146   00004F                     ?___fttol:
  1147                           	callstack 0
  1148   00004F                     set_time@change_time:
  1149                           	callstack 0
  1150   00004F                     change_password@key3:
  1151                           	callstack 0
  1152   00004F                     ___fttol@f1:
  1153                           	callstack 0
  1154                           
  1155                           ; 3 bytes @ 0x1A
  1156   00004F                     	ds	1
  1157   000050                     change_password@h:
  1158                           	callstack 0
  1159                           
  1160                           ; 1 bytes @ 0x1B
  1161   000050                     	ds	1
  1162   000051                     password@de:
  1163                           	callstack 0
  1164                           
  1165                           ; 4 bytes @ 0x1C
  1166   000051                     	ds	2
  1167   000053                     ??___fttol:
  1168                           
  1169                           ; 1 bytes @ 0x1E
  1170   000053                     	ds	2
  1171   000055                     password@T:
  1172                           	callstack 0
  1173                           
  1174                           ; 2 bytes @ 0x20
  1175   000055                     	ds	2
  1176   000057                     password@x:
  1177                           	callstack 0
  1178                           
  1179                           ; 2 bytes @ 0x22
  1180   000057                     	ds	1
  1181   000058                     ___fttol@sign1:
  1182                           	callstack 0
  1183                           
  1184                           ; 1 bytes @ 0x23
  1185   000058                     	ds	1
  1186   000059                     password@z:
  1187                           	callstack 0
  1188   000059                     ___fttol@lval:
  1189                           	callstack 0
  1190                           
  1191                           ; 4 bytes @ 0x24
  1192   000059                     	ds	2
  1193   00005B                     password@i:
  1194                           	callstack 0
  1195                           
  1196                           ; 2 bytes @ 0x26
  1197   00005B                     	ds	2
  1198   00005D                     ___fttol@exp1:
  1199                           	callstack 0
  1200                           
  1201                           ; 1 bytes @ 0x28
  1202   00005D                     	ds	1
  1203   00005E                     ??_dashboard:
  1204                           
  1205                           ; 1 bytes @ 0x29
  1206   00005E                     	ds	1
  1207   00005F                     
  1208                           ; 1 bytes @ 0x2A
  1209 ;;
  1210 ;;Main: autosize = 0, tempsize = 0, incstack = 0, save=0
  1211 ;;
  1212 ;; *************** function _main *****************
  1213 ;; Defined at:
  1214 ;;		line 629 in file "main.c"
  1215 ;; Parameters:    Size  Location     Type
  1216 ;;		None
  1217 ;; Auto vars:     Size  Location     Type
  1218 ;;		None
  1219 ;; Return value:  Size  Location     Type
  1220 ;;                  1    wreg      void 
  1221 ;; Registers used:
  1222 ;;		wreg, fsr0l, fsr0h, fsr1l, fsr1h, fsr2l, fsr2h, status,2, status,0, tblptrl, tblptrh, tblptru, prodl, prodh, cstack
  1223 ;; Tracked objects:
  1224 ;;		On entry : 0/0
  1225 ;;		On exit  : 0/0
  1226 ;;		Unchanged: 0/0
  1227 ;; Data sizes:     COMRAM   BANK0   BANK1   BANK2   BANK3   BANK4   BANK5
  1228 ;;      Params:         0       0       0       0       0       0       0
  1229 ;;      Locals:         0       0       0       0       0       0       0
  1230 ;;      Temps:          0       0       0       0       0       0       0
  1231 ;;      Totals:         0       0       0       0       0       0       0
  1232 ;;Total ram usage:        0 bytes
  1233 ;; Hardware stack levels required when called: 6
  1234 ;; This function calls:
  1235 ;;		_dashboard
  1236 ;;		_display_menu
  1237 ;;		_init_config
  1238 ;;		_password
  1239 ;;		_setting_log
  1240 ;; This function is called by:
  1241 ;;		Startup code after reset
  1242 ;; This function uses a non-reentrant model
  1243 ;;
  1244                           
  1245                           	psect	text0
  1246   001554                     __ptext0:
  1247                           	callstack 0
  1248   001554                     _main:
  1249                           	callstack 25
  1250                           
  1251                           ;main.c: 630: init_config();
  1252                           
  1253                           ;incstack = 0
  1254   001554  EC82  F009         	call	_init_config	;wreg free
  1255   001558                     l4178:
  1256                           
  1257                           ;main.c: 632: if (flag == 0) {
  1258   001558  5022               	movf	_flag^0,w,c
  1259   00155A  1023               	iorwf	(_flag+1)^0,w,c
  1260   00155C  A4D8               	btfss	status,2,c
  1261   00155E  D003               	goto	l4182
  1262                           
  1263                           ;main.c: 633: dashboard();
  1264   001560  EC45  F00F         	call	_dashboard	;wreg free
  1265                           
  1266                           ;main.c: 634: } else if (flag == 1) {
  1267   001564  D7F9               	goto	l4178
  1268   001566                     l4182:
  1269   001566  0422               	decf	_flag^0,w,c
  1270   001568  1023               	iorwf	(_flag+1)^0,w,c
  1271   00156A  A4D8               	btfss	status,2,c
  1272   00156C  D003               	goto	l4186
  1273                           
  1274                           ;main.c: 635: password();
  1275   00156E  EC86  F013         	call	_password	;wreg free
  1276                           
  1277                           ;main.c: 636: } else if (flag == 2) {
  1278   001572  D7F2               	goto	l4178
  1279   001574                     l4186:
  1280   001574  0E02               	movlw	2
  1281   001576  1822               	xorwf	_flag^0,w,c
  1282   001578  1023               	iorwf	(_flag+1)^0,w,c
  1283   00157A  A4D8               	btfss	status,2,c
  1284   00157C  D003               	goto	l4190
  1285                           
  1286                           ;main.c: 637: display_menu();
  1287   00157E  ECB4  F00E         	call	_display_menu	;wreg free
  1288                           
  1289                           ;main.c: 638: } else if (flag == 3) {
  1290   001582  D7EA               	goto	l4178
  1291   001584                     l4190:
  1292   001584  0E03               	movlw	3
  1293   001586  1822               	xorwf	_flag^0,w,c
  1294   001588  1023               	iorwf	(_flag+1)^0,w,c
  1295   00158A  A4D8               	btfss	status,2,c
  1296   00158C  D7E5               	goto	l4178
  1297                           
  1298                           ;main.c: 639: setting_log();
  1299   00158E  ECEB  F00A         	call	_setting_log	;wreg free
  1300   001592  D7E2               	goto	l4178
  1301   001594                     __end_of_main:
  1302                           	callstack 0
  1303                           
  1304 ;; *************** function _setting_log *****************
  1305 ;; Defined at:
  1306 ;;		line 596 in file "main.c"
  1307 ;; Parameters:    Size  Location     Type
  1308 ;;		None
  1309 ;; Auto vars:     Size  Location     Type
  1310 ;;		None
  1311 ;; Return value:  Size  Location     Type
  1312 ;;                  1    wreg      void 
  1313 ;; Registers used:
  1314 ;;		wreg, fsr0l, fsr0h, fsr2l, fsr2h, status,2, status,0, tblptrl, tblptrh, tblptru, prodl, prodh, cstack
  1315 ;; Tracked objects:
  1316 ;;		On entry : 0/0
  1317 ;;		On exit  : 0/0
  1318 ;;		Unchanged: 0/0
  1319 ;; Data sizes:     COMRAM   BANK0   BANK1   BANK2   BANK3   BANK4   BANK5
  1320 ;;      Params:         0       0       0       0       0       0       0
  1321 ;;      Locals:         0       0       0       0       0       0       0
  1322 ;;      Temps:          0       0       0       0       0       0       0
  1323 ;;      Totals:         0       0       0       0       0       0       0
  1324 ;;Total ram usage:        0 bytes
  1325 ;; Hardware stack levels used: 1
  1326 ;; Hardware stack levels required when called: 5
  1327 ;; This function calls:
  1328 ;;		_change_password
  1329 ;;		_clear_log
  1330 ;;		_download_log
  1331 ;;		_set_time
  1332 ;;		_view_log
  1333 ;; This function is called by:
  1334 ;;		_main
  1335 ;; This function uses a non-reentrant model
  1336 ;;
  1337                           
  1338                           	psect	text1
  1339   0015D6                     __ptext1:
  1340                           	callstack 0
  1341   0015D6                     _setting_log:
  1342                           	callstack 25
  1343                           
  1344                           ;main.c: 597: switch (log_flag) {
  1345                           
  1346                           ;incstack = 0
  1347   0015D6  D00F               	goto	l4174
  1348   0015D8                     l4162:
  1349                           
  1350                           ;main.c: 599: {;main.c: 600: view_log();
  1351   0015D8  EC08  F012         	call	_view_log	;wreg free
  1352                           
  1353                           ;main.c: 601: break;
  1354   0015DC  0012               	return	
  1355   0015DE                     l4164:
  1356                           
  1357                           ;main.c: 604: {;main.c: 605: download_log();
  1358   0015DE  ECDD  F00F         	call	_download_log	;wreg free
  1359                           
  1360                           ;main.c: 606: break;
  1361   0015E2  0012               	return	
  1362   0015E4                     l4166:
  1363                           
  1364                           ;main.c: 609: {;main.c: 610: clear_log();
  1365   0015E4  EC03  F00C         	call	_clear_log	;wreg free
  1366                           
  1367                           ;main.c: 611: break;
  1368   0015E8  0012               	return	
  1369   0015EA                     l4168:
  1370                           
  1371                           ;main.c: 614: {;main.c: 615: set_time();
  1372   0015EA  EC13  F015         	call	_set_time	;wreg free
  1373                           
  1374                           ;main.c: 616: break;
  1375   0015EE  0012               	return	
  1376   0015F0                     l4170:
  1377                           
  1378                           ;main.c: 619: {;main.c: 620: change_password();
  1379   0015F0  ECB2  F010         	call	_change_password	;wreg free
  1380                           
  1381                           ;main.c: 621: break;
  1382   0015F4  0012               	return	
  1383   0015F6                     l4174:
  1384   0015F6  5034               	movf	_log_flag^0,w,c
  1385                           
  1386                           ; Switch size 1, requested type "simple"
  1387                           ; Number of cases is 5, Range of values is 0 to 4
  1388                           ; switch strategies available:
  1389                           ; Name         Instructions Cycles
  1390                           ; simple_byte           16     9 (average)
  1391                           ;	Chosen strategy is simple_byte
  1392   0015F8  0A00               	xorlw	0	; case 0
  1393   0015FA  B4D8               	btfsc	status,2,c
  1394   0015FC  D7ED               	goto	l4162
  1395   0015FE  0A01               	xorlw	1	; case 1
  1396   001600  B4D8               	btfsc	status,2,c
  1397   001602  D7ED               	goto	l4164
  1398   001604  0A03               	xorlw	3	; case 2
  1399   001606  B4D8               	btfsc	status,2,c
  1400   001608  D7ED               	goto	l4166
  1401   00160A  0A01               	xorlw	1	; case 3
  1402   00160C  B4D8               	btfsc	status,2,c
  1403   00160E  D7ED               	goto	l4168
  1404   001610  0A07               	xorlw	7	; case 4
  1405   001612  A4D8               	btfss	status,2,c
  1406   001614  0012               	return	
  1407   001616  D7EC               	goto	l4170
  1408   001618                     __end_of_setting_log:
  1409                           	callstack 0
  1410                           
  1411 ;; *************** function _view_log *****************
  1412 ;; Defined at:
  1413 ;;		line 206 in file "main.c"
  1414 ;; Parameters:    Size  Location     Type
  1415 ;;		None
  1416 ;; Auto vars:     Size  Location     Type
  1417 ;;		None
  1418 ;; Return value:  Size  Location     Type
  1419 ;;                  1    wreg      void 
  1420 ;; Registers used:
  1421 ;;		wreg, fsr0l, fsr0h, fsr2l, fsr2h, status,2, status,0, tblptrl, tblptrh, tblptru, prodl, prodh, cstack
  1422 ;; Tracked objects:
  1423 ;;		On entry : 0/0
  1424 ;;		On exit  : 0/0
  1425 ;;		Unchanged: 0/0
  1426 ;; Data sizes:     COMRAM   BANK0   BANK1   BANK2   BANK3   BANK4   BANK5
  1427 ;;      Params:         0       0       0       0       0       0       0
  1428 ;;      Locals:         0       0       0       0       0       0       0
  1429 ;;      Temps:          1       0       0       0       0       0       0
  1430 ;;      Totals:         1       0       0       0       0       0       0
  1431 ;;Total ram usage:        1 bytes
  1432 ;; Hardware stack levels used: 1
  1433 ;; Hardware stack levels required when called: 4
  1434 ;; This function calls:
  1435 ;;		_clcd_print
  1436 ;;		_clcd_putch
  1437 ;;		_clcd_write
  1438 ;;		_read_ext_eeprom
  1439 ;;		_read_switches
  1440 ;; This function is called by:
  1441 ;;		_setting_log
  1442 ;; This function uses a non-reentrant model
  1443 ;;
  1444                           
  1445                           	psect	text2
  1446   002410                     __ptext2:
  1447                           	callstack 0
  1448   002410                     _view_log:
  1449                           	callstack 25
  1450                           
  1451                           ;main.c: 207: static unsigned int view_select1, view_select2 = 0, view_key;;main.c: 208:
      +                           view_key = read_switches(0);
  1452                           
  1453                           ;incstack = 0
  1454   002410  0E00               	movlw	0
  1455   002412  EC4D  F00A         	call	_read_switches
  1456   002416  6E45               	movwf	??_view_log^0,c
  1457   002418  5045               	movf	??_view_log^0,w,c
  1458   00241A  6E0C               	movwf	view_log@view_key^0,c
  1459   00241C  6A0D               	clrf	(view_log@view_key+1)^0,c
  1460                           
  1461                           ;main.c: 209: if (clear == 0) {
  1462   00241E  5024               	movf	_clear^0,w,c
  1463   002420  1025               	iorwf	(_clear+1)^0,w,c
  1464   002422  A4D8               	btfss	status,2,c
  1465   002424  D0D6               	goto	l3502
  1466                           
  1467                           ;main.c: 210: logs[log][0] = read_ext_eeprom((log * 10) + 0);
  1468   002426  5031               	movf	_log^0,w,c
  1469   002428  0D11               	mullw	17
  1470   00242A  0E00               	movlw	low _logs
  1471   00242C  24F3               	addwf	243,w,c
  1472   00242E  6ED9               	movwf	fsr2l,c
  1473   002430  0E01               	movlw	high _logs
  1474   002432  20F4               	addwfc	prodh,w,c
  1475   002434  6EDA               	movwf	fsr2h,c
  1476   002436  5031               	movf	_log^0,w,c
  1477   002438  0D0A               	mullw	10
  1478   00243A  50F3               	movf	243,w,c
  1479   00243C  ECE9  F009         	call	_read_ext_eeprom
  1480   002440  6EDF               	movwf	indf2,c
  1481                           
  1482                           ;main.c: 211: logs[log][1] = read_ext_eeprom((log * 10) + 1);
  1483   002442  5031               	movf	_log^0,w,c
  1484   002444  0D11               	mullw	17
  1485   002446  0E01               	movlw	low (_logs+1)
  1486   002448  24F3               	addwf	243,w,c
  1487   00244A  6ED9               	movwf	fsr2l,c
  1488   00244C  0E01               	movlw	high (_logs+1)
  1489   00244E  20F4               	addwfc	prodh,w,c
  1490   002450  6EDA               	movwf	fsr2h,c
  1491   002452  5031               	movf	_log^0,w,c
  1492   002454  0D0A               	mullw	10
  1493   002456  28F3               	incf	243,w,c
  1494   002458  ECE9  F009         	call	_read_ext_eeprom
  1495   00245C  6EDF               	movwf	indf2,c
  1496                           
  1497                           ;main.c: 212: logs[log][2] = ':';
  1498   00245E  5031               	movf	_log^0,w,c
  1499   002460  0D11               	mullw	17
  1500   002462  0E02               	movlw	low (_logs+2)
  1501   002464  24F3               	addwf	243,w,c
  1502   002466  6ED9               	movwf	fsr2l,c
  1503   002468  0E01               	movlw	high (_logs+2)
  1504   00246A  20F4               	addwfc	prodh,w,c
  1505   00246C  6EDA               	movwf	fsr2h,c
  1506   00246E  0E3A               	movlw	58
  1507   002470  6EDF               	movwf	indf2,c
  1508                           
  1509                           ;main.c: 214: logs[log][3] = read_ext_eeprom((log * 10) + 2);
  1510   002472  5031               	movf	_log^0,w,c
  1511   002474  0D11               	mullw	17
  1512   002476  0E03               	movlw	low (_logs+3)
  1513   002478  24F3               	addwf	243,w,c
  1514   00247A  6ED9               	movwf	fsr2l,c
  1515   00247C  0E01               	movlw	high (_logs+3)
  1516   00247E  20F4               	addwfc	prodh,w,c
  1517   002480  6EDA               	movwf	fsr2h,c
  1518   002482  5031               	movf	_log^0,w,c
  1519   002484  0D0A               	mullw	10
  1520   002486  50F3               	movf	243,w,c
  1521   002488  0F02               	addlw	2
  1522   00248A  ECE9  F009         	call	_read_ext_eeprom
  1523   00248E  6EDF               	movwf	indf2,c
  1524                           
  1525                           ;main.c: 215: logs[log][4] = read_ext_eeprom((log * 10) + 3);
  1526   002490  5031               	movf	_log^0,w,c
  1527   002492  0D11               	mullw	17
  1528   002494  0E04               	movlw	low (_logs+4)
  1529   002496  24F3               	addwf	243,w,c
  1530   002498  6ED9               	movwf	fsr2l,c
  1531   00249A  0E01               	movlw	high (_logs+4)
  1532   00249C  20F4               	addwfc	prodh,w,c
  1533   00249E  6EDA               	movwf	fsr2h,c
  1534   0024A0  5031               	movf	_log^0,w,c
  1535   0024A2  0D0A               	mullw	10
  1536   0024A4  50F3               	movf	243,w,c
  1537   0024A6  0F03               	addlw	3
  1538   0024A8  ECE9  F009         	call	_read_ext_eeprom
  1539   0024AC  6EDF               	movwf	indf2,c
  1540                           
  1541                           ;main.c: 216: logs[log][5] = ':';
  1542   0024AE  5031               	movf	_log^0,w,c
  1543   0024B0  0D11               	mullw	17
  1544   0024B2  0E05               	movlw	low (_logs+5)
  1545   0024B4  24F3               	addwf	243,w,c
  1546   0024B6  6ED9               	movwf	fsr2l,c
  1547   0024B8  0E01               	movlw	high (_logs+5)
  1548   0024BA  20F4               	addwfc	prodh,w,c
  1549   0024BC  6EDA               	movwf	fsr2h,c
  1550   0024BE  0E3A               	movlw	58
  1551   0024C0  6EDF               	movwf	indf2,c
  1552                           
  1553                           ;main.c: 218: logs[log][6] = read_ext_eeprom((log * 10) + 4);
  1554   0024C2  5031               	movf	_log^0,w,c
  1555   0024C4  0D11               	mullw	17
  1556   0024C6  0E06               	movlw	low (_logs+6)
  1557   0024C8  24F3               	addwf	243,w,c
  1558   0024CA  6ED9               	movwf	fsr2l,c
  1559   0024CC  0E01               	movlw	high (_logs+6)
  1560   0024CE  20F4               	addwfc	prodh,w,c
  1561   0024D0  6EDA               	movwf	fsr2h,c
  1562   0024D2  5031               	movf	_log^0,w,c
  1563   0024D4  0D0A               	mullw	10
  1564   0024D6  50F3               	movf	243,w,c
  1565   0024D8  0F04               	addlw	4
  1566   0024DA  ECE9  F009         	call	_read_ext_eeprom
  1567   0024DE  6EDF               	movwf	indf2,c
  1568                           
  1569                           ;main.c: 219: logs[log][7] = read_ext_eeprom((log * 10) + 5);
  1570   0024E0  5031               	movf	_log^0,w,c
  1571   0024E2  0D11               	mullw	17
  1572   0024E4  0E07               	movlw	low (_logs+7)
  1573   0024E6  24F3               	addwf	243,w,c
  1574   0024E8  6ED9               	movwf	fsr2l,c
  1575   0024EA  0E01               	movlw	high (_logs+7)
  1576   0024EC  20F4               	addwfc	prodh,w,c
  1577   0024EE  6EDA               	movwf	fsr2h,c
  1578   0024F0  5031               	movf	_log^0,w,c
  1579   0024F2  0D0A               	mullw	10
  1580   0024F4  50F3               	movf	243,w,c
  1581   0024F6  0F05               	addlw	5
  1582   0024F8  ECE9  F009         	call	_read_ext_eeprom
  1583   0024FC  6EDF               	movwf	indf2,c
  1584                           
  1585                           ;main.c: 221: logs[log][8] = ' ';
  1586   0024FE  5031               	movf	_log^0,w,c
  1587   002500  0D11               	mullw	17
  1588   002502  0E08               	movlw	low (_logs+8)
  1589   002504  24F3               	addwf	243,w,c
  1590   002506  6ED9               	movwf	fsr2l,c
  1591   002508  0E01               	movlw	high (_logs+8)
  1592   00250A  20F4               	addwfc	prodh,w,c
  1593   00250C  6EDA               	movwf	fsr2h,c
  1594   00250E  0E20               	movlw	32
  1595   002510  6EDF               	movwf	indf2,c
  1596                           
  1597                           ;main.c: 222: logs[log][9] = read_ext_eeprom((log * 10) + 6);
  1598   002512  5031               	movf	_log^0,w,c
  1599   002514  0D11               	mullw	17
  1600   002516  0E09               	movlw	low (_logs+9)
  1601   002518  24F3               	addwf	243,w,c
  1602   00251A  6ED9               	movwf	fsr2l,c
  1603   00251C  0E01               	movlw	high (_logs+9)
  1604   00251E  20F4               	addwfc	prodh,w,c
  1605   002520  6EDA               	movwf	fsr2h,c
  1606   002522  5031               	movf	_log^0,w,c
  1607   002524  0D0A               	mullw	10
  1608   002526  50F3               	movf	243,w,c
  1609   002528  0F06               	addlw	6
  1610   00252A  ECE9  F009         	call	_read_ext_eeprom
  1611   00252E  6EDF               	movwf	indf2,c
  1612                           
  1613                           ;main.c: 223: logs[log][10] = read_ext_eeprom((log * 10) + 7);
  1614   002530  5031               	movf	_log^0,w,c
  1615   002532  0D11               	mullw	17
  1616   002534  0E0A               	movlw	low (_logs+10)
  1617   002536  24F3               	addwf	243,w,c
  1618   002538  6ED9               	movwf	fsr2l,c
  1619   00253A  0E01               	movlw	high (_logs+10)
  1620   00253C  20F4               	addwfc	prodh,w,c
  1621   00253E  6EDA               	movwf	fsr2h,c
  1622   002540  5031               	movf	_log^0,w,c
  1623   002542  0D0A               	mullw	10
  1624   002544  50F3               	movf	243,w,c
  1625   002546  0F07               	addlw	7
  1626   002548  ECE9  F009         	call	_read_ext_eeprom
  1627   00254C  6EDF               	movwf	indf2,c
  1628                           
  1629                           ;main.c: 224: logs[log][11] = ' ';
  1630   00254E  5031               	movf	_log^0,w,c
  1631   002550  0D11               	mullw	17
  1632   002552  0E0B               	movlw	low (_logs+11)
  1633   002554  24F3               	addwf	243,w,c
  1634   002556  6ED9               	movwf	fsr2l,c
  1635   002558  0E01               	movlw	high (_logs+11)
  1636   00255A  20F4               	addwfc	prodh,w,c
  1637   00255C  6EDA               	movwf	fsr2h,c
  1638   00255E  0E20               	movlw	32
  1639   002560  6EDF               	movwf	indf2,c
  1640                           
  1641                           ;main.c: 226: logs[log][12] = read_ext_eeprom((log * 10) + 8);
  1642   002562  5031               	movf	_log^0,w,c
  1643   002564  0D11               	mullw	17
  1644   002566  0E0C               	movlw	low (_logs+12)
  1645   002568  24F3               	addwf	243,w,c
  1646   00256A  6ED9               	movwf	fsr2l,c
  1647   00256C  0E01               	movlw	high (_logs+12)
  1648   00256E  20F4               	addwfc	prodh,w,c
  1649   002570  6EDA               	movwf	fsr2h,c
  1650   002572  5031               	movf	_log^0,w,c
  1651   002574  0D0A               	mullw	10
  1652   002576  50F3               	movf	243,w,c
  1653   002578  0F08               	addlw	8
  1654   00257A  ECE9  F009         	call	_read_ext_eeprom
  1655   00257E  6EDF               	movwf	indf2,c
  1656                           
  1657                           ;main.c: 227: logs[log][13] = read_ext_eeprom((log * 10) + 9);
  1658   002580  5031               	movf	_log^0,w,c
  1659   002582  0D11               	mullw	17
  1660   002584  0E0D               	movlw	low (_logs+13)
  1661   002586  24F3               	addwf	243,w,c
  1662   002588  6ED9               	movwf	fsr2l,c
  1663   00258A  0E01               	movlw	high (_logs+13)
  1664   00258C  20F4               	addwfc	prodh,w,c
  1665   00258E  6EDA               	movwf	fsr2h,c
  1666   002590  5031               	movf	_log^0,w,c
  1667   002592  0D0A               	mullw	10
  1668   002594  50F3               	movf	243,w,c
  1669   002596  0F09               	addlw	9
  1670   002598  ECE9  F009         	call	_read_ext_eeprom
  1671   00259C  6EDF               	movwf	indf2,c
  1672                           
  1673                           ;main.c: 229: clcd_print("Log           ", (0x80 + (0)));
  1674   00259E  0E62               	movlw	low STR_15
  1675   0025A0  6E37               	movwf	clcd_print@data^0,c
  1676   0025A2  0E2F               	movlw	high STR_15
  1677   0025A4  6E38               	movwf	(clcd_print@data+1)^0,c
  1678   0025A6  0E80               	movlw	128
  1679   0025A8  6E39               	movwf	clcd_print@addr^0,c
  1680   0025AA  ECA3  F00B         	call	_clcd_print	;wreg free
  1681                           
  1682                           ;main.c: 230: clcd_putch(log + 48, (0xC0 + (0)));
  1683   0025AE  0EC0               	movlw	192
  1684   0025B0  6E43               	movwf	clcd_putch@addr^0,c
  1685   0025B2  5031               	movf	_log^0,w,c
  1686   0025B4  0F30               	addlw	48
  1687   0025B6  EC76  F009         	call	_clcd_putch
  1688                           
  1689                           ;main.c: 231: clcd_print(logs[log], (0xC0 + (2)));
  1690   0025BA  5031               	movf	_log^0,w,c
  1691   0025BC  0D11               	mullw	17
  1692   0025BE  0E00               	movlw	low _logs
  1693   0025C0  24F3               	addwf	243,w,c
  1694   0025C2  6E37               	movwf	clcd_print@data^0,c
  1695   0025C4  0E01               	movlw	high _logs
  1696   0025C6  20F4               	addwfc	prodh,w,c
  1697   0025C8  6E38               	movwf	(clcd_print@data+1)^0,c
  1698   0025CA  0EC2               	movlw	194
  1699   0025CC  6E39               	movwf	clcd_print@addr^0,c
  1700   0025CE  ECA3  F00B         	call	_clcd_print	;wreg free
  1701   0025D2                     l3502:
  1702                           
  1703                           ;main.c: 233: };main.c: 234: if (clear == 1) {
  1704   0025D2  0424               	decf	_clear^0,w,c
  1705   0025D4  1025               	iorwf	(_clear+1)^0,w,c
  1706   0025D6  A4D8               	btfss	status,2,c
  1707   0025D8  D02B               	goto	l3512
  1708                           
  1709                           ;main.c: 235: clcd_print("LOGS_ARE_CLEARED", (0x80 + (0)));
  1710   0025DA  0EFE               	movlw	low STR_14
  1711   0025DC  6E37               	movwf	clcd_print@data^0,c
  1712   0025DE  0E2E               	movlw	high STR_14
  1713   0025E0  6E38               	movwf	(clcd_print@data+1)^0,c
  1714   0025E2  0E80               	movlw	128
  1715   0025E4  6E39               	movwf	clcd_print@addr^0,c
  1716   0025E6  ECA3  F00B         	call	_clcd_print	;wreg free
  1717                           
  1718                           ;main.c: 236: clcd_print("               ", (0xC0 + (0)));
  1719   0025EA  0EA9               	movlw	low (STR_9+3)
  1720   0025EC  6E37               	movwf	clcd_print@data^0,c
  1721   0025EE  0E2E               	movlw	high (STR_9+3)
  1722   0025F0  6E38               	movwf	(clcd_print@data+1)^0,c
  1723   0025F2  0EC0               	movlw	192
  1724   0025F4  6E39               	movwf	clcd_print@addr^0,c
  1725   0025F6  ECA3  F00B         	call	_clcd_print	;wreg free
  1726   0025FA                     l3506:
  1727   0025FA  0EFF               	movlw	255
  1728   0025FC  0100               	movlb	0	; () banked
  1729   0025FE  27BC               	addwf	view_log@del& (0+255),f,b
  1730   002600  0EFF               	movlw	255
  1731   002602  23BD               	addwfc	(view_log@del+1)& (0+255),f,b
  1732   002604  0EFF               	movlw	255
  1733   002606  23BE               	addwfc	(view_log@del+2)& (0+255),f,b
  1734   002608  0EFF               	movlw	255
  1735   00260A  23BF               	addwfc	(view_log@del+3)& (0+255),f,b
  1736   00260C  29BC               	incf	view_log@del& (0+255),w,b
  1737   00260E  E1F5               	bnz	l3506
  1738   002610  29BD               	incf	(view_log@del+1)& (0+255),w,b
  1739   002612  E1F3               	bnz	l3506
  1740   002614  29BE               	incf	(view_log@del+2)& (0+255),w,b
  1741   002616  E1F1               	bnz	l3506
  1742   002618  29BF               	incf	(view_log@del+3)& (0+255),w,b
  1743   00261A  A4D8               	btfss	status,2,c
  1744   00261C  D7EE               	goto	l3506
  1745                           
  1746                           ; BSR set to: 0
  1747                           ;main.c: 238: clcd_write(0x01, 0);
  1748   00261E  0E00               	movlw	0
  1749   002620  6E35               	movwf	clcd_write@control_bit^0,c
  1750   002622  0E01               	movlw	1
  1751   002624  ECC0  F009         	call	_clcd_write
  1752                           
  1753                           ;main.c: 239: flag = 2;
  1754   002628  0E00               	movlw	0
  1755   00262A  6E23               	movwf	(_flag+1)^0,c
  1756   00262C  0E02               	movlw	2
  1757   00262E  6E22               	movwf	_flag^0,c
  1758   002630                     l3512:
  1759                           
  1760                           ;main.c: 240: };main.c: 241: if (view_key == 5) {
  1761   002630  0E05               	movlw	5
  1762   002632  180C               	xorwf	view_log@view_key^0,w,c
  1763   002634  100D               	iorwf	(view_log@view_key+1)^0,w,c
  1764   002636  A4D8               	btfss	status,2,c
  1765   002638  D002               	goto	l3516
  1766                           
  1767                           ;main.c: 242: view_select1++;
  1768   00263A  4A10               	infsnz	view_log@view_select1^0,f,c
  1769   00263C  2A11               	incf	(view_log@view_select1+1)^0,f,c
  1770   00263E                     l3516:
  1771                           
  1772                           ;main.c: 243: };main.c: 244: if (view_key == 6) {
  1773   00263E  0E06               	movlw	6
  1774   002640  180C               	xorwf	view_log@view_key^0,w,c
  1775   002642  100D               	iorwf	(view_log@view_key+1)^0,w,c
  1776   002644  A4D8               	btfss	status,2,c
  1777   002646  D010               	goto	l3524
  1778                           
  1779                           ;main.c: 245: view_select2++;
  1780   002648  4A0E               	infsnz	view_log@view_select2^0,f,c
  1781   00264A  2A0F               	incf	(view_log@view_select2+1)^0,f,c
  1782                           
  1783                           ;main.c: 246: if (view_select2 > 200) {
  1784   00264C  500F               	movf	(view_log@view_select2+1)^0,w,c
  1785   00264E  E104               	bnz	u2680
  1786   002650  0EC9               	movlw	201
  1787   002652  5C0E               	subwf	view_log@view_select2^0,w,c
  1788   002654  A0D8               	btfss	status,0,c
  1789   002656  D008               	goto	l3524
  1790   002658                     u2680:
  1791                           
  1792                           ;main.c: 247: flag = 2;
  1793   002658  0E00               	movlw	0
  1794   00265A  6E23               	movwf	(_flag+1)^0,c
  1795   00265C  0E02               	movlw	2
  1796   00265E  6E22               	movwf	_flag^0,c
  1797                           
  1798                           ;main.c: 248: view_select2 = 0;
  1799   002660  0E00               	movlw	0
  1800   002662  6E0F               	movwf	(view_log@view_select2+1)^0,c
  1801   002664  0E00               	movlw	0
  1802   002666  6E0E               	movwf	view_log@view_select2^0,c
  1803   002668                     l3524:
  1804                           
  1805                           ;main.c: 249: };main.c: 250: };main.c: 251: if (view_select1 < 200 && view_select1 > 0 &
      +                          & view_key == 0xFF) {
  1806   002668  5011               	movf	(view_log@view_select1+1)^0,w,c
  1807   00266A  E115               	bnz	l3536
  1808   00266C  0EC8               	movlw	200
  1809   00266E  5C10               	subwf	view_log@view_select1^0,w,c
  1810   002670  B0D8               	btfsc	status,0,c
  1811   002672  D011               	goto	l3536
  1812   002674  5010               	movf	view_log@view_select1^0,w,c
  1813   002676  1011               	iorwf	(view_log@view_select1+1)^0,w,c
  1814   002678  B4D8               	btfsc	status,2,c
  1815   00267A  D00D               	goto	l3536
  1816   00267C  280C               	incf	view_log@view_key^0,w,c
  1817   00267E  100D               	iorwf	(view_log@view_key+1)^0,w,c
  1818   002680  A4D8               	btfss	status,2,c
  1819   002682  D009               	goto	l3536
  1820                           
  1821                           ;main.c: 253: view_select1 = 0;
  1822   002684  0E00               	movlw	0
  1823   002686  6E11               	movwf	(view_log@view_select1+1)^0,c
  1824   002688  0E00               	movlw	0
  1825   00268A  6E10               	movwf	view_log@view_select1^0,c
  1826                           
  1827                           ;main.c: 254: if (log < 9)
  1828   00268C  0E09               	movlw	9
  1829   00268E  6031               	cpfslt	_log^0,c
  1830   002690  D010               	goto	l3542
  1831                           
  1832                           ;main.c: 255: log++;
  1833   002692  2A31               	incf	_log^0,f,c
  1834   002694  D00E               	goto	l3542
  1835   002696                     l3536:
  1836   002696  5011               	movf	(view_log@view_select1+1)^0,w,c
  1837   002698  E104               	bnz	u2730
  1838   00269A  0EC9               	movlw	201
  1839   00269C  5C10               	subwf	view_log@view_select1^0,w,c
  1840   00269E  A0D8               	btfss	status,0,c
  1841   0026A0  D008               	goto	l3542
  1842   0026A2                     u2730:
  1843   0026A2  280C               	incf	view_log@view_key^0,w,c
  1844   0026A4  100D               	iorwf	(view_log@view_key+1)^0,w,c
  1845   0026A6  A4D8               	btfss	status,2,c
  1846   0026A8  D004               	goto	l3542
  1847                           
  1848                           ;main.c: 257: view_select1 = 0;
  1849   0026AA  0E00               	movlw	0
  1850   0026AC  6E11               	movwf	(view_log@view_select1+1)^0,c
  1851   0026AE  0E00               	movlw	0
  1852   0026B0  6E10               	movwf	view_log@view_select1^0,c
  1853   0026B2                     l3542:
  1854                           
  1855                           ;main.c: 258: };main.c: 259: if (view_select2 < 200 && view_select2 > 0 && view_key == 0
      +                          xFF) {
  1856   0026B2  500F               	movf	(view_log@view_select2+1)^0,w,c
  1857   0026B4  E113               	bnz	l3552
  1858   0026B6  0EC8               	movlw	200
  1859   0026B8  5C0E               	subwf	view_log@view_select2^0,w,c
  1860   0026BA  B0D8               	btfsc	status,0,c
  1861   0026BC  D00F               	goto	l3552
  1862   0026BE  500E               	movf	view_log@view_select2^0,w,c
  1863   0026C0  100F               	iorwf	(view_log@view_select2+1)^0,w,c
  1864   0026C2  B4D8               	btfsc	status,2,c
  1865   0026C4  D00B               	goto	l3552
  1866   0026C6  280C               	incf	view_log@view_key^0,w,c
  1867   0026C8  100D               	iorwf	(view_log@view_key+1)^0,w,c
  1868   0026CA  A4D8               	btfss	status,2,c
  1869   0026CC  D007               	goto	l3552
  1870                           
  1871                           ;main.c: 260: view_select2 = 0;
  1872   0026CE  0E00               	movlw	0
  1873   0026D0  6E0F               	movwf	(view_log@view_select2+1)^0,c
  1874   0026D2  0E00               	movlw	0
  1875   0026D4  6E0E               	movwf	view_log@view_select2^0,c
  1876                           
  1877                           ;main.c: 261: if (log >= 1)
  1878   0026D6  5031               	movf	_log^0,w,c
  1879   0026D8  A4D8               	btfss	status,2,c
  1880                           
  1881                           ;main.c: 262: log--;
  1882   0026DA  0631               	decf	_log^0,f,c
  1883   0026DC                     l3552:
  1884                           
  1885                           ;main.c: 264: };main.c: 265: if (view_select2 > 200 && view_key == 0xFF) {
  1886   0026DC  500F               	movf	(view_log@view_select2+1)^0,w,c
  1887   0026DE  E104               	bnz	u2790
  1888   0026E0  0EC9               	movlw	201
  1889   0026E2  5C0E               	subwf	view_log@view_select2^0,w,c
  1890   0026E4  A0D8               	btfss	status,0,c
  1891   0026E6  0012               	return	
  1892   0026E8                     u2790:
  1893   0026E8  280C               	incf	view_log@view_key^0,w,c
  1894   0026EA  100D               	iorwf	(view_log@view_key+1)^0,w,c
  1895   0026EC  A4D8               	btfss	status,2,c
  1896   0026EE  0012               	return	
  1897                           
  1898                           ;main.c: 266: clcd_write(0x01, 0);
  1899   0026F0  0E00               	movlw	0
  1900   0026F2  6E35               	movwf	clcd_write@control_bit^0,c
  1901   0026F4  0E01               	movlw	1
  1902   0026F6  ECC0  F009         	call	_clcd_write
  1903                           
  1904                           ;main.c: 267: flag = 2;
  1905   0026FA  0E00               	movlw	0
  1906   0026FC  6E23               	movwf	(_flag+1)^0,c
  1907   0026FE  0E02               	movlw	2
  1908   002700  6E22               	movwf	_flag^0,c
  1909                           
  1910                           ;main.c: 268: view_select2 = 0;
  1911   002702  0E00               	movlw	0
  1912   002704  6E0F               	movwf	(view_log@view_select2+1)^0,c
  1913   002706  0E00               	movlw	0
  1914   002708  6E0E               	movwf	view_log@view_select2^0,c
  1915   00270A  0012               	return		;funcret
  1916   00270C                     __end_of_view_log:
  1917                           	callstack 0
  1918                           
  1919 ;; *************** function _set_time *****************
  1920 ;; Defined at:
  1921 ;;		line 37 in file "main.c"
  1922 ;; Parameters:    Size  Location     Type
  1923 ;;		None
  1924 ;; Auto vars:     Size  Location     Type
  1925 ;;  blink           2   20[COMRAM] int 
  1926 ;;  change_time     1   26[COMRAM] PTR unsigned char 
  1927 ;;		 -> time(9), 
  1928 ;;  set_time_key    1   25[COMRAM] unsigned char 
  1929 ;;  sec             1   24[COMRAM] unsigned char 
  1930 ;;  min             1   23[COMRAM] unsigned char 
  1931 ;;  hour            1   22[COMRAM] unsigned char 
  1932 ;; Return value:  Size  Location     Type
  1933 ;;                  1    wreg      void 
  1934 ;; Registers used:
  1935 ;;		wreg, fsr0l, fsr0h, fsr2l, fsr2h, status,2, status,0, tblptrl, tblptrh, tblptru, cstack
  1936 ;; Tracked objects:
  1937 ;;		On entry : 0/0
  1938 ;;		On exit  : 0/0
  1939 ;;		Unchanged: 0/0
  1940 ;; Data sizes:     COMRAM   BANK0   BANK1   BANK2   BANK3   BANK4   BANK5
  1941 ;;      Params:         0       0       0       0       0       0       0
  1942 ;;      Locals:         7       0       0       0       0       0       0
  1943 ;;      Temps:          4       0       0       0       0       0       0
  1944 ;;      Totals:        11       0       0       0       0       0       0
  1945 ;;Total ram usage:       11 bytes
  1946 ;; Hardware stack levels used: 1
  1947 ;; Hardware stack levels required when called: 3
  1948 ;; This function calls:
  1949 ;;		___lwmod
  1950 ;;		_clcd_print
  1951 ;;		_clcd_putch
  1952 ;;		_clcd_write
  1953 ;;		_read_switches
  1954 ;;		_write_ds1307
  1955 ;; This function is called by:
  1956 ;;		_setting_log
  1957 ;; This function uses a non-reentrant model
  1958 ;;
  1959                           
  1960                           	psect	text3
  1961   002A26                     __ptext3:
  1962                           	callstack 0
  1963   002A26                     _set_time:
  1964                           	callstack 26
  1965                           
  1966                           ;incstack = 0
  1967   002A26  0E00               	movlw	0
  1968   002A28  6E4C               	movwf	set_time@min^0,c
  1969   002A2A  0E00               	movlw	0
  1970   002A2C  6E4D               	movwf	set_time@sec^0,c
  1971                           
  1972                           ;main.c: 39: unsigned static change;;main.c: 40: static long int delay;;main.c: 41: int 
      +                          blink = 0;
  1973   002A2E  0E00               	movlw	0
  1974   002A30  6E4A               	movwf	(set_time@blink+1)^0,c
  1975   002A32  0E00               	movlw	0
  1976   002A34  6E49               	movwf	set_time@blink^0,c
  1977                           
  1978                           ;main.c: 42: unsigned char *change_time = time;
  1979   002A36  0E9E               	movlw	low _time
  1980   002A38  6E4F               	movwf	set_time@change_time^0,c
  1981                           
  1982                           ;main.c: 43: unsigned static int val1 = 0, val2 = 0;;main.c: 44: unsigned char set_time_
      +                          key = read_switches(0);
  1983   002A3A  0E00               	movlw	0
  1984   002A3C  EC4D  F00A         	call	_read_switches
  1985   002A40  6E4E               	movwf	set_time@set_time_key^0,c
  1986                           
  1987                           ;main.c: 45: clcd_print("ENTER NEW TIME", (0x80 + (0)));
  1988   002A42  0E9E               	movlw	low STR_7
  1989   002A44  6E37               	movwf	clcd_print@data^0,c
  1990   002A46  0E2F               	movlw	high STR_7
  1991   002A48  6E38               	movwf	(clcd_print@data+1)^0,c
  1992   002A4A  0E80               	movlw	128
  1993   002A4C  6E39               	movwf	clcd_print@addr^0,c
  1994   002A4E  ECA3  F00B         	call	_clcd_print	;wreg free
  1995                           
  1996                           ;main.c: 46: clcd_print(time, (0xC0 + (0)));
  1997   002A52  0E9E               	movlw	low _time
  1998   002A54  6E37               	movwf	clcd_print@data^0,c
  1999   002A56  6A38               	clrf	(clcd_print@data+1)^0,c
  2000   002A58  0EC0               	movlw	192
  2001   002A5A  6E39               	movwf	clcd_print@addr^0,c
  2002   002A5C  ECA3  F00B         	call	_clcd_print	;wreg free
  2003                           
  2004                           ;main.c: 47: switch (change) {
  2005   002A60  D080               	goto	l3308
  2006   002A62                     l3288:
  2007                           
  2008                           ;main.c: 49: if (blink++ < 15000) {
  2009   002A62  5049               	movf	set_time@blink^0,w,c
  2010   002A64  6E45               	movwf	??_set_time^0,c
  2011   002A66  504A               	movf	(set_time@blink+1)^0,w,c
  2012   002A68  6E46               	movwf	(??_set_time+1)^0,c
  2013   002A6A  4A49               	infsnz	set_time@blink^0,f,c
  2014   002A6C  2A4A               	incf	(set_time@blink+1)^0,f,c
  2015   002A6E  BE46               	btfsc	(??_set_time+1)^0,7,c
  2016   002A70  D006               	goto	u2300
  2017   002A72  0E98               	movlw	152
  2018   002A74  5C45               	subwf	??_set_time^0,w,c
  2019   002A76  0E3A               	movlw	58
  2020   002A78  5846               	subwfb	(??_set_time+1)^0,w,c
  2021   002A7A  B0D8               	btfsc	status,0,c
  2022   002A7C  D00B               	goto	l3292
  2023   002A7E                     u2300:
  2024                           
  2025                           ;main.c: 50: clcd_putch('_', (0xC0 + (0)));
  2026   002A7E  0EC0               	movlw	192
  2027   002A80  6E43               	movwf	clcd_putch@addr^0,c
  2028   002A82  0E5F               	movlw	95
  2029   002A84  EC76  F009         	call	_clcd_putch
  2030                           
  2031                           ;main.c: 51: clcd_putch('_', (0xC0 + (1)));
  2032   002A88  0EC1               	movlw	193
  2033   002A8A  6E43               	movwf	clcd_putch@addr^0,c
  2034   002A8C  0E5F               	movlw	95
  2035   002A8E  EC76  F009         	call	_clcd_putch
  2036                           
  2037                           ;main.c: 52: } else {
  2038   002A92  D079               	goto	l3310
  2039   002A94                     l3292:
  2040                           
  2041                           ;main.c: 53: clcd_putch(' ', (0xC0 + (0)));
  2042   002A94  0EC0               	movlw	192
  2043   002A96  6E43               	movwf	clcd_putch@addr^0,c
  2044   002A98  0E20               	movlw	32
  2045   002A9A  EC76  F009         	call	_clcd_putch
  2046                           
  2047                           ;main.c: 54: clcd_putch(' ', (0xC0 + (1)));
  2048   002A9E  0EC1               	movlw	193
  2049   002AA0  6E43               	movwf	clcd_putch@addr^0,c
  2050   002AA2  0E20               	movlw	32
  2051   002AA4  EC76  F009         	call	_clcd_putch
  2052   002AA8  D06E               	goto	l3310
  2053   002AAA                     l3294:
  2054                           
  2055                           ;main.c: 58: if (delay++ < 15000) {
  2056   002AAA  C005  F045         	movff	set_time@delay,??_set_time
  2057   002AAE  C006  F046         	movff	set_time@delay+1,??_set_time+1
  2058   002AB2  C007  F047         	movff	set_time@delay+2,??_set_time+2
  2059   002AB6  C008  F048         	movff	set_time@delay+3,??_set_time+3
  2060   002ABA  2A05               	incf	set_time@delay^0,f,c
  2061   002ABC  0E00               	movlw	0
  2062   002ABE  2206               	addwfc	(set_time@delay+1)^0,f,c
  2063   002AC0  2207               	addwfc	(set_time@delay+2)^0,f,c
  2064   002AC2  2208               	addwfc	(set_time@delay+3)^0,f,c
  2065   002AC4  BE48               	btfsc	(??_set_time+3)^0,7,c
  2066   002AC6  D009               	goto	u2310
  2067   002AC8  5048               	movf	(??_set_time+3)^0,w,c
  2068   002ACA  1047               	iorwf	(??_set_time+2)^0,w,c
  2069   002ACC  E111               	bnz	l3298
  2070   002ACE  0E98               	movlw	152
  2071   002AD0  5C45               	subwf	??_set_time^0,w,c
  2072   002AD2  0E3A               	movlw	58
  2073   002AD4  5846               	subwfb	(??_set_time+1)^0,w,c
  2074   002AD6  B0D8               	btfsc	status,0,c
  2075   002AD8  D00B               	goto	l3298
  2076   002ADA                     u2310:
  2077                           
  2078                           ;main.c: 59: clcd_putch('_', (0xC0 + (3)));
  2079   002ADA  0EC3               	movlw	195
  2080   002ADC  6E43               	movwf	clcd_putch@addr^0,c
  2081   002ADE  0E5F               	movlw	95
  2082   002AE0  EC76  F009         	call	_clcd_putch
  2083                           
  2084                           ;main.c: 60: clcd_putch('_', (0xC0 + (4)));
  2085   002AE4  0EC4               	movlw	196
  2086   002AE6  6E43               	movwf	clcd_putch@addr^0,c
  2087   002AE8  0E5F               	movlw	95
  2088   002AEA  EC76  F009         	call	_clcd_putch
  2089                           
  2090                           ;main.c: 61: } else {
  2091   002AEE  D04B               	goto	l3310
  2092   002AF0                     l3298:
  2093                           
  2094                           ;main.c: 62: clcd_putch(' ', (0xC0 + (3)));
  2095   002AF0  0EC3               	movlw	195
  2096   002AF2  6E43               	movwf	clcd_putch@addr^0,c
  2097   002AF4  0E20               	movlw	32
  2098   002AF6  EC76  F009         	call	_clcd_putch
  2099                           
  2100                           ;main.c: 63: clcd_putch(' ', (0xC0 + (4)));
  2101   002AFA  0EC4               	movlw	196
  2102   002AFC  6E43               	movwf	clcd_putch@addr^0,c
  2103   002AFE  0E20               	movlw	32
  2104   002B00  EC76  F009         	call	_clcd_putch
  2105   002B04  D040               	goto	l3310
  2106   002B06                     l3300:
  2107                           
  2108                           ;main.c: 67: if (delay++ < 15000) {
  2109   002B06  C005  F045         	movff	set_time@delay,??_set_time
  2110   002B0A  C006  F046         	movff	set_time@delay+1,??_set_time+1
  2111   002B0E  C007  F047         	movff	set_time@delay+2,??_set_time+2
  2112   002B12  C008  F048         	movff	set_time@delay+3,??_set_time+3
  2113   002B16  2A05               	incf	set_time@delay^0,f,c
  2114   002B18  0E00               	movlw	0
  2115   002B1A  2206               	addwfc	(set_time@delay+1)^0,f,c
  2116   002B1C  2207               	addwfc	(set_time@delay+2)^0,f,c
  2117   002B1E  2208               	addwfc	(set_time@delay+3)^0,f,c
  2118   002B20  BE48               	btfsc	(??_set_time+3)^0,7,c
  2119   002B22  D009               	goto	u2320
  2120   002B24  5048               	movf	(??_set_time+3)^0,w,c
  2121   002B26  1047               	iorwf	(??_set_time+2)^0,w,c
  2122   002B28  E111               	bnz	l3304
  2123   002B2A  0E98               	movlw	152
  2124   002B2C  5C45               	subwf	??_set_time^0,w,c
  2125   002B2E  0E3A               	movlw	58
  2126   002B30  5846               	subwfb	(??_set_time+1)^0,w,c
  2127   002B32  B0D8               	btfsc	status,0,c
  2128   002B34  D00B               	goto	l3304
  2129   002B36                     u2320:
  2130                           
  2131                           ;main.c: 68: clcd_putch('_', (0xC0 + (6)));
  2132   002B36  0EC6               	movlw	198
  2133   002B38  6E43               	movwf	clcd_putch@addr^0,c
  2134   002B3A  0E5F               	movlw	95
  2135   002B3C  EC76  F009         	call	_clcd_putch
  2136                           
  2137                           ;main.c: 69: clcd_putch('_', (0xC0 + (7)));
  2138   002B40  0EC7               	movlw	199
  2139   002B42  6E43               	movwf	clcd_putch@addr^0,c
  2140   002B44  0E5F               	movlw	95
  2141   002B46  EC76  F009         	call	_clcd_putch
  2142                           
  2143                           ;main.c: 70: } else {
  2144   002B4A  D01D               	goto	l3310
  2145   002B4C                     l3304:
  2146                           
  2147                           ;main.c: 71: clcd_putch(' ', (0xC0 + (6)));
  2148   002B4C  0EC6               	movlw	198
  2149   002B4E  6E43               	movwf	clcd_putch@addr^0,c
  2150   002B50  0E20               	movlw	32
  2151   002B52  EC76  F009         	call	_clcd_putch
  2152                           
  2153                           ;main.c: 72: clcd_putch(' ', (0xC0 + (7)));
  2154   002B56  0EC7               	movlw	199
  2155   002B58  6E43               	movwf	clcd_putch@addr^0,c
  2156   002B5A  0E20               	movlw	32
  2157   002B5C  EC76  F009         	call	_clcd_putch
  2158   002B60  D012               	goto	l3310
  2159   002B62                     l3308:
  2160   002B62  C016  F045         	movff	set_time@change,??_set_time
  2161   002B66  C017  F046         	movff	set_time@change+1,??_set_time+1
  2162                           
  2163                           ; Switch on 2 bytes has been partitioned into a top level switch of size 1, and 1 sub-sw
      +                          itches
  2164                           ; Switch size 1, requested type "simple"
  2165                           ; Number of cases is 1, Range of values is 0 to 0
  2166                           ; switch strategies available:
  2167                           ; Name         Instructions Cycles
  2168                           ; simple_byte            4     3 (average)
  2169                           ;	Chosen strategy is simple_byte
  2170   002B6A  5046               	movf	(??_set_time+1)^0,w,c
  2171   002B6C  0A00               	xorlw	0	; case 0
  2172   002B6E  A4D8               	btfss	status,2,c
  2173   002B70  D00A               	goto	l3310
  2174                           
  2175                           ; Switch size 1, requested type "simple"
  2176                           ; Number of cases is 3, Range of values is 0 to 2
  2177                           ; switch strategies available:
  2178                           ; Name         Instructions Cycles
  2179                           ; simple_byte           10     6 (average)
  2180                           ;	Chosen strategy is simple_byte
  2181   002B72  5045               	movf	??_set_time^0,w,c
  2182   002B74  0A00               	xorlw	0	; case 0
  2183   002B76  B4D8               	btfsc	status,2,c
  2184   002B78  D774               	goto	l3288
  2185   002B7A  0A01               	xorlw	1	; case 1
  2186   002B7C  B4D8               	btfsc	status,2,c
  2187   002B7E  D795               	goto	l3294
  2188   002B80  0A03               	xorlw	3	; case 2
  2189   002B82  B4D8               	btfsc	status,2,c
  2190   002B84  D7C0               	goto	l3300
  2191   002B86                     l3310:
  2192                           
  2193                           ;main.c: 76: if (set_time_key == 6) {
  2194   002B86  0E06               	movlw	6
  2195   002B88  184E               	xorwf	set_time@set_time_key^0,w,c
  2196   002B8A  A4D8               	btfss	status,2,c
  2197   002B8C  D002               	goto	l3314
  2198                           
  2199                           ;main.c: 77: val1++;
  2200   002B8E  4A14               	infsnz	set_time@val1^0,f,c
  2201   002B90  2A15               	incf	(set_time@val1+1)^0,f,c
  2202   002B92                     l3314:
  2203                           
  2204                           ;main.c: 78: };main.c: 79: if (set_time_key == 5) {
  2205   002B92  0E05               	movlw	5
  2206   002B94  184E               	xorwf	set_time@set_time_key^0,w,c
  2207   002B96  A4D8               	btfss	status,2,c
  2208   002B98  D002               	goto	l3318
  2209                           
  2210                           ;main.c: 80: val2++;
  2211   002B9A  4A12               	infsnz	set_time@val2^0,f,c
  2212   002B9C  2A13               	incf	(set_time@val2+1)^0,f,c
  2213   002B9E                     l3318:
  2214                           
  2215                           ;main.c: 81: };main.c: 82: if (val1 < 200 && val1 > 0 && set_time_key == 0xFF) {
  2216   002B9E  5015               	movf	(set_time@val1+1)^0,w,c
  2217   002BA0  E120               	bnz	l3330
  2218   002BA2  0EC8               	movlw	200
  2219   002BA4  5C14               	subwf	set_time@val1^0,w,c
  2220   002BA6  B0D8               	btfsc	status,0,c
  2221   002BA8  D01C               	goto	l3330
  2222   002BAA  5014               	movf	set_time@val1^0,w,c
  2223   002BAC  1015               	iorwf	(set_time@val1+1)^0,w,c
  2224   002BAE  B4D8               	btfsc	status,2,c
  2225   002BB0  D018               	goto	l3330
  2226   002BB2  284E               	incf	set_time@set_time_key^0,w,c
  2227   002BB4  A4D8               	btfss	status,2,c
  2228   002BB6  D015               	goto	l3330
  2229                           
  2230                           ;main.c: 83: val1 = 0;
  2231   002BB8  0E00               	movlw	0
  2232   002BBA  6E15               	movwf	(set_time@val1+1)^0,c
  2233   002BBC  0E00               	movlw	0
  2234   002BBE  6E14               	movwf	set_time@val1^0,c
  2235                           
  2236                           ;main.c: 85: change++;
  2237   002BC0  4A16               	infsnz	set_time@change^0,f,c
  2238   002BC2  2A17               	incf	(set_time@change+1)^0,f,c
  2239                           
  2240                           ;main.c: 86: change = change % 3;
  2241   002BC4  C016  F035         	movff	set_time@change,___lwmod@dividend
  2242   002BC8  C017  F036         	movff	set_time@change+1,___lwmod@dividend+1
  2243   002BCC  0E00               	movlw	0
  2244   002BCE  6E38               	movwf	(___lwmod@divisor+1)^0,c
  2245   002BD0  0E03               	movlw	3
  2246   002BD2  6E37               	movwf	___lwmod@divisor^0,c
  2247   002BD4  ECCA  F00A         	call	___lwmod	;wreg free
  2248   002BD8  C035  F016         	movff	?___lwmod,set_time@change
  2249   002BDC  C036  F017         	movff	?___lwmod+1,set_time@change+1
  2250                           
  2251                           ;main.c: 87: } else if (val1 > 200 && set_time_key == 0xFF) {
  2252   002BE0  D011               	goto	l3336
  2253   002BE2                     l3330:
  2254   002BE2  5015               	movf	(set_time@val1+1)^0,w,c
  2255   002BE4  E104               	bnz	u2380
  2256   002BE6  0EC9               	movlw	201
  2257   002BE8  5C14               	subwf	set_time@val1^0,w,c
  2258   002BEA  A0D8               	btfss	status,0,c
  2259   002BEC  D00B               	goto	l3336
  2260   002BEE                     u2380:
  2261   002BEE  284E               	incf	set_time@set_time_key^0,w,c
  2262   002BF0  A4D8               	btfss	status,2,c
  2263   002BF2  D008               	goto	l3336
  2264                           
  2265                           ;main.c: 88: val1 = 0;
  2266   002BF4  0E00               	movlw	0
  2267   002BF6  6E15               	movwf	(set_time@val1+1)^0,c
  2268   002BF8  0E00               	movlw	0
  2269   002BFA  6E14               	movwf	set_time@val1^0,c
  2270                           
  2271                           ;main.c: 89: flag = 2;
  2272   002BFC  0E00               	movlw	0
  2273   002BFE  6E23               	movwf	(_flag+1)^0,c
  2274   002C00  0E02               	movlw	2
  2275   002C02  6E22               	movwf	_flag^0,c
  2276   002C04                     l3336:
  2277                           
  2278                           ;main.c: 90: };main.c: 91: if (val2 < 200 && val2 > 0 && set_time_key == 0xFF) {
  2279   002C04  5013               	movf	(set_time@val2+1)^0,w,c
  2280   002C06  E103               	bnz	u2401
  2281   002C08  0EC8               	movlw	200
  2282   002C0A  5C12               	subwf	set_time@val2^0,w,c
  2283   002C0C  B0D8               	btfsc	status,0,c
  2284   002C0E                     u2401:
  2285   002C0E  D0B4               	goto	l3372
  2286   002C10  5012               	movf	set_time@val2^0,w,c
  2287   002C12  1013               	iorwf	(set_time@val2+1)^0,w,c
  2288   002C14  B4D8               	btfsc	status,2,c
  2289   002C16  D0B0               	goto	l3372
  2290   002C18  284E               	incf	set_time@set_time_key^0,w,c
  2291   002C1A  A4D8               	btfss	status,2,c
  2292   002C1C  D0AD               	goto	l3372
  2293                           
  2294                           ;main.c: 92: val2 = 0;
  2295   002C1E  0E00               	movlw	0
  2296   002C20  6E13               	movwf	(set_time@val2+1)^0,c
  2297   002C22  0E00               	movlw	0
  2298   002C24  6E12               	movwf	set_time@val2^0,c
  2299                           
  2300                           ;main.c: 93: if (change == 0) {
  2301   002C26  5016               	movf	set_time@change^0,w,c
  2302   002C28  1017               	iorwf	(set_time@change+1)^0,w,c
  2303   002C2A  A4D8               	btfss	status,2,c
  2304   002C2C  D036               	goto	l3356
  2305                           
  2306                           ;main.c: 94: change_time[1]++;
  2307   002C2E  504F               	movf	set_time@change_time^0,w,c
  2308   002C30  6ED9               	movwf	fsr2l,c
  2309   002C32  6ADA               	clrf	fsr2h,c
  2310   002C34  0E01               	movlw	1
  2311   002C36  26D9               	addwf	fsr2l,f,c
  2312   002C38  2ADF               	incf	indf2,f,c
  2313                           
  2314                           ;main.c: 95: if (change_time[1] > '9') {
  2315   002C3A  504F               	movf	set_time@change_time^0,w,c
  2316   002C3C  6ED9               	movwf	fsr2l,c
  2317   002C3E  6ADA               	clrf	fsr2h,c
  2318   002C40  0E01               	movlw	1
  2319   002C42  26D9               	addwf	fsr2l,f,c
  2320   002C44  0E39               	movlw	57
  2321   002C46  64DF               	cpfsgt	indf2,c
  2322   002C48  D00B               	goto	l311
  2323                           
  2324                           ;main.c: 96: change_time[1] = '0';
  2325   002C4A  504F               	movf	set_time@change_time^0,w,c
  2326   002C4C  6ED9               	movwf	fsr2l,c
  2327   002C4E  6ADA               	clrf	fsr2h,c
  2328   002C50  0E01               	movlw	1
  2329   002C52  26D9               	addwf	fsr2l,f,c
  2330   002C54  0E30               	movlw	48
  2331   002C56  6EDF               	movwf	indf2,c
  2332                           
  2333                           ;main.c: 97: change_time[0]++;
  2334   002C58  504F               	movf	set_time@change_time^0,w,c
  2335   002C5A  6ED9               	movwf	fsr2l,c
  2336   002C5C  6ADA               	clrf	fsr2h,c
  2337   002C5E  2ADF               	incf	indf2,f,c
  2338   002C60                     l311:
  2339                           
  2340                           ;main.c: 98: };main.c: 99: if (change_time[0] == '2' && change_time[1] == '4') {
  2341   002C60  504F               	movf	set_time@change_time^0,w,c
  2342   002C62  6ED9               	movwf	fsr2l,c
  2343   002C64  6ADA               	clrf	fsr2h,c
  2344   002C66  0E32               	movlw	50
  2345   002C68  18DE               	xorwf	postinc2,w,c
  2346   002C6A  A4D8               	btfss	status,2,c
  2347   002C6C  0012               	return	
  2348   002C6E  504F               	movf	set_time@change_time^0,w,c
  2349   002C70  6ED9               	movwf	fsr2l,c
  2350   002C72  6ADA               	clrf	fsr2h,c
  2351   002C74  0E01               	movlw	1
  2352   002C76  26D9               	addwf	fsr2l,f,c
  2353   002C78  0E34               	movlw	52
  2354   002C7A  18DE               	xorwf	postinc2,w,c
  2355   002C7C  A4D8               	btfss	status,2,c
  2356   002C7E  0012               	return	
  2357                           
  2358                           ;main.c: 100: change_time[0] = '0';
  2359   002C80  504F               	movf	set_time@change_time^0,w,c
  2360   002C82  6ED9               	movwf	fsr2l,c
  2361   002C84  6ADA               	clrf	fsr2h,c
  2362   002C86  0E30               	movlw	48
  2363   002C88  6EDF               	movwf	indf2,c
  2364                           
  2365                           ;main.c: 101: change_time[1] = '0';
  2366   002C8A  504F               	movf	set_time@change_time^0,w,c
  2367   002C8C  6ED9               	movwf	fsr2l,c
  2368   002C8E  6ADA               	clrf	fsr2h,c
  2369   002C90  0E01               	movlw	1
  2370   002C92  26D9               	addwf	fsr2l,f,c
  2371   002C94  0E30               	movlw	48
  2372   002C96  6EDF               	movwf	indf2,c
  2373   002C98  0012               	return	
  2374   002C9A                     l3356:
  2375   002C9A  0416               	decf	set_time@change^0,w,c
  2376   002C9C  1017               	iorwf	(set_time@change+1)^0,w,c
  2377   002C9E  A4D8               	btfss	status,2,c
  2378   002CA0  D033               	goto	l3364
  2379                           
  2380                           ;main.c: 105: change_time[4]++;
  2381   002CA2  504F               	movf	set_time@change_time^0,w,c
  2382   002CA4  6ED9               	movwf	fsr2l,c
  2383   002CA6  6ADA               	clrf	fsr2h,c
  2384   002CA8  0E04               	movlw	4
  2385   002CAA  26D9               	addwf	fsr2l,f,c
  2386   002CAC  2ADF               	incf	indf2,f,c
  2387                           
  2388                           ;main.c: 106: if (change_time[4] > '9') {
  2389   002CAE  504F               	movf	set_time@change_time^0,w,c
  2390   002CB0  6ED9               	movwf	fsr2l,c
  2391   002CB2  6ADA               	clrf	fsr2h,c
  2392   002CB4  0E04               	movlw	4
  2393   002CB6  26D9               	addwf	fsr2l,f,c
  2394   002CB8  0E39               	movlw	57
  2395   002CBA  64DF               	cpfsgt	indf2,c
  2396   002CBC  D00D               	goto	l315
  2397                           
  2398                           ;main.c: 107: change_time[4] = '0';
  2399   002CBE  504F               	movf	set_time@change_time^0,w,c
  2400   002CC0  6ED9               	movwf	fsr2l,c
  2401   002CC2  6ADA               	clrf	fsr2h,c
  2402   002CC4  0E04               	movlw	4
  2403   002CC6  26D9               	addwf	fsr2l,f,c
  2404   002CC8  0E30               	movlw	48
  2405   002CCA  6EDF               	movwf	indf2,c
  2406                           
  2407                           ;main.c: 108: change_time[3]++;
  2408   002CCC  504F               	movf	set_time@change_time^0,w,c
  2409   002CCE  6ED9               	movwf	fsr2l,c
  2410   002CD0  6ADA               	clrf	fsr2h,c
  2411   002CD2  0E03               	movlw	3
  2412   002CD4  26D9               	addwf	fsr2l,f,c
  2413   002CD6  2ADF               	incf	indf2,f,c
  2414   002CD8                     l315:
  2415                           
  2416                           ;main.c: 109: };main.c: 110: if (change_time[3] == '6') {
  2417   002CD8  504F               	movf	set_time@change_time^0,w,c
  2418   002CDA  6ED9               	movwf	fsr2l,c
  2419   002CDC  6ADA               	clrf	fsr2h,c
  2420   002CDE  0E03               	movlw	3
  2421   002CE0  26D9               	addwf	fsr2l,f,c
  2422   002CE2  0E36               	movlw	54
  2423   002CE4  18DE               	xorwf	postinc2,w,c
  2424   002CE6  A4D8               	btfss	status,2,c
  2425   002CE8  0012               	return	
  2426                           
  2427                           ;main.c: 111: change_time[3] = '0';
  2428   002CEA  504F               	movf	set_time@change_time^0,w,c
  2429   002CEC  6ED9               	movwf	fsr2l,c
  2430   002CEE  6ADA               	clrf	fsr2h,c
  2431   002CF0  0E03               	movlw	3
  2432   002CF2  26D9               	addwf	fsr2l,f,c
  2433   002CF4  0E30               	movlw	48
  2434   002CF6  6EDF               	movwf	indf2,c
  2435                           
  2436                           ;main.c: 112: change_time[4] = '0';
  2437   002CF8  504F               	movf	set_time@change_time^0,w,c
  2438   002CFA  6ED9               	movwf	fsr2l,c
  2439   002CFC  6ADA               	clrf	fsr2h,c
  2440   002CFE  0E04               	movlw	4
  2441   002D00  26D9               	addwf	fsr2l,f,c
  2442   002D02  0E30               	movlw	48
  2443   002D04  6EDF               	movwf	indf2,c
  2444   002D06  0012               	return	
  2445   002D08                     l3364:
  2446   002D08  0E02               	movlw	2
  2447   002D0A  1816               	xorwf	set_time@change^0,w,c
  2448   002D0C  1017               	iorwf	(set_time@change+1)^0,w,c
  2449   002D0E  A4D8               	btfss	status,2,c
  2450   002D10  0012               	return	
  2451                           
  2452                           ;main.c: 116: change_time[7]++;
  2453   002D12  504F               	movf	set_time@change_time^0,w,c
  2454   002D14  6ED9               	movwf	fsr2l,c
  2455   002D16  6ADA               	clrf	fsr2h,c
  2456   002D18  0E07               	movlw	7
  2457   002D1A  26D9               	addwf	fsr2l,f,c
  2458   002D1C  2ADF               	incf	indf2,f,c
  2459                           
  2460                           ;main.c: 117: if (change_time[7] > '9') {
  2461   002D1E  504F               	movf	set_time@change_time^0,w,c
  2462   002D20  6ED9               	movwf	fsr2l,c
  2463   002D22  6ADA               	clrf	fsr2h,c
  2464   002D24  0E07               	movlw	7
  2465   002D26  26D9               	addwf	fsr2l,f,c
  2466   002D28  0E39               	movlw	57
  2467   002D2A  64DF               	cpfsgt	indf2,c
  2468   002D2C  D00D               	goto	l319
  2469                           
  2470                           ;main.c: 118: change_time[7] = '0';
  2471   002D2E  504F               	movf	set_time@change_time^0,w,c
  2472   002D30  6ED9               	movwf	fsr2l,c
  2473   002D32  6ADA               	clrf	fsr2h,c
  2474   002D34  0E07               	movlw	7
  2475   002D36  26D9               	addwf	fsr2l,f,c
  2476   002D38  0E30               	movlw	48
  2477   002D3A  6EDF               	movwf	indf2,c
  2478                           
  2479                           ;main.c: 119: change_time[6]++;
  2480   002D3C  504F               	movf	set_time@change_time^0,w,c
  2481   002D3E  6ED9               	movwf	fsr2l,c
  2482   002D40  6ADA               	clrf	fsr2h,c
  2483   002D42  0E06               	movlw	6
  2484   002D44  26D9               	addwf	fsr2l,f,c
  2485   002D46  2ADF               	incf	indf2,f,c
  2486   002D48                     l319:
  2487                           
  2488                           ;main.c: 120: };main.c: 121: if (change_time[6] == '6') {
  2489   002D48  504F               	movf	set_time@change_time^0,w,c
  2490   002D4A  6ED9               	movwf	fsr2l,c
  2491   002D4C  6ADA               	clrf	fsr2h,c
  2492   002D4E  0E06               	movlw	6
  2493   002D50  26D9               	addwf	fsr2l,f,c
  2494   002D52  0E36               	movlw	54
  2495   002D54  18DE               	xorwf	postinc2,w,c
  2496   002D56  A4D8               	btfss	status,2,c
  2497   002D58  0012               	return	
  2498                           
  2499                           ;main.c: 122: change_time[6] = '0';
  2500   002D5A  504F               	movf	set_time@change_time^0,w,c
  2501   002D5C  6ED9               	movwf	fsr2l,c
  2502   002D5E  6ADA               	clrf	fsr2h,c
  2503   002D60  0E06               	movlw	6
  2504   002D62  26D9               	addwf	fsr2l,f,c
  2505   002D64  0E30               	movlw	48
  2506   002D66  6EDF               	movwf	indf2,c
  2507                           
  2508                           ;main.c: 123: change_time[7] = '0';
  2509   002D68  504F               	movf	set_time@change_time^0,w,c
  2510   002D6A  6ED9               	movwf	fsr2l,c
  2511   002D6C  6ADA               	clrf	fsr2h,c
  2512   002D6E  0E07               	movlw	7
  2513   002D70  26D9               	addwf	fsr2l,f,c
  2514   002D72  0E30               	movlw	48
  2515   002D74  6EDF               	movwf	indf2,c
  2516                           
  2517                           ;main.c: 124: };main.c: 125: };main.c: 126: } else if (val2 > 200 && set_time_key == 0xF
      +                          F) {
  2518   002D76  0012               	return	
  2519   002D78                     l3372:
  2520   002D78  5013               	movf	(set_time@val2+1)^0,w,c
  2521   002D7A  E104               	bnz	u2530
  2522   002D7C  0EC9               	movlw	201
  2523   002D7E  5C12               	subwf	set_time@val2^0,w,c
  2524   002D80  A0D8               	btfss	status,0,c
  2525   002D82  0012               	return	
  2526   002D84                     u2530:
  2527   002D84  284E               	incf	set_time@set_time_key^0,w,c
  2528   002D86  A4D8               	btfss	status,2,c
  2529   002D88  0012               	return	
  2530                           
  2531                           ;main.c: 127: if (val2 > 200) {
  2532   002D8A  5013               	movf	(set_time@val2+1)^0,w,c
  2533   002D8C  E104               	bnz	u2550
  2534   002D8E  0EC9               	movlw	201
  2535   002D90  5C12               	subwf	set_time@val2^0,w,c
  2536   002D92  A0D8               	btfss	status,0,c
  2537   002D94  0012               	return	
  2538   002D96                     u2550:
  2539                           
  2540                           ;main.c: 128: val2 = 0;
  2541   002D96  0E00               	movlw	0
  2542   002D98  6E13               	movwf	(set_time@val2+1)^0,c
  2543   002D9A  0E00               	movlw	0
  2544   002D9C  6E12               	movwf	set_time@val2^0,c
  2545                           
  2546                           ;main.c: 129: clcd_print("SET TIME SUCCESS", (0x80 + (0)));
  2547   002D9E  0E31               	movlw	low STR_8
  2548   002DA0  6E37               	movwf	clcd_print@data^0,c
  2549   002DA2  0E2F               	movlw	high STR_8
  2550   002DA4  6E38               	movwf	(clcd_print@data+1)^0,c
  2551   002DA6  0E80               	movlw	128
  2552   002DA8  6E39               	movwf	clcd_print@addr^0,c
  2553   002DAA  ECA3  F00B         	call	_clcd_print	;wreg free
  2554                           
  2555                           ;main.c: 130: clcd_print("                  ", (0xC0 + (0)));
  2556   002DAE  0EA6               	movlw	low STR_9
  2557   002DB0  6E37               	movwf	clcd_print@data^0,c
  2558   002DB2  0E2E               	movlw	high STR_9
  2559   002DB4  6E38               	movwf	(clcd_print@data+1)^0,c
  2560   002DB6  0EC0               	movlw	192
  2561   002DB8  6E39               	movwf	clcd_print@addr^0,c
  2562   002DBA  ECA3  F00B         	call	_clcd_print	;wreg free
  2563                           
  2564                           ;main.c: 131: hour = (change_time[0] - '0') << 4;
  2565   002DBE  504F               	movf	set_time@change_time^0,w,c
  2566   002DC0  6ED9               	movwf	fsr2l,c
  2567   002DC2  6ADA               	clrf	fsr2h,c
  2568   002DC4  50DF               	movf	indf2,w,c
  2569   002DC6  6E45               	movwf	??_set_time^0,c
  2570   002DC8  3845               	swapf	??_set_time^0,w,c
  2571   002DCA  0BF0               	andlw	240
  2572   002DCC  6E4B               	movwf	set_time@hour^0,c
  2573                           
  2574                           ;main.c: 132: hour = (change_time[1] - '0') | hour;
  2575   002DCE  504F               	movf	set_time@change_time^0,w,c
  2576   002DD0  6ED9               	movwf	fsr2l,c
  2577   002DD2  6ADA               	clrf	fsr2h,c
  2578   002DD4  0E01               	movlw	1
  2579   002DD6  26D9               	addwf	fsr2l,f,c
  2580   002DD8  50DF               	movf	indf2,w,c
  2581   002DDA  0FD0               	addlw	208
  2582   002DDC  104B               	iorwf	set_time@hour^0,w,c
  2583   002DDE  6E4B               	movwf	set_time@hour^0,c
  2584                           
  2585                           ;main.c: 133: write_ds1307(0x02, hour);
  2586   002DE0  C04B  F036         	movff	set_time@hour,write_ds1307@data
  2587   002DE4  0E02               	movlw	2
  2588   002DE6  EC8F  F009         	call	_write_ds1307
  2589                           
  2590                           ;main.c: 134: min = (change_time[3] - '0') << 4;
  2591   002DEA  504F               	movf	set_time@change_time^0,w,c
  2592   002DEC  6ED9               	movwf	fsr2l,c
  2593   002DEE  6ADA               	clrf	fsr2h,c
  2594   002DF0  0E03               	movlw	3
  2595   002DF2  26D9               	addwf	fsr2l,f,c
  2596   002DF4  50DF               	movf	indf2,w,c
  2597   002DF6  6E45               	movwf	??_set_time^0,c
  2598   002DF8  3845               	swapf	??_set_time^0,w,c
  2599   002DFA  0BF0               	andlw	240
  2600   002DFC  6E4C               	movwf	set_time@min^0,c
  2601                           
  2602                           ;main.c: 135: min = (change_time[4] - '0') | min;
  2603   002DFE  504F               	movf	set_time@change_time^0,w,c
  2604   002E00  6ED9               	movwf	fsr2l,c
  2605   002E02  6ADA               	clrf	fsr2h,c
  2606   002E04  0E04               	movlw	4
  2607   002E06  26D9               	addwf	fsr2l,f,c
  2608   002E08  50DF               	movf	indf2,w,c
  2609   002E0A  0FD0               	addlw	208
  2610   002E0C  104C               	iorwf	set_time@min^0,w,c
  2611   002E0E  6E4C               	movwf	set_time@min^0,c
  2612                           
  2613                           ;main.c: 136: write_ds1307(0x01, min);
  2614   002E10  C04C  F036         	movff	set_time@min,write_ds1307@data
  2615   002E14  0E01               	movlw	1
  2616   002E16  EC8F  F009         	call	_write_ds1307
  2617                           
  2618                           ;main.c: 137: sec = (change_time[6] - '0') << 4;
  2619   002E1A  504F               	movf	set_time@change_time^0,w,c
  2620   002E1C  6ED9               	movwf	fsr2l,c
  2621   002E1E  6ADA               	clrf	fsr2h,c
  2622   002E20  0E06               	movlw	6
  2623   002E22  26D9               	addwf	fsr2l,f,c
  2624   002E24  50DF               	movf	indf2,w,c
  2625   002E26  6E45               	movwf	??_set_time^0,c
  2626   002E28  3845               	swapf	??_set_time^0,w,c
  2627   002E2A  0BF0               	andlw	240
  2628   002E2C  6E4D               	movwf	set_time@sec^0,c
  2629                           
  2630                           ;main.c: 138: sec = (change_time[7] - '0') | sec;
  2631   002E2E  504F               	movf	set_time@change_time^0,w,c
  2632   002E30  6ED9               	movwf	fsr2l,c
  2633   002E32  6ADA               	clrf	fsr2h,c
  2634   002E34  0E07               	movlw	7
  2635   002E36  26D9               	addwf	fsr2l,f,c
  2636   002E38  50DF               	movf	indf2,w,c
  2637   002E3A  0FD0               	addlw	208
  2638   002E3C  104D               	iorwf	set_time@sec^0,w,c
  2639   002E3E  6E4D               	movwf	set_time@sec^0,c
  2640                           
  2641                           ;main.c: 139: write_ds1307(0x00, sec);
  2642   002E40  C04D  F036         	movff	set_time@sec,write_ds1307@data
  2643   002E44  0E00               	movlw	0
  2644   002E46  EC8F  F009         	call	_write_ds1307
  2645                           
  2646                           ;main.c: 140: for (delay = 200000; delay--;);
  2647   002E4A  0E40               	movlw	64
  2648   002E4C  6E05               	movwf	set_time@delay^0,c
  2649   002E4E  0E0D               	movlw	13
  2650   002E50  6E06               	movwf	(set_time@delay+1)^0,c
  2651   002E52  0E03               	movlw	3
  2652   002E54  6E07               	movwf	(set_time@delay+2)^0,c
  2653   002E56  0E00               	movlw	0
  2654   002E58  6E08               	movwf	(set_time@delay+3)^0,c
  2655   002E5A                     l3404:
  2656   002E5A  0EFF               	movlw	255
  2657   002E5C  2605               	addwf	set_time@delay^0,f,c
  2658   002E5E  0EFF               	movlw	255
  2659   002E60  2206               	addwfc	(set_time@delay+1)^0,f,c
  2660   002E62  0EFF               	movlw	255
  2661   002E64  2207               	addwfc	(set_time@delay+2)^0,f,c
  2662   002E66  0EFF               	movlw	255
  2663   002E68  2208               	addwfc	(set_time@delay+3)^0,f,c
  2664   002E6A  2805               	incf	set_time@delay^0,w,c
  2665   002E6C  E1F6               	bnz	l3404
  2666   002E6E  2806               	incf	(set_time@delay+1)^0,w,c
  2667   002E70  E1F4               	bnz	l3404
  2668   002E72  2807               	incf	(set_time@delay+2)^0,w,c
  2669   002E74  E1F2               	bnz	l3404
  2670   002E76  2808               	incf	(set_time@delay+3)^0,w,c
  2671   002E78  A4D8               	btfss	status,2,c
  2672   002E7A  D7EF               	goto	l3404
  2673                           
  2674                           ;main.c: 141: clcd_write(0x01, 0);
  2675   002E7C  0E00               	movlw	0
  2676   002E7E  6E35               	movwf	clcd_write@control_bit^0,c
  2677   002E80  0E01               	movlw	1
  2678   002E82  ECC0  F009         	call	_clcd_write
  2679                           
  2680                           ;main.c: 143: flag = 0;
  2681   002E86  0E00               	movlw	0
  2682   002E88  6E23               	movwf	(_flag+1)^0,c
  2683   002E8A  0E00               	movlw	0
  2684   002E8C  6E22               	movwf	_flag^0,c
  2685   002E8E  0012               	return		;funcret
  2686   002E90                     __end_of_set_time:
  2687                           	callstack 0
  2688                           
  2689 ;; *************** function _download_log *****************
  2690 ;; Defined at:
  2691 ;;		line 157 in file "main.c"
  2692 ;; Parameters:    Size  Location     Type
  2693 ;;		None
  2694 ;; Auto vars:     Size  Location     Type
  2695 ;;  i               2   22[COMRAM] int 
  2696 ;;  arr            17    5[COMRAM] unsigned char [17]
  2697 ;; Return value:  Size  Location     Type
  2698 ;;                  1    wreg      void 
  2699 ;; Registers used:
  2700 ;;		wreg, fsr0l, fsr0h, fsr2l, fsr2h, status,2, status,0, tblptrl, tblptrh, tblptru, prodl, prodh, cstack
  2701 ;; Tracked objects:
  2702 ;;		On entry : 0/0
  2703 ;;		On exit  : 0/0
  2704 ;;		Unchanged: 0/0
  2705 ;; Data sizes:     COMRAM   BANK0   BANK1   BANK2   BANK3   BANK4   BANK5
  2706 ;;      Params:         0       0       0       0       0       0       0
  2707 ;;      Locals:        19       0       0       0       0       0       0
  2708 ;;      Temps:          0       0       0       0       0       0       0
  2709 ;;      Totals:        19       0       0       0       0       0       0
  2710 ;;Total ram usage:       19 bytes
  2711 ;; Hardware stack levels used: 1
  2712 ;; Hardware stack levels required when called: 4
  2713 ;; This function calls:
  2714 ;;		_clcd_print
  2715 ;;		_clcd_write
  2716 ;;		_puts
  2717 ;;		_read_ext_eeprom
  2718 ;; This function is called by:
  2719 ;;		_setting_log
  2720 ;; This function uses a non-reentrant model
  2721 ;;
  2722                           
  2723                           	psect	text4
  2724   001FBA                     __ptext4:
  2725                           	callstack 0
  2726   001FBA                     _download_log:
  2727                           	callstack 25
  2728                           
  2729                           ;main.c: 158: unsigned char arr[17] = {};
  2730                           
  2731                           ;incstack = 0
  2732   001FBA  EE20  F03A         	lfsr	2,download_log@arr
  2733   001FBE  0E10               	movlw	16
  2734   001FC0                     u2571:
  2735   001FC0  6ADE               	clrf	postinc2,c
  2736   001FC2  06E8               	decf	wreg,f,c
  2737   001FC4  E2FD               	bc	u2571
  2738                           
  2739                           ;main.c: 159: if (clear == 0) {
  2740   001FC6  5024               	movf	_clear^0,w,c
  2741   001FC8  1025               	iorwf	(_clear+1)^0,w,c
  2742   001FCA  A4D8               	btfss	status,2,c
  2743   001FCC  D0AB               	goto	l3466
  2744                           
  2745                           ;main.c: 160: puts("DOWNLOADED LOGS\n\r");
  2746   001FCE  0EB9               	movlw	low STR_10
  2747   001FD0  6E36               	movwf	puts@s^0,c
  2748   001FD2  0E2E               	movlw	high STR_10
  2749   001FD4  6E37               	movwf	(puts@s+1)^0,c
  2750   001FD6  EC7A  F00B         	call	_puts	;wreg free
  2751                           
  2752                           ;main.c: 161: for (int i = 0; i < 10; i++) {
  2753   001FDA  0E00               	movlw	0
  2754   001FDC  6E4C               	movwf	(download_log@i+1)^0,c
  2755   001FDE  0E00               	movlw	0
  2756   001FE0  6E4B               	movwf	download_log@i^0,c
  2757   001FE2                     l3426:
  2758                           
  2759                           ;main.c: 162: arr[0] = read_ext_eeprom((i * 10) + 0);
  2760   001FE2  504B               	movf	download_log@i^0,w,c
  2761   001FE4  0D0A               	mullw	10
  2762   001FE6  50F3               	movf	243,w,c
  2763   001FE8  ECE9  F009         	call	_read_ext_eeprom
  2764   001FEC  6E3A               	movwf	download_log@arr^0,c
  2765                           
  2766                           ;main.c: 163: arr[1] = read_ext_eeprom((i * 10) + 1);
  2767   001FEE  504B               	movf	download_log@i^0,w,c
  2768   001FF0  0D0A               	mullw	10
  2769   001FF2  28F3               	incf	243,w,c
  2770   001FF4  ECE9  F009         	call	_read_ext_eeprom
  2771   001FF8  6E3B               	movwf	(download_log@arr+1)^0,c
  2772                           
  2773                           ;main.c: 164: arr[2] = ':';
  2774   001FFA  0E3A               	movlw	58
  2775   001FFC  6E3C               	movwf	(download_log@arr+2)^0,c
  2776                           
  2777                           ;main.c: 166: arr[3] = read_ext_eeprom((i * 10) + 2);
  2778   001FFE  504B               	movf	download_log@i^0,w,c
  2779   002000  0D0A               	mullw	10
  2780   002002  50F3               	movf	243,w,c
  2781   002004  0F02               	addlw	2
  2782   002006  ECE9  F009         	call	_read_ext_eeprom
  2783   00200A  6E3D               	movwf	(download_log@arr+3)^0,c
  2784                           
  2785                           ;main.c: 167: arr[4] = read_ext_eeprom((i * 10) + 3);
  2786   00200C  504B               	movf	download_log@i^0,w,c
  2787   00200E  0D0A               	mullw	10
  2788   002010  50F3               	movf	243,w,c
  2789   002012  0F03               	addlw	3
  2790   002014  ECE9  F009         	call	_read_ext_eeprom
  2791   002018  6E3E               	movwf	(download_log@arr+4)^0,c
  2792                           
  2793                           ;main.c: 168: arr[5] = ':';
  2794   00201A  0E3A               	movlw	58
  2795   00201C  6E3F               	movwf	(download_log@arr+5)^0,c
  2796                           
  2797                           ;main.c: 169: arr[6] = read_ext_eeprom((i * 10) + 4);
  2798   00201E  504B               	movf	download_log@i^0,w,c
  2799   002020  0D0A               	mullw	10
  2800   002022  50F3               	movf	243,w,c
  2801   002024  0F04               	addlw	4
  2802   002026  ECE9  F009         	call	_read_ext_eeprom
  2803   00202A  6E40               	movwf	(download_log@arr+6)^0,c
  2804                           
  2805                           ;main.c: 170: arr[7] = read_ext_eeprom((i * 10) + 5);
  2806   00202C  504B               	movf	download_log@i^0,w,c
  2807   00202E  0D0A               	mullw	10
  2808   002030  50F3               	movf	243,w,c
  2809   002032  0F05               	addlw	5
  2810   002034  ECE9  F009         	call	_read_ext_eeprom
  2811   002038  6E41               	movwf	(download_log@arr+7)^0,c
  2812                           
  2813                           ;main.c: 171: arr[8] = ' ';
  2814   00203A  0E20               	movlw	32
  2815   00203C  6E42               	movwf	(download_log@arr+8)^0,c
  2816                           
  2817                           ;main.c: 172: arr[9] = ' ';
  2818   00203E  0E20               	movlw	32
  2819   002040  6E43               	movwf	(download_log@arr+9)^0,c
  2820                           
  2821                           ;main.c: 174: arr[10] = read_ext_eeprom((i * 10) + 6);
  2822   002042  504B               	movf	download_log@i^0,w,c
  2823   002044  0D0A               	mullw	10
  2824   002046  50F3               	movf	243,w,c
  2825   002048  0F06               	addlw	6
  2826   00204A  ECE9  F009         	call	_read_ext_eeprom
  2827   00204E  6E44               	movwf	(download_log@arr+10)^0,c
  2828                           
  2829                           ;main.c: 175: arr[11] = read_ext_eeprom((i * 10) + 7);
  2830   002050  504B               	movf	download_log@i^0,w,c
  2831   002052  0D0A               	mullw	10
  2832   002054  50F3               	movf	243,w,c
  2833   002056  0F07               	addlw	7
  2834   002058  ECE9  F009         	call	_read_ext_eeprom
  2835   00205C  6E45               	movwf	(download_log@arr+11)^0,c
  2836                           
  2837                           ;main.c: 176: arr[12] = ' ';
  2838   00205E  0E20               	movlw	32
  2839   002060  6E46               	movwf	(download_log@arr+12)^0,c
  2840                           
  2841                           ;main.c: 177: arr[13] = read_ext_eeprom((i * 10) + 8);
  2842   002062  504B               	movf	download_log@i^0,w,c
  2843   002064  0D0A               	mullw	10
  2844   002066  50F3               	movf	243,w,c
  2845   002068  0F08               	addlw	8
  2846   00206A  ECE9  F009         	call	_read_ext_eeprom
  2847   00206E  6E47               	movwf	(download_log@arr+13)^0,c
  2848                           
  2849                           ;main.c: 178: arr[14] = read_ext_eeprom((i * 10) + 9);
  2850   002070  504B               	movf	download_log@i^0,w,c
  2851   002072  0D0A               	mullw	10
  2852   002074  50F3               	movf	243,w,c
  2853   002076  0F09               	addlw	9
  2854   002078  ECE9  F009         	call	_read_ext_eeprom
  2855   00207C  6E48               	movwf	(download_log@arr+14)^0,c
  2856                           
  2857                           ;main.c: 179: puts("\n\r");
  2858   00207E  0EC8               	movlw	low (STR_10+15)
  2859   002080  6E36               	movwf	puts@s^0,c
  2860   002082  0E2E               	movlw	high (STR_10+15)
  2861   002084  6E37               	movwf	(puts@s+1)^0,c
  2862   002086  EC7A  F00B         	call	_puts	;wreg free
  2863                           
  2864                           ;main.c: 180: puts(arr);
  2865   00208A  0E3A               	movlw	low download_log@arr
  2866   00208C  6E36               	movwf	puts@s^0,c
  2867   00208E  6A37               	clrf	(puts@s+1)^0,c
  2868   002090  EC7A  F00B         	call	_puts	;wreg free
  2869   002094  4A4B               	infsnz	download_log@i^0,f,c
  2870   002096  2A4C               	incf	(download_log@i+1)^0,f,c
  2871   002098  BE4C               	btfsc	(download_log@i+1)^0,7,c
  2872   00209A  D7A3               	goto	l3426
  2873   00209C  504C               	movf	(download_log@i+1)^0,w,c
  2874   00209E  E104               	bnz	u2590
  2875   0020A0  0E0A               	movlw	10
  2876   0020A2  5C4B               	subwf	download_log@i^0,w,c
  2877   0020A4  A0D8               	btfss	status,0,c
  2878   0020A6  D79D               	goto	l3426
  2879   0020A8                     u2590:
  2880                           
  2881                           ;main.c: 181: };main.c: 182: clcd_print("  DOWNLOADING  ", (0x80 + (0)));
  2882   0020A8  0E52               	movlw	low STR_12
  2883   0020AA  6E37               	movwf	clcd_print@data^0,c
  2884   0020AC  0E2F               	movlw	high STR_12
  2885   0020AE  6E38               	movwf	(clcd_print@data+1)^0,c
  2886   0020B0  0E80               	movlw	128
  2887   0020B2  6E39               	movwf	clcd_print@addr^0,c
  2888   0020B4  ECA3  F00B         	call	_clcd_print	;wreg free
  2889   0020B8                     l3456:
  2890   0020B8  0EFF               	movlw	255
  2891   0020BA  0100               	movlb	0	; () banked
  2892   0020BC  27C8               	addwf	download_log@del& (0+255),f,b
  2893   0020BE  0EFF               	movlw	255
  2894   0020C0  23C9               	addwfc	(download_log@del+1)& (0+255),f,b
  2895   0020C2  0EFF               	movlw	255
  2896   0020C4  23CA               	addwfc	(download_log@del+2)& (0+255),f,b
  2897   0020C6  0EFF               	movlw	255
  2898   0020C8  23CB               	addwfc	(download_log@del+3)& (0+255),f,b
  2899   0020CA  29C8               	incf	download_log@del& (0+255),w,b
  2900   0020CC  E1F5               	bnz	l3456
  2901   0020CE  29C9               	incf	(download_log@del+1)& (0+255),w,b
  2902   0020D0  E1F3               	bnz	l3456
  2903   0020D2  29CA               	incf	(download_log@del+2)& (0+255),w,b
  2904   0020D4  E1F1               	bnz	l3456
  2905   0020D6  29CB               	incf	(download_log@del+3)& (0+255),w,b
  2906   0020D8  A4D8               	btfss	status,2,c
  2907   0020DA  D7EE               	goto	l3456
  2908                           
  2909                           ; BSR set to: 0
  2910                           ;main.c: 184: clcd_print("  DOWNLOADED  ", (0xC0 + (0)));
  2911   0020DC  0E80               	movlw	low STR_13
  2912   0020DE  6E37               	movwf	clcd_print@data^0,c
  2913   0020E0  0E2F               	movlw	high STR_13
  2914   0020E2  6E38               	movwf	(clcd_print@data+1)^0,c
  2915   0020E4  0EC0               	movlw	192
  2916   0020E6  6E39               	movwf	clcd_print@addr^0,c
  2917   0020E8  ECA3  F00B         	call	_clcd_print	;wreg free
  2918   0020EC                     l3460:
  2919   0020EC  0EFF               	movlw	255
  2920   0020EE  0100               	movlb	0	; () banked
  2921   0020F0  27C4               	addwf	download_log@el_269& (0+255),f,b
  2922   0020F2  0EFF               	movlw	255
  2923   0020F4  23C5               	addwfc	(download_log@el_269+1)& (0+255),f,b
  2924   0020F6  0EFF               	movlw	255
  2925   0020F8  23C6               	addwfc	(download_log@el_269+2)& (0+255),f,b
  2926   0020FA  0EFF               	movlw	255
  2927   0020FC  23C7               	addwfc	(download_log@el_269+3)& (0+255),f,b
  2928   0020FE  29C4               	incf	download_log@el_269& (0+255),w,b
  2929   002100  E1F5               	bnz	l3460
  2930   002102  29C5               	incf	(download_log@el_269+1)& (0+255),w,b
  2931   002104  E1F3               	bnz	l3460
  2932   002106  29C6               	incf	(download_log@el_269+2)& (0+255),w,b
  2933   002108  E1F1               	bnz	l3460
  2934   00210A  29C7               	incf	(download_log@el_269+3)& (0+255),w,b
  2935   00210C  A4D8               	btfss	status,2,c
  2936   00210E  D7EE               	goto	l3460
  2937                           
  2938                           ; BSR set to: 0
  2939                           ;main.c: 186: clcd_write(0x01, 0);
  2940   002110  0E00               	movlw	0
  2941   002112  6E35               	movwf	clcd_write@control_bit^0,c
  2942   002114  0E01               	movlw	1
  2943   002116  ECC0  F009         	call	_clcd_write
  2944   00211A                     l3464:
  2945                           
  2946                           ;main.c: 187: flag = 2;
  2947   00211A  0E00               	movlw	0
  2948   00211C  6E23               	movwf	(_flag+1)^0,c
  2949   00211E  0E02               	movlw	2
  2950   002120  6E22               	movwf	_flag^0,c
  2951                           
  2952                           ;main.c: 188: } else {
  2953   002122  0012               	return	
  2954   002124                     l3466:
  2955                           
  2956                           ;main.c: 189: clcd_print("LOGS_ARE_CLEARED", (0x80 + (0)));
  2957   002124  0EFE               	movlw	low STR_14
  2958   002126  6E37               	movwf	clcd_print@data^0,c
  2959   002128  0E2E               	movlw	high STR_14
  2960   00212A  6E38               	movwf	(clcd_print@data+1)^0,c
  2961   00212C  0E80               	movlw	128
  2962   00212E  6E39               	movwf	clcd_print@addr^0,c
  2963   002130  ECA3  F00B         	call	_clcd_print	;wreg free
  2964   002134                     l3468:
  2965   002134  0EFF               	movlw	255
  2966   002136  0100               	movlb	0	; () banked
  2967   002138  27C0               	addwf	download_log@el_271& (0+255),f,b
  2968   00213A  0EFF               	movlw	255
  2969   00213C  23C1               	addwfc	(download_log@el_271+1)& (0+255),f,b
  2970   00213E  0EFF               	movlw	255
  2971   002140  23C2               	addwfc	(download_log@el_271+2)& (0+255),f,b
  2972   002142  0EFF               	movlw	255
  2973   002144  23C3               	addwfc	(download_log@el_271+3)& (0+255),f,b
  2974   002146  29C0               	incf	download_log@el_271& (0+255),w,b
  2975   002148  E1F5               	bnz	l3468
  2976   00214A  29C1               	incf	(download_log@el_271+1)& (0+255),w,b
  2977   00214C  E1F3               	bnz	l3468
  2978   00214E  29C2               	incf	(download_log@el_271+2)& (0+255),w,b
  2979   002150  E1F1               	bnz	l3468
  2980   002152  29C3               	incf	(download_log@el_271+3)& (0+255),w,b
  2981   002154  A4D8               	btfss	status,2,c
  2982   002156  D7EE               	goto	l3468
  2983                           
  2984                           ; BSR set to: 0
  2985                           ;main.c: 191: clcd_write(0x01, 0);
  2986   002158  0E00               	movlw	0
  2987   00215A  6E35               	movwf	clcd_write@control_bit^0,c
  2988   00215C  0E01               	movlw	1
  2989   00215E  ECC0  F009         	call	_clcd_write
  2990   002162  D7DB               	goto	l3464
  2991   002164                     __end_of_download_log:
  2992                           	callstack 0
  2993                           
  2994 ;; *************** function _puts *****************
  2995 ;; Defined at:
  2996 ;;		line 95 in file "UART.c"
  2997 ;; Parameters:    Size  Location     Type
  2998 ;;  s               2    1[COMRAM] PTR const unsigned char 
  2999 ;;		 -> STR_11(3), STR_10(18), download_log@arr(17), 
  3000 ;; Auto vars:     Size  Location     Type
  3001 ;;		None
  3002 ;; Return value:  Size  Location     Type
  3003 ;;                  2    1[COMRAM] int 
  3004 ;; Registers used:
  3005 ;;		wreg, fsr0l, fsr0h, status,2, status,0, tblptrl, tblptrh, tblptru, cstack
  3006 ;; Tracked objects:
  3007 ;;		On entry : 0/0
  3008 ;;		On exit  : 0/0
  3009 ;;		Unchanged: 0/0
  3010 ;; Data sizes:     COMRAM   BANK0   BANK1   BANK2   BANK3   BANK4   BANK5
  3011 ;;      Params:         2       0       0       0       0       0       0
  3012 ;;      Locals:         0       0       0       0       0       0       0
  3013 ;;      Temps:          0       0       0       0       0       0       0
  3014 ;;      Totals:         2       0       0       0       0       0       0
  3015 ;;Total ram usage:        2 bytes
  3016 ;; Hardware stack levels used: 1
  3017 ;; Hardware stack levels required when called: 1
  3018 ;; This function calls:
  3019 ;;		_putch
  3020 ;; This function is called by:
  3021 ;;		_download_log
  3022 ;; This function uses a non-reentrant model
  3023 ;;
  3024                           
  3025                           	psect	text5
  3026   0016F4                     __ptext5:
  3027                           	callstack 0
  3028   0016F4                     _puts:
  3029                           	callstack 27
  3030                           
  3031                           ;UART.c: 97: while(*s)
  3032                           
  3033                           ;incstack = 0
  3034   0016F4  D014               	goto	l3102
  3035   0016F6                     l3098:
  3036                           
  3037                           ;UART.c: 98: {;UART.c: 99: putch(*s++);
  3038   0016F6  C036  FFF6         	movff	puts@s,tblptrl
  3039   0016FA  C037  FFF7         	movff	puts@s+1,tblptrh
  3040   0016FE  6AF8               	clrf	tblptru,c
  3041   001700  0E05               	movlw	(high __ramtop+-1)
  3042   001702  64F7               	cpfsgt	tblptrh,c
  3043   001704  D003               	bra	u2027
  3044   001706  0008               	tblrd		*
  3045   001708  50F5               	movf	tablat,w,c
  3046   00170A  D005               	bra	u2020
  3047   00170C                     u2027:
  3048   00170C  CFF6 FFE9          	movff	tblptrl,fsr0l
  3049   001710  CFF7 FFEA          	movff	tblptrh,fsr0h
  3050   001714  50EF               	movf	indf0,w,c
  3051   001716                     u2020:
  3052   001716  EC5C  F009         	call	_putch
  3053   00171A  4A36               	infsnz	puts@s^0,f,c
  3054   00171C  2A37               	incf	(puts@s+1)^0,f,c
  3055   00171E                     l3102:
  3056   00171E  C036  FFF6         	movff	puts@s,tblptrl
  3057   001722  C037  FFF7         	movff	puts@s+1,tblptrh
  3058   001726  6AF8               	clrf	tblptru,c
  3059   001728  0E05               	movlw	(high __ramtop+-1)
  3060   00172A  64F7               	cpfsgt	tblptrh,c
  3061   00172C  D003               	bra	u2037
  3062   00172E  0008               	tblrd		*
  3063   001730  50F5               	movf	tablat,w,c
  3064   001732  D005               	bra	u2030
  3065   001734                     u2037:
  3066   001734  CFF6 FFE9          	movff	tblptrl,fsr0l
  3067   001738  CFF7 FFEA          	movff	tblptrh,fsr0h
  3068   00173C  50EF               	movf	indf0,w,c
  3069   00173E                     u2030:
  3070   00173E  0900               	iorlw	0
  3071   001740  B4D8               	btfsc	status,2,c
  3072   001742  0012               	return	
  3073   001744  D7D8               	goto	l3098
  3074   001746                     __end_of_puts:
  3075                           	callstack 0
  3076                           
  3077 ;; *************** function _putch *****************
  3078 ;; Defined at:
  3079 ;;		line 84 in file "UART.c"
  3080 ;; Parameters:    Size  Location     Type
  3081 ;;  byte            1    wreg     unsigned char 
  3082 ;; Auto vars:     Size  Location     Type
  3083 ;;  byte            1    0[COMRAM] unsigned char 
  3084 ;; Return value:  Size  Location     Type
  3085 ;;                  1    wreg      void 
  3086 ;; Registers used:
  3087 ;;		wreg
  3088 ;; Tracked objects:
  3089 ;;		On entry : 0/0
  3090 ;;		On exit  : 0/0
  3091 ;;		Unchanged: 0/0
  3092 ;; Data sizes:     COMRAM   BANK0   BANK1   BANK2   BANK3   BANK4   BANK5
  3093 ;;      Params:         0       0       0       0       0       0       0
  3094 ;;      Locals:         1       0       0       0       0       0       0
  3095 ;;      Temps:          0       0       0       0       0       0       0
  3096 ;;      Totals:         1       0       0       0       0       0       0
  3097 ;;Total ram usage:        1 bytes
  3098 ;; Hardware stack levels used: 1
  3099 ;; This function calls:
  3100 ;;		Nothing
  3101 ;; This function is called by:
  3102 ;;		_puts
  3103 ;; This function uses a non-reentrant model
  3104 ;;
  3105                           
  3106                           	psect	text6
  3107   0012B8                     __ptext6:
  3108                           	callstack 0
  3109   0012B8                     _putch:
  3110                           	callstack 27
  3111                           
  3112                           ;incstack = 0
  3113                           ;putch@byte stored from wreg
  3114   0012B8  6E35               	movwf	putch@byte^0,c
  3115   0012BA                     
  3116                           ;UART.c: 88: while(!TXIF)
  3117   0012BA  A89E               	btfss	3998,4,c	;volatile
  3118   0012BC  D7FE               	goto	l2954
  3119                           
  3120                           ;UART.c: 91: };UART.c: 92: TXREG = byte;
  3121   0012BE  C035  FFAD         	movff	putch@byte,4013	;volatile
  3122   0012C2  0012               	return		;funcret
  3123   0012C4                     __end_of_putch:
  3124                           	callstack 0
  3125                           
  3126 ;; *************** function _clear_log *****************
  3127 ;; Defined at:
  3128 ;;		line 582 in file "main.c"
  3129 ;; Parameters:    Size  Location     Type
  3130 ;;		None
  3131 ;; Auto vars:     Size  Location     Type
  3132 ;;		None
  3133 ;; Return value:  Size  Location     Type
  3134 ;;                  1    wreg      void 
  3135 ;; Registers used:
  3136 ;;		wreg, fsr0l, fsr0h, status,2, status,0, tblptrl, tblptrh, tblptru, cstack
  3137 ;; Tracked objects:
  3138 ;;		On entry : 0/0
  3139 ;;		On exit  : 0/0
  3140 ;;		Unchanged: 0/0
  3141 ;; Data sizes:     COMRAM   BANK0   BANK1   BANK2   BANK3   BANK4   BANK5
  3142 ;;      Params:         0       0       0       0       0       0       0
  3143 ;;      Locals:         0       0       0       0       0       0       0
  3144 ;;      Temps:          0       0       0       0       0       0       0
  3145 ;;      Totals:         0       0       0       0       0       0       0
  3146 ;;Total ram usage:        0 bytes
  3147 ;; Hardware stack levels used: 1
  3148 ;; Hardware stack levels required when called: 2
  3149 ;; This function calls:
  3150 ;;		_clcd_print
  3151 ;;		_clcd_write
  3152 ;; This function is called by:
  3153 ;;		_setting_log
  3154 ;; This function uses a non-reentrant model
  3155 ;;
  3156                           
  3157                           	psect	text7
  3158   001806                     __ptext7:
  3159                           	callstack 0
  3160   001806                     _clear_log:
  3161                           	callstack 27
  3162                           
  3163                           ;main.c: 584: clear = 1;
  3164                           
  3165                           ;incstack = 0
  3166   001806  0E00               	movlw	0
  3167   001808  6E25               	movwf	(_clear+1)^0,c
  3168   00180A  0E01               	movlw	1
  3169   00180C  6E24               	movwf	_clear^0,c
  3170                           
  3171                           ;main.c: 585: clcd_print("CLEARING LOGS", (0x80 + (0)));
  3172   00180E  0EC9               	movlw	low STR_32
  3173   001810  6E37               	movwf	clcd_print@data^0,c
  3174   001812  0E2F               	movlw	high STR_32
  3175   001814  6E38               	movwf	(clcd_print@data+1)^0,c
  3176   001816  0E80               	movlw	128
  3177   001818  6E39               	movwf	clcd_print@addr^0,c
  3178   00181A  ECA3  F00B         	call	_clcd_print	;wreg free
  3179                           
  3180                           ;main.c: 586: clcd_print("SUCCESSFUL", (0xC0 + (0)));
  3181   00181E  0EE4               	movlw	low STR_26
  3182   001820  6E37               	movwf	clcd_print@data^0,c
  3183   001822  0E2F               	movlw	high STR_26
  3184   001824  6E38               	movwf	(clcd_print@data+1)^0,c
  3185   001826  0EC0               	movlw	192
  3186   001828  6E39               	movwf	clcd_print@addr^0,c
  3187   00182A  ECA3  F00B         	call	_clcd_print	;wreg free
  3188                           
  3189                           ;main.c: 587: menu = 0;
  3190   00182E  0E00               	movlw	0
  3191   001830  6E32               	movwf	_menu^0,c
  3192   001832                     l3742:
  3193   001832  0EFF               	movlw	255
  3194   001834  0100               	movlb	0	; () banked
  3195   001836  27B8               	addwf	clear_log@de& (0+255),f,b
  3196   001838  0EFF               	movlw	255
  3197   00183A  23B9               	addwfc	(clear_log@de+1)& (0+255),f,b
  3198   00183C  0EFF               	movlw	255
  3199   00183E  23BA               	addwfc	(clear_log@de+2)& (0+255),f,b
  3200   001840  0EFF               	movlw	255
  3201   001842  23BB               	addwfc	(clear_log@de+3)& (0+255),f,b
  3202   001844  29B8               	incf	clear_log@de& (0+255),w,b
  3203   001846  E1F5               	bnz	l3742
  3204   001848  29B9               	incf	(clear_log@de+1)& (0+255),w,b
  3205   00184A  E1F3               	bnz	l3742
  3206   00184C  29BA               	incf	(clear_log@de+2)& (0+255),w,b
  3207   00184E  E1F1               	bnz	l3742
  3208   001850  29BB               	incf	(clear_log@de+3)& (0+255),w,b
  3209   001852  A4D8               	btfss	status,2,c
  3210   001854  D7EE               	goto	l3742
  3211                           
  3212                           ; BSR set to: 0
  3213                           ;main.c: 589: clcd_write(0x01, 0);
  3214   001856  0E00               	movlw	0
  3215   001858  6E35               	movwf	clcd_write@control_bit^0,c
  3216   00185A  0E01               	movlw	1
  3217   00185C  ECC0  F009         	call	_clcd_write
  3218                           
  3219                           ;main.c: 590: flag = 2;
  3220   001860  0E00               	movlw	0
  3221   001862  6E23               	movwf	(_flag+1)^0,c
  3222   001864  0E02               	movlw	2
  3223   001866  6E22               	movwf	_flag^0,c
  3224   001868  0012               	return		;funcret
  3225   00186A                     __end_of_clear_log:
  3226                           	callstack 0
  3227                           
  3228 ;; *************** function _change_password *****************
  3229 ;; Defined at:
  3230 ;;		line 385 in file "main.c"
  3231 ;; Parameters:    Size  Location     Type
  3232 ;;		None
  3233 ;; Auto vars:     Size  Location     Type
  3234 ;;  new_password    5   21[COMRAM] unsigned char [5]
  3235 ;;  re_enter        5   16[COMRAM] unsigned char [5]
  3236 ;;  h               1   27[COMRAM] unsigned char 
  3237 ;;  key3            1   26[COMRAM] unsigned char 
  3238 ;; Return value:  Size  Location     Type
  3239 ;;                  1    wreg      void 
  3240 ;; Registers used:
  3241 ;;		wreg, fsr0l, fsr0h, fsr2l, fsr2h, status,2, status,0, tblptrl, tblptrh, tblptru, cstack
  3242 ;; Tracked objects:
  3243 ;;		On entry : 0/0
  3244 ;;		On exit  : 0/0
  3245 ;;		Unchanged: 0/0
  3246 ;; Data sizes:     COMRAM   BANK0   BANK1   BANK2   BANK3   BANK4   BANK5
  3247 ;;      Params:         0       0       0       0       0       0       0
  3248 ;;      Locals:        12       0       0       0       0       0       0
  3249 ;;      Temps:          0       0       0       0       0       0       0
  3250 ;;      Totals:        12       0       0       0       0       0       0
  3251 ;;Total ram usage:       12 bytes
  3252 ;; Hardware stack levels used: 1
  3253 ;; Hardware stack levels required when called: 4
  3254 ;; This function calls:
  3255 ;;		_clcd_print
  3256 ;;		_clcd_putch
  3257 ;;		_clcd_write
  3258 ;;		_read_ext_eeprom
  3259 ;;		_read_switches
  3260 ;;		_strcmp
  3261 ;;		_write_ext_eeprom
  3262 ;; This function is called by:
  3263 ;;		_setting_log
  3264 ;; This function uses a non-reentrant model
  3265 ;;
  3266                           
  3267                           	psect	text8
  3268   002164                     __ptext8:
  3269                           	callstack 0
  3270   002164                     _change_password:
  3271                           	callstack 25
  3272                           
  3273                           ;main.c: 386: unsigned char new_password[5], key3;;main.c: 387: unsigned char re_enter[5
      +                          ], h;;main.c: 388: static unsigned char index1 = 0, index2 = 0;;main.c: 389: static long
      +                           int delay;;main.c: 391: key3 = read_switches(1);
  3274                           
  3275                           ;incstack = 0
  3276   002164  0E01               	movlw	1
  3277   002166  EC4D  F00A         	call	_read_switches
  3278   00216A  6E4F               	movwf	change_password@key3^0,c
  3279                           
  3280                           ;main.c: 392: if (index1 < 4) {
  3281   00216C  0E04               	movlw	4
  3282   00216E  602C               	cpfslt	change_password@index1^0,c
  3283   002170  D04E               	goto	l3648
  3284                           
  3285                           ;main.c: 393: clcd_print("ENTER PASSWORD", (0x80 + (0)));
  3286   002172  0E11               	movlw	low (STR_20+2)
  3287   002174  6E37               	movwf	clcd_print@data^0,c
  3288   002176  0E2F               	movlw	high (STR_20+2)
  3289   002178  6E38               	movwf	(clcd_print@data+1)^0,c
  3290   00217A  0E80               	movlw	128
  3291   00217C  6E39               	movwf	clcd_print@addr^0,c
  3292   00217E  ECA3  F00B         	call	_clcd_print	;wreg free
  3293                           
  3294                           ;main.c: 394: if (key3 == 5) {
  3295   002182  0E05               	movlw	5
  3296   002184  184F               	xorwf	change_password@key3^0,w,c
  3297   002186  A4D8               	btfss	status,2,c
  3298   002188  D00E               	goto	l3632
  3299                           
  3300                           ;main.c: 395: new_password[index1] = '1';
  3301   00218A  502C               	movf	change_password@index1^0,w,c
  3302   00218C  0F4A               	addlw	low change_password@new_password
  3303   00218E  6ED9               	movwf	fsr2l,c
  3304   002190  6ADA               	clrf	fsr2h,c
  3305   002192  0E31               	movlw	49
  3306   002194  6EDF               	movwf	indf2,c
  3307                           
  3308                           ;main.c: 396: clcd_putch('*', (0xC0 + (index1)));
  3309   002196  502C               	movf	change_password@index1^0,w,c
  3310   002198  0FC0               	addlw	192
  3311   00219A  6E43               	movwf	clcd_putch@addr^0,c
  3312   00219C  0E2A               	movlw	42
  3313   00219E  EC76  F009         	call	_clcd_putch
  3314   0021A2                     l3630:
  3315                           
  3316                           ;main.c: 397: index1++;
  3317   0021A2  2A2C               	incf	change_password@index1^0,f,c
  3318                           
  3319                           ;main.c: 398: } else if (key3 == 6) {
  3320   0021A4  D011               	goto	l3640
  3321   0021A6                     l3632:
  3322   0021A6  0E06               	movlw	6
  3323   0021A8  184F               	xorwf	change_password@key3^0,w,c
  3324   0021AA  A4D8               	btfss	status,2,c
  3325   0021AC  D00D               	goto	l3640
  3326                           
  3327                           ;main.c: 399: new_password[index1] = '0';
  3328   0021AE  502C               	movf	change_password@index1^0,w,c
  3329   0021B0  0F4A               	addlw	low change_password@new_password
  3330   0021B2  6ED9               	movwf	fsr2l,c
  3331   0021B4  6ADA               	clrf	fsr2h,c
  3332   0021B6  0E30               	movlw	48
  3333   0021B8  6EDF               	movwf	indf2,c
  3334                           
  3335                           ;main.c: 400: clcd_putch('*', (0xC0 + (index1)));
  3336   0021BA  502C               	movf	change_password@index1^0,w,c
  3337   0021BC  0FC0               	addlw	192
  3338   0021BE  6E43               	movwf	clcd_putch@addr^0,c
  3339   0021C0  0E2A               	movlw	42
  3340   0021C2  EC76  F009         	call	_clcd_putch
  3341   0021C6  D7ED               	goto	l3630
  3342   0021C8                     l3640:
  3343                           
  3344                           ;main.c: 402: };main.c: 403: if (index1 == 4) {
  3345   0021C8  0E04               	movlw	4
  3346   0021CA  182C               	xorwf	change_password@index1^0,w,c
  3347   0021CC  A4D8               	btfss	status,2,c
  3348   0021CE  D11D               	goto	l3734
  3349                           
  3350                           ;main.c: 404: for (delay = 100000; delay--;);
  3351   0021D0  0EA0               	movlw	160
  3352   0021D2  6E01               	movwf	change_password@delay^0,c
  3353   0021D4  0E86               	movlw	134
  3354   0021D6  6E02               	movwf	(change_password@delay+1)^0,c
  3355   0021D8  0E01               	movlw	1
  3356   0021DA  6E03               	movwf	(change_password@delay+2)^0,c
  3357   0021DC  0E00               	movlw	0
  3358   0021DE  6E04               	movwf	(change_password@delay+3)^0,c
  3359   0021E0                     l3644:
  3360   0021E0  0EFF               	movlw	255
  3361   0021E2  2601               	addwf	change_password@delay^0,f,c
  3362   0021E4  0EFF               	movlw	255
  3363   0021E6  2202               	addwfc	(change_password@delay+1)^0,f,c
  3364   0021E8  0EFF               	movlw	255
  3365   0021EA  2203               	addwfc	(change_password@delay+2)^0,f,c
  3366   0021EC  0EFF               	movlw	255
  3367   0021EE  2204               	addwfc	(change_password@delay+3)^0,f,c
  3368   0021F0  2801               	incf	change_password@delay^0,w,c
  3369   0021F2  E1F6               	bnz	l3644
  3370   0021F4  2802               	incf	(change_password@delay+1)^0,w,c
  3371   0021F6  E1F4               	bnz	l3644
  3372   0021F8  2803               	incf	(change_password@delay+2)^0,w,c
  3373   0021FA  E1F2               	bnz	l3644
  3374   0021FC  2804               	incf	(change_password@delay+3)^0,w,c
  3375   0021FE  A4D8               	btfss	status,2,c
  3376   002200  D7EF               	goto	l3644
  3377                           
  3378                           ;main.c: 405: clcd_write(0x01, 0);
  3379   002202  0E00               	movlw	0
  3380   002204  6E35               	movwf	clcd_write@control_bit^0,c
  3381   002206  0E01               	movlw	1
  3382   002208  ECC0  F009         	call	_clcd_write
  3383   00220C  D0FE               	goto	l3734
  3384   00220E                     l3648:
  3385   00220E  0E04               	movlw	4
  3386   002210  182C               	xorwf	change_password@index1^0,w,c
  3387   002212  A4D8               	btfss	status,2,c
  3388   002214  D0FA               	goto	l3734
  3389                           
  3390                           ;main.c: 408: new_password[index1] = '\0';
  3391   002216  502C               	movf	change_password@index1^0,w,c
  3392   002218  0F4A               	addlw	low change_password@new_password
  3393   00221A  6ED9               	movwf	fsr2l,c
  3394   00221C  6ADA               	clrf	fsr2h,c
  3395   00221E  6ADF               	clrf	indf2,c
  3396                           
  3397                           ;main.c: 409: clcd_print("REENTER PASSWORD", (0x80 + (0)));
  3398   002220  0E0F               	movlw	low STR_20
  3399   002222  6E37               	movwf	clcd_print@data^0,c
  3400   002224  0E2F               	movlw	high STR_20
  3401   002226  6E38               	movwf	(clcd_print@data+1)^0,c
  3402   002228  0E80               	movlw	128
  3403   00222A  6E39               	movwf	clcd_print@addr^0,c
  3404   00222C  ECA3  F00B         	call	_clcd_print	;wreg free
  3405                           
  3406                           ;main.c: 410: if (index2 < 4) {
  3407   002230  0E04               	movlw	4
  3408   002232  602B               	cpfslt	change_password@index2^0,c
  3409   002234  D046               	goto	l3680
  3410                           
  3411                           ;main.c: 411: if (key3 == 5) {
  3412   002236  0E05               	movlw	5
  3413   002238  184F               	xorwf	change_password@key3^0,w,c
  3414   00223A  A4D8               	btfss	status,2,c
  3415   00223C  D00E               	goto	l3664
  3416                           
  3417                           ;main.c: 412: re_enter[index2] = '1';
  3418   00223E  502B               	movf	change_password@index2^0,w,c
  3419   002240  0F45               	addlw	low change_password@re_enter
  3420   002242  6ED9               	movwf	fsr2l,c
  3421   002244  6ADA               	clrf	fsr2h,c
  3422   002246  0E31               	movlw	49
  3423   002248  6EDF               	movwf	indf2,c
  3424                           
  3425                           ;main.c: 413: clcd_putch('*', (0xC0 + (index2)));
  3426   00224A  502B               	movf	change_password@index2^0,w,c
  3427   00224C  0FC0               	addlw	192
  3428   00224E  6E43               	movwf	clcd_putch@addr^0,c
  3429   002250  0E2A               	movlw	42
  3430   002252  EC76  F009         	call	_clcd_putch
  3431   002256                     l3662:
  3432                           
  3433                           ;main.c: 414: index2++;
  3434   002256  2A2B               	incf	change_password@index2^0,f,c
  3435                           
  3436                           ;main.c: 415: } else if (key3 == 6) {
  3437   002258  D011               	goto	l3672
  3438   00225A                     l3664:
  3439   00225A  0E06               	movlw	6
  3440   00225C  184F               	xorwf	change_password@key3^0,w,c
  3441   00225E  A4D8               	btfss	status,2,c
  3442   002260  D00D               	goto	l3672
  3443                           
  3444                           ;main.c: 416: re_enter[index2] = '0';
  3445   002262  502B               	movf	change_password@index2^0,w,c
  3446   002264  0F45               	addlw	low change_password@re_enter
  3447   002266  6ED9               	movwf	fsr2l,c
  3448   002268  6ADA               	clrf	fsr2h,c
  3449   00226A  0E30               	movlw	48
  3450   00226C  6EDF               	movwf	indf2,c
  3451                           
  3452                           ;main.c: 417: clcd_putch('*', (0xC0 + (index2)));
  3453   00226E  502B               	movf	change_password@index2^0,w,c
  3454   002270  0FC0               	addlw	192
  3455   002272  6E43               	movwf	clcd_putch@addr^0,c
  3456   002274  0E2A               	movlw	42
  3457   002276  EC76  F009         	call	_clcd_putch
  3458   00227A  D7ED               	goto	l3662
  3459   00227C                     l3672:
  3460                           
  3461                           ;main.c: 419: };main.c: 420: if (index2 == 4) {
  3462   00227C  0E04               	movlw	4
  3463   00227E  182B               	xorwf	change_password@index2^0,w,c
  3464   002280  A4D8               	btfss	status,2,c
  3465   002282  D0C3               	goto	l3734
  3466                           
  3467                           ;main.c: 421: for (delay = 100000; delay--;);
  3468   002284  0EA0               	movlw	160
  3469   002286  6E01               	movwf	change_password@delay^0,c
  3470   002288  0E86               	movlw	134
  3471   00228A  6E02               	movwf	(change_password@delay+1)^0,c
  3472   00228C  0E01               	movlw	1
  3473   00228E  6E03               	movwf	(change_password@delay+2)^0,c
  3474   002290  0E00               	movlw	0
  3475   002292  6E04               	movwf	(change_password@delay+3)^0,c
  3476   002294                     l3676:
  3477   002294  0EFF               	movlw	255
  3478   002296  2601               	addwf	change_password@delay^0,f,c
  3479   002298  0EFF               	movlw	255
  3480   00229A  2202               	addwfc	(change_password@delay+1)^0,f,c
  3481   00229C  0EFF               	movlw	255
  3482   00229E  2203               	addwfc	(change_password@delay+2)^0,f,c
  3483   0022A0  0EFF               	movlw	255
  3484   0022A2  2204               	addwfc	(change_password@delay+3)^0,f,c
  3485   0022A4  2801               	incf	change_password@delay^0,w,c
  3486   0022A6  E1F6               	bnz	l3676
  3487   0022A8  2802               	incf	(change_password@delay+1)^0,w,c
  3488   0022AA  E1F4               	bnz	l3676
  3489   0022AC  2803               	incf	(change_password@delay+2)^0,w,c
  3490   0022AE  E1F2               	bnz	l3676
  3491   0022B0  2804               	incf	(change_password@delay+3)^0,w,c
  3492   0022B2  A4D8               	btfss	status,2,c
  3493   0022B4  D7EF               	goto	l3676
  3494                           
  3495                           ;main.c: 422: clcd_write(0x01, 0);
  3496   0022B6  0E00               	movlw	0
  3497   0022B8  6E35               	movwf	clcd_write@control_bit^0,c
  3498   0022BA  0E01               	movlw	1
  3499   0022BC  ECC0  F009         	call	_clcd_write
  3500   0022C0  D0A4               	goto	l3734
  3501   0022C2                     l3680:
  3502   0022C2  0E04               	movlw	4
  3503   0022C4  182B               	xorwf	change_password@index2^0,w,c
  3504   0022C6  A4D8               	btfss	status,2,c
  3505   0022C8  D0A0               	goto	l3734
  3506                           
  3507                           ;main.c: 425: re_enter[index2] = '\0';
  3508   0022CA  502B               	movf	change_password@index2^0,w,c
  3509   0022CC  0F45               	addlw	low change_password@re_enter
  3510   0022CE  6ED9               	movwf	fsr2l,c
  3511   0022D0  6ADA               	clrf	fsr2h,c
  3512   0022D2  6ADF               	clrf	indf2,c
  3513                           
  3514                           ;main.c: 426: if (!(strcmp(new_password, re_enter))) {
  3515   0022D4  0E4A               	movlw	low change_password@new_password
  3516   0022D6  6E35               	movwf	strcmp@s1^0,c
  3517   0022D8  0E45               	movlw	low change_password@re_enter
  3518   0022DA  6E36               	movwf	strcmp@s2^0,c
  3519   0022DC  EC8B  F00A         	call	_strcmp	;wreg free
  3520   0022E0  5035               	movf	?_strcmp^0,w,c
  3521   0022E2  1036               	iorwf	(?_strcmp+1)^0,w,c
  3522   0022E4  A4D8               	btfss	status,2,c
  3523   0022E6  D05B               	goto	l3720
  3524                           
  3525                           ;main.c: 428: clcd_print("SET PASSWORD    ", (0x80 + (0)));
  3526   0022E8  0ECB               	movlw	low STR_21
  3527   0022EA  6E37               	movwf	clcd_print@data^0,c
  3528   0022EC  0E2E               	movlw	high STR_21
  3529   0022EE  6E38               	movwf	(clcd_print@data+1)^0,c
  3530   0022F0  0E80               	movlw	128
  3531   0022F2  6E39               	movwf	clcd_print@addr^0,c
  3532   0022F4  ECA3  F00B         	call	_clcd_print	;wreg free
  3533                           
  3534                           ;main.c: 429: clcd_print("SUCCESSFUL    ", (0xC0 + (0)));
  3535   0022F8  0E71               	movlw	low STR_22
  3536   0022FA  6E37               	movwf	clcd_print@data^0,c
  3537   0022FC  0E2F               	movlw	high STR_22
  3538   0022FE  6E38               	movwf	(clcd_print@data+1)^0,c
  3539   002300  0EC0               	movlw	192
  3540   002302  6E39               	movwf	clcd_print@addr^0,c
  3541   002304  ECA3  F00B         	call	_clcd_print	;wreg free
  3542                           
  3543                           ;main.c: 430: for (h = 0; h < 4; h++) {
  3544   002308  0E00               	movlw	0
  3545   00230A  6E50               	movwf	change_password@h^0,c
  3546   00230C                     l3694:
  3547                           
  3548                           ;main.c: 431: write_ext_eeprom(200 + h, new_password[h]);
  3549   00230C  5050               	movf	change_password@h^0,w,c
  3550   00230E  0F4A               	addlw	low change_password@new_password
  3551   002310  6ED9               	movwf	fsr2l,c
  3552   002312  6ADA               	clrf	fsr2h,c
  3553   002314  50DF               	movf	indf2,w,c
  3554   002316  6E36               	movwf	write_ext_eeprom@data1^0,c
  3555   002318  5050               	movf	change_password@h^0,w,c
  3556   00231A  0FC8               	addlw	200
  3557   00231C  EC14  F00A         	call	_write_ext_eeprom
  3558   002320  2A50               	incf	change_password@h^0,f,c
  3559   002322  0E03               	movlw	3
  3560   002324  6450               	cpfsgt	change_password@h^0,c
  3561   002326  D7F2               	goto	l3694
  3562                           
  3563                           ;main.c: 432: };main.c: 433: for (l = 0; l < 4; l++) {
  3564   002328  0E00               	movlw	0
  3565   00232A  6E29               	movwf	(_l+1)^0,c
  3566   00232C  0E00               	movlw	0
  3567   00232E  6E28               	movwf	_l^0,c
  3568   002330                     l3702:
  3569   002330  5029               	movf	(_l+1)^0,w,c
  3570   002332  E110               	bnz	l3712
  3571   002334  0E04               	movlw	4
  3572   002336  5C28               	subwf	_l^0,w,c
  3573   002338  B0D8               	btfsc	status,0,c
  3574   00233A  D00C               	goto	l3712
  3575                           
  3576                           ;main.c: 434: pass[l] = read_ext_eeprom(200 + l);
  3577   00233C  5028               	movf	_l^0,w,c
  3578   00233E  0FB3               	addlw	low _pass
  3579   002340  6ED9               	movwf	fsr2l,c
  3580   002342  6ADA               	clrf	fsr2h,c
  3581   002344  5028               	movf	_l^0,w,c
  3582   002346  0FC8               	addlw	200
  3583   002348  ECE9  F009         	call	_read_ext_eeprom
  3584   00234C  6EDF               	movwf	indf2,c
  3585   00234E  4A28               	infsnz	_l^0,f,c
  3586   002350  2A29               	incf	(_l+1)^0,f,c
  3587   002352  D7EE               	goto	l3702
  3588   002354                     l3712:
  3589                           
  3590                           ;main.c: 435: };main.c: 436: pass[4] = '\0';
  3591   002354  0E00               	movlw	0
  3592   002356  0100               	movlb	0	; () banked
  3593   002358  6FB7               	movwf	(_pass+4)& (0+255),b
  3594                           
  3595                           ;main.c: 437: for (delay = 800000; delay--;);
  3596   00235A  0E00               	movlw	0
  3597   00235C  6E01               	movwf	change_password@delay^0,c
  3598   00235E  0E35               	movlw	53
  3599   002360  6E02               	movwf	(change_password@delay+1)^0,c
  3600   002362  0E0C               	movlw	12
  3601   002364  6E03               	movwf	(change_password@delay+2)^0,c
  3602   002366  0E00               	movlw	0
  3603   002368  6E04               	movwf	(change_password@delay+3)^0,c
  3604   00236A                     l3714:
  3605   00236A  0EFF               	movlw	255
  3606   00236C  2601               	addwf	change_password@delay^0,f,c
  3607   00236E  0EFF               	movlw	255
  3608   002370  2202               	addwfc	(change_password@delay+1)^0,f,c
  3609   002372  0EFF               	movlw	255
  3610   002374  2203               	addwfc	(change_password@delay+2)^0,f,c
  3611   002376  0EFF               	movlw	255
  3612   002378  2204               	addwfc	(change_password@delay+3)^0,f,c
  3613   00237A  2801               	incf	change_password@delay^0,w,c
  3614   00237C  E1F6               	bnz	l3714
  3615   00237E  2802               	incf	(change_password@delay+1)^0,w,c
  3616   002380  E1F4               	bnz	l3714
  3617   002382  2803               	incf	(change_password@delay+2)^0,w,c
  3618   002384  E1F2               	bnz	l3714
  3619   002386  2804               	incf	(change_password@delay+3)^0,w,c
  3620   002388  A4D8               	btfss	status,2,c
  3621   00238A  D7EF               	goto	l3714
  3622                           
  3623                           ;main.c: 438: clcd_write(0x01, 0);
  3624   00238C  0E00               	movlw	0
  3625   00238E  6E35               	movwf	clcd_write@control_bit^0,c
  3626   002390  0E01               	movlw	1
  3627   002392  ECC0  F009         	call	_clcd_write
  3628                           
  3629                           ;main.c: 439: flag = 0;
  3630   002396  0E00               	movlw	0
  3631   002398  6E23               	movwf	(_flag+1)^0,c
  3632   00239A  0E00               	movlw	0
  3633   00239C  D035               	goto	L1
  3634   00239E                     l3720:
  3635                           
  3636                           ;main.c: 441: clcd_print("SET PASSWORD", (0x80 + (0)));
  3637   00239E  0ED7               	movlw	low STR_23
  3638   0023A0  6E37               	movwf	clcd_print@data^0,c
  3639   0023A2  0E2F               	movlw	high STR_23
  3640   0023A4  6E38               	movwf	(clcd_print@data+1)^0,c
  3641   0023A6  0E80               	movlw	128
  3642   0023A8  6E39               	movwf	clcd_print@addr^0,c
  3643   0023AA  ECA3  F00B         	call	_clcd_print	;wreg free
  3644                           
  3645                           ;main.c: 442: clcd_print("FAILURE", (0xC0 + (0)));
  3646   0023AE  0EF7               	movlw	low STR_24
  3647   0023B0  6E37               	movwf	clcd_print@data^0,c
  3648   0023B2  0E2F               	movlw	high STR_24
  3649   0023B4  6E38               	movwf	(clcd_print@data+1)^0,c
  3650   0023B6  0EC0               	movlw	192
  3651   0023B8  6E39               	movwf	clcd_print@addr^0,c
  3652   0023BA  ECA3  F00B         	call	_clcd_print	;wreg free
  3653                           
  3654                           ;main.c: 443: index1 = 0;
  3655   0023BE  0E00               	movlw	0
  3656   0023C0  6E2C               	movwf	change_password@index1^0,c
  3657                           
  3658                           ;main.c: 444: index2 = 0;
  3659   0023C2  0E00               	movlw	0
  3660   0023C4  6E2B               	movwf	change_password@index2^0,c
  3661                           
  3662                           ;main.c: 445: for (delay = 800000; delay--;);
  3663   0023C6  0E00               	movlw	0
  3664   0023C8  6E01               	movwf	change_password@delay^0,c
  3665   0023CA  0E35               	movlw	53
  3666   0023CC  6E02               	movwf	(change_password@delay+1)^0,c
  3667   0023CE  0E0C               	movlw	12
  3668   0023D0  6E03               	movwf	(change_password@delay+2)^0,c
  3669   0023D2  0E00               	movlw	0
  3670   0023D4  6E04               	movwf	(change_password@delay+3)^0,c
  3671   0023D6                     l3728:
  3672   0023D6  0EFF               	movlw	255
  3673   0023D8  2601               	addwf	change_password@delay^0,f,c
  3674   0023DA  0EFF               	movlw	255
  3675   0023DC  2202               	addwfc	(change_password@delay+1)^0,f,c
  3676   0023DE  0EFF               	movlw	255
  3677   0023E0  2203               	addwfc	(change_password@delay+2)^0,f,c
  3678   0023E2  0EFF               	movlw	255
  3679   0023E4  2204               	addwfc	(change_password@delay+3)^0,f,c
  3680   0023E6  2801               	incf	change_password@delay^0,w,c
  3681   0023E8  E1F6               	bnz	l3728
  3682   0023EA  2802               	incf	(change_password@delay+1)^0,w,c
  3683   0023EC  E1F4               	bnz	l3728
  3684   0023EE  2803               	incf	(change_password@delay+2)^0,w,c
  3685   0023F0  E1F2               	bnz	l3728
  3686   0023F2  2804               	incf	(change_password@delay+3)^0,w,c
  3687   0023F4  A4D8               	btfss	status,2,c
  3688   0023F6  D7EF               	goto	l3728
  3689                           
  3690                           ;main.c: 446: clcd_write(0x01, 0);
  3691   0023F8  0E00               	movlw	0
  3692   0023FA  6E35               	movwf	clcd_write@control_bit^0,c
  3693   0023FC  0E01               	movlw	1
  3694   0023FE  ECC0  F009         	call	_clcd_write
  3695                           
  3696                           ;main.c: 447: flag = 2;
  3697   002402  0E00               	movlw	0
  3698   002404  6E23               	movwf	(_flag+1)^0,c
  3699   002406  0E02               	movlw	2
  3700   002408                     L1:
  3701   002408  6E22               	movwf	_flag^0,c
  3702   00240A                     l3734:
  3703                           
  3704                           ;main.c: 448: };main.c: 450: };main.c: 451: };main.c: 452: menu = 0;
  3705   00240A  0E00               	movlw	0
  3706   00240C  6E32               	movwf	_menu^0,c
  3707   00240E  0012               	return		;funcret
  3708   002410                     __end_of_change_password:
  3709                           	callstack 0
  3710                           
  3711 ;; *************** function _strcmp *****************
  3712 ;; Defined at:
  3713 ;;		line 33 in file "C:\Program Files\Microchip\xc8\v2.41\pic\sources\c90\common\strcmp.c"
  3714 ;; Parameters:    Size  Location     Type
  3715 ;;  s1              1    0[COMRAM] PTR const unsigned char 
  3716 ;;		 -> change_password@new_password(5), 
  3717 ;;  s2              1    1[COMRAM] PTR const unsigned char 
  3718 ;;		 -> change_password@re_enter(5), 
  3719 ;; Auto vars:     Size  Location     Type
  3720 ;;  r               1    4[COMRAM] char 
  3721 ;; Return value:  Size  Location     Type
  3722 ;;                  2    0[COMRAM] int 
  3723 ;; Registers used:
  3724 ;;		wreg, fsr2l, fsr2h, status,2, status,0
  3725 ;; Tracked objects:
  3726 ;;		On entry : 0/0
  3727 ;;		On exit  : 0/0
  3728 ;;		Unchanged: 0/0
  3729 ;; Data sizes:     COMRAM   BANK0   BANK1   BANK2   BANK3   BANK4   BANK5
  3730 ;;      Params:         2       0       0       0       0       0       0
  3731 ;;      Locals:         1       0       0       0       0       0       0
  3732 ;;      Temps:          2       0       0       0       0       0       0
  3733 ;;      Totals:         5       0       0       0       0       0       0
  3734 ;;Total ram usage:        5 bytes
  3735 ;; Hardware stack levels used: 1
  3736 ;; This function calls:
  3737 ;;		Nothing
  3738 ;; This function is called by:
  3739 ;;		_change_password
  3740 ;; This function uses a non-reentrant model
  3741 ;;
  3742                           
  3743                           	psect	text9
  3744   001516                     __ptext9:
  3745                           	callstack 0
  3746   001516                     _strcmp:
  3747                           	callstack 28
  3748                           
  3749                           ;incstack = 0
  3750   001516  D002               	goto	l3174
  3751   001518                     l3172:
  3752   001518  2A35               	incf	strcmp@s1^0,f,c
  3753   00151A  2A36               	incf	strcmp@s2^0,f,c
  3754   00151C                     l3174:
  3755   00151C  5036               	movf	strcmp@s2^0,w,c
  3756   00151E  6ED9               	movwf	fsr2l,c
  3757   001520  6ADA               	clrf	fsr2h,c
  3758   001522  50DF               	movf	indf2,w,c
  3759   001524  6E37               	movwf	??_strcmp^0,c
  3760   001526  5035               	movf	strcmp@s1^0,w,c
  3761   001528  6ED9               	movwf	fsr2l,c
  3762   00152A  6ADA               	clrf	fsr2h,c
  3763   00152C  50DF               	movf	indf2,w,c
  3764   00152E  6E38               	movwf	(??_strcmp+1)^0,c
  3765   001530  5037               	movf	??_strcmp^0,w,c
  3766   001532  5C38               	subwf	(??_strcmp+1)^0,w,c
  3767   001534  6E39               	movwf	strcmp@r^0,c
  3768   001536  5039               	movf	strcmp@r^0,w,c
  3769   001538  A4D8               	btfss	status,2,c
  3770   00153A  D006               	goto	u2150
  3771   00153C  5035               	movf	strcmp@s1^0,w,c
  3772   00153E  6ED9               	movwf	fsr2l,c
  3773   001540  6ADA               	clrf	fsr2h,c
  3774   001542  50DF               	movf	indf2,w,c
  3775   001544  A4D8               	btfss	status,2,c
  3776   001546  D7E8               	goto	l3172
  3777   001548                     u2150:
  3778   001548  5039               	movf	strcmp@r^0,w,c
  3779   00154A  6E35               	movwf	?_strcmp^0,c
  3780   00154C  6A36               	clrf	(?_strcmp+1)^0,c
  3781   00154E  BE35               	btfsc	?_strcmp^0,7,c
  3782   001550  0636               	decf	(?_strcmp+1)^0,f,c
  3783   001552  0012               	return		;funcret
  3784   001554                     __end_of_strcmp:
  3785                           	callstack 0
  3786                           
  3787 ;; *************** function _password *****************
  3788 ;; Defined at:
  3789 ;;		line 464 in file "main.c"
  3790 ;; Parameters:    Size  Location     Type
  3791 ;;		None
  3792 ;; Auto vars:     Size  Location     Type
  3793 ;;  de              4   28[COMRAM] unsigned long 
  3794 ;;  delay2          4   24[COMRAM] unsigned long 
  3795 ;;  delay2          4   18[COMRAM] unsigned long 
  3796 ;;  x               2   34[COMRAM] int 
  3797 ;;  z               2   36[COMRAM] int 
  3798 ;;  i               2   38[COMRAM] unsigned int 
  3799 ;;  T               2   32[COMRAM] unsigned int 
  3800 ;;  blink           2   22[COMRAM] int 
  3801 ;; Return value:  Size  Location     Type
  3802 ;;                  2  441[None  ] int 
  3803 ;; Registers used:
  3804 ;;		wreg, fsr0l, fsr0h, fsr1l, fsr1h, fsr2l, fsr2h, status,2, status,0, tblptrl, tblptrh, tblptru, cstack
  3805 ;; Tracked objects:
  3806 ;;		On entry : 0/0
  3807 ;;		On exit  : 0/0
  3808 ;;		Unchanged: 0/0
  3809 ;; Data sizes:     COMRAM   BANK0   BANK1   BANK2   BANK3   BANK4   BANK5
  3810 ;;      Params:         0       0       0       0       0       0       0
  3811 ;;      Locals:        22       0       0       0       0       0       0
  3812 ;;      Temps:          2       0       0       0       0       0       0
  3813 ;;      Totals:        24       0       0       0       0       0       0
  3814 ;;Total ram usage:       24 bytes
  3815 ;; Hardware stack levels used: 1
  3816 ;; Hardware stack levels required when called: 4
  3817 ;; This function calls:
  3818 ;;		___awdiv
  3819 ;;		___awmod
  3820 ;;		_clcd_print
  3821 ;;		_clcd_putch
  3822 ;;		_clcd_write
  3823 ;;		_read_ext_eeprom
  3824 ;;		_read_switches
  3825 ;; This function is called by:
  3826 ;;		_main
  3827 ;; This function uses a non-reentrant model
  3828 ;;
  3829                           
  3830                           	psect	text10
  3831   00270C                     __ptext10:
  3832                           	callstack 0
  3833   00270C                     _password:
  3834                           	callstack 26
  3835                           
  3836                           ;main.c: 465: unsigned int i = 0, T = 3;
  3837                           
  3838                           ;incstack = 0
  3839   00270C  0E00               	movlw	0
  3840   00270E  6E5C               	movwf	(password@i+1)^0,c
  3841   002710  0E00               	movlw	0
  3842   002712  6E5B               	movwf	password@i^0,c
  3843   002714  0E00               	movlw	0
  3844   002716  6E56               	movwf	(password@T+1)^0,c
  3845   002718  0E03               	movlw	3
  3846   00271A  6E55               	movwf	password@T^0,c
  3847                           
  3848                           ;main.c: 466: int blink = 0;
  3849   00271C  0E00               	movlw	0
  3850   00271E  6E4C               	movwf	(password@blink+1)^0,c
  3851   002720  0E00               	movlw	0
  3852   002722  6E4B               	movwf	password@blink^0,c
  3853                           
  3854                           ;main.c: 467: while (T != 0) {
  3855   002724  D0F4               	goto	l4070
  3856   002726                     l3978:
  3857                           
  3858                           ;main.c: 468: clcd_print("ENTER PASSWORD", (0x80 + (0)));
  3859   002726  0E11               	movlw	low (STR_20+2)
  3860   002728  6E37               	movwf	clcd_print@data^0,c
  3861   00272A  0E2F               	movlw	high (STR_20+2)
  3862   00272C  6E38               	movwf	(clcd_print@data+1)^0,c
  3863   00272E  0E80               	movlw	128
  3864   002730  6E39               	movwf	clcd_print@addr^0,c
  3865   002732  ECA3  F00B         	call	_clcd_print	;wreg free
  3866                           
  3867                           ;main.c: 469: key = read_switches(1);
  3868   002736  0E01               	movlw	1
  3869   002738  EC4D  F00A         	call	_read_switches
  3870   00273C  6E30               	movwf	_key^0,c
  3871                           
  3872                           ;main.c: 471: if (blink++ < 15000) {
  3873   00273E  504B               	movf	password@blink^0,w,c
  3874   002740  6E45               	movwf	??_password^0,c
  3875   002742  504C               	movf	(password@blink+1)^0,w,c
  3876   002744  6E46               	movwf	(??_password+1)^0,c
  3877   002746  4A4B               	infsnz	password@blink^0,f,c
  3878   002748  2A4C               	incf	(password@blink+1)^0,f,c
  3879   00274A  BE46               	btfsc	(??_password+1)^0,7,c
  3880   00274C  D006               	goto	u3340
  3881   00274E  0E98               	movlw	152
  3882   002750  5C45               	subwf	??_password^0,w,c
  3883   002752  0E3A               	movlw	58
  3884   002754  5846               	subwfb	(??_password+1)^0,w,c
  3885   002756  B0D8               	btfsc	status,0,c
  3886   002758  D007               	goto	l3986
  3887   00275A                     u3340:
  3888                           
  3889                           ;main.c: 472: clcd_putch('_', (0xC0 + (i)));
  3890   00275A  505B               	movf	password@i^0,w,c
  3891   00275C  0FC0               	addlw	192
  3892   00275E  6E43               	movwf	clcd_putch@addr^0,c
  3893   002760  0E5F               	movlw	95
  3894   002762  EC76  F009         	call	_clcd_putch
  3895                           
  3896                           ;main.c: 473: } else {
  3897   002766  D006               	goto	l3988
  3898   002768                     l3986:
  3899                           
  3900                           ;main.c: 474: clcd_putch(' ', (0xC0 + (i)));
  3901   002768  505B               	movf	password@i^0,w,c
  3902   00276A  0FC0               	addlw	192
  3903   00276C  6E43               	movwf	clcd_putch@addr^0,c
  3904   00276E  0E20               	movlw	32
  3905   002770  EC76  F009         	call	_clcd_putch
  3906   002774                     l3988:
  3907                           
  3908                           ;main.c: 475: };main.c: 476: if (key == 5) {
  3909   002774  0E05               	movlw	5
  3910   002776  1830               	xorwf	_key^0,w,c
  3911   002778  A4D8               	btfss	status,2,c
  3912   00277A  D00F               	goto	l3996
  3913                           
  3914                           ;main.c: 477: in_pass[i] = '1';
  3915   00277C  505B               	movf	password@i^0,w,c
  3916   00277E  0F84               	addlw	low _in_pass
  3917   002780  6ED9               	movwf	fsr2l,c
  3918   002782  6ADA               	clrf	fsr2h,c
  3919   002784  0E31               	movlw	49
  3920   002786  6EDF               	movwf	indf2,c
  3921                           
  3922                           ;main.c: 478: clcd_putch('*', (0xC0 + (i)));
  3923   002788  505B               	movf	password@i^0,w,c
  3924   00278A  0FC0               	addlw	192
  3925   00278C  6E43               	movwf	clcd_putch@addr^0,c
  3926   00278E  0E2A               	movlw	42
  3927   002790  EC76  F009         	call	_clcd_putch
  3928   002794                     l3994:
  3929                           
  3930                           ;main.c: 479: i++;
  3931   002794  4A5B               	infsnz	password@i^0,f,c
  3932   002796  2A5C               	incf	(password@i+1)^0,f,c
  3933                           
  3934                           ;main.c: 480: } else if (key == 6) {
  3935   002798  D011               	goto	l4004
  3936   00279A                     l3996:
  3937   00279A  0E06               	movlw	6
  3938   00279C  1830               	xorwf	_key^0,w,c
  3939   00279E  A4D8               	btfss	status,2,c
  3940   0027A0  D00D               	goto	l4004
  3941                           
  3942                           ;main.c: 481: in_pass[i] = '0';
  3943   0027A2  505B               	movf	password@i^0,w,c
  3944   0027A4  0F84               	addlw	low _in_pass
  3945   0027A6  6ED9               	movwf	fsr2l,c
  3946   0027A8  6ADA               	clrf	fsr2h,c
  3947   0027AA  0E30               	movlw	48
  3948   0027AC  6EDF               	movwf	indf2,c
  3949                           
  3950                           ;main.c: 482: clcd_putch('*', (0xC0 + (i)));
  3951   0027AE  505B               	movf	password@i^0,w,c
  3952   0027B0  0FC0               	addlw	192
  3953   0027B2  6E43               	movwf	clcd_putch@addr^0,c
  3954   0027B4  0E2A               	movlw	42
  3955   0027B6  EC76  F009         	call	_clcd_putch
  3956   0027BA  D7EC               	goto	l3994
  3957   0027BC                     l4004:
  3958                           
  3959                           ;main.c: 484: };main.c: 486: if (i == 4) {
  3960   0027BC  0E04               	movlw	4
  3961   0027BE  185B               	xorwf	password@i^0,w,c
  3962   0027C0  105C               	iorwf	(password@i+1)^0,w,c
  3963   0027C2  A4D8               	btfss	status,2,c
  3964   0027C4  D0A4               	goto	l4070
  3965                           
  3966                           ;main.c: 487: in_pass[i] = '\0';
  3967   0027C6  505B               	movf	password@i^0,w,c
  3968   0027C8  0F84               	addlw	low _in_pass
  3969   0027CA  6ED9               	movwf	fsr2l,c
  3970   0027CC  6ADA               	clrf	fsr2h,c
  3971   0027CE  6ADF               	clrf	indf2,c
  3972                           
  3973                           ;main.c: 488: for (l = 0; l < 4; l++) {
  3974   0027D0  0E00               	movlw	0
  3975   0027D2  6E29               	movwf	(_l+1)^0,c
  3976   0027D4  0E00               	movlw	0
  3977   0027D6  6E28               	movwf	_l^0,c
  3978   0027D8                     l4010:
  3979   0027D8  5029               	movf	(_l+1)^0,w,c
  3980   0027DA  E110               	bnz	l4020
  3981   0027DC  0E04               	movlw	4
  3982   0027DE  5C28               	subwf	_l^0,w,c
  3983   0027E0  B0D8               	btfsc	status,0,c
  3984   0027E2  D00C               	goto	l4020
  3985                           
  3986                           ;main.c: 489: pass[l] = read_ext_eeprom(200 + l);
  3987   0027E4  5028               	movf	_l^0,w,c
  3988   0027E6  0FB3               	addlw	low _pass
  3989   0027E8  6ED9               	movwf	fsr2l,c
  3990   0027EA  6ADA               	clrf	fsr2h,c
  3991   0027EC  5028               	movf	_l^0,w,c
  3992   0027EE  0FC8               	addlw	200
  3993   0027F0  ECE9  F009         	call	_read_ext_eeprom
  3994   0027F4  6EDF               	movwf	indf2,c
  3995   0027F6  4A28               	infsnz	_l^0,f,c
  3996   0027F8  2A29               	incf	(_l+1)^0,f,c
  3997   0027FA  D7EE               	goto	l4010
  3998   0027FC                     l4020:
  3999                           
  4000                           ;main.c: 490: };main.c: 491: for (int x = 0; x < 4; x++) {
  4001   0027FC  0E00               	movlw	0
  4002   0027FE  6E58               	movwf	(password@x+1)^0,c
  4003   002800  0E00               	movlw	0
  4004   002802  6E57               	movwf	password@x^0,c
  4005   002804                     l4026:
  4006                           
  4007                           ;main.c: 492: if (in_pass[x] == pass[x]) {
  4008   002804  5057               	movf	password@x^0,w,c
  4009   002806  0FB3               	addlw	low _pass
  4010   002808  6ED9               	movwf	fsr2l,c
  4011   00280A  6ADA               	clrf	fsr2h,c
  4012   00280C  5057               	movf	password@x^0,w,c
  4013   00280E  0F84               	addlw	low _in_pass
  4014   002810  6EE1               	movwf	fsr1l,c
  4015   002812  6AE2               	clrf	fsr1h,c
  4016   002814  50DE               	movf	postinc2,w,c
  4017   002816  18E6               	xorwf	postinc1,w,c
  4018   002818  A4D8               	btfss	status,2,c
  4019   00281A  D003               	goto	l4030
  4020                           
  4021                           ;main.c: 493: equal++;
  4022   00281C  4A1A               	infsnz	_equal^0,f,c
  4023   00281E  2A1B               	incf	(_equal+1)^0,f,c
  4024                           
  4025                           ;main.c: 494: } else {
  4026   002820  D004               	goto	l4032
  4027   002822                     l4030:
  4028                           
  4029                           ;main.c: 495: equal = 0;
  4030   002822  0E00               	movlw	0
  4031   002824  6E1B               	movwf	(_equal+1)^0,c
  4032   002826  0E00               	movlw	0
  4033   002828  6E1A               	movwf	_equal^0,c
  4034   00282A                     l4032:
  4035   00282A  4A57               	infsnz	password@x^0,f,c
  4036   00282C  2A58               	incf	(password@x+1)^0,f,c
  4037   00282E  BE58               	btfsc	(password@x+1)^0,7,c
  4038   002830  D7E9               	goto	l4026
  4039   002832  5058               	movf	(password@x+1)^0,w,c
  4040   002834  E104               	bnz	u3400
  4041   002836  0E04               	movlw	4
  4042   002838  5C57               	subwf	password@x^0,w,c
  4043   00283A  A0D8               	btfss	status,0,c
  4044   00283C  D7E3               	goto	l4026
  4045   00283E                     u3400:
  4046                           
  4047                           ;main.c: 496: };main.c: 497: };main.c: 498: if (equal >= 4) {
  4048   00283E  BE1B               	btfsc	(_equal+1)^0,7,c
  4049   002840  D02D               	goto	l4050
  4050   002842  501B               	movf	(_equal+1)^0,w,c
  4051   002844  E104               	bnz	u3410
  4052   002846  0E04               	movlw	4
  4053   002848  5C1A               	subwf	_equal^0,w,c
  4054   00284A  A0D8               	btfss	status,0,c
  4055   00284C  D027               	goto	l4050
  4056   00284E                     u3410:
  4057                           
  4058                           ;main.c: 499: clcd_print("SUCCESSFUL", (0xC0 + (0)));
  4059   00284E  0EE4               	movlw	low STR_26
  4060   002850  6E37               	movwf	clcd_print@data^0,c
  4061   002852  0E2F               	movlw	high STR_26
  4062   002854  6E38               	movwf	(clcd_print@data+1)^0,c
  4063   002856  0EC0               	movlw	192
  4064   002858  6E39               	movwf	clcd_print@addr^0,c
  4065   00285A  ECA3  F00B         	call	_clcd_print	;wreg free
  4066                           
  4067                           ;main.c: 500: for (unsigned long int delay2 = 1000000; delay2--;);
  4068   00285E  0E40               	movlw	64
  4069   002860  6E47               	movwf	password@delay2^0,c
  4070   002862  0E42               	movlw	66
  4071   002864  6E48               	movwf	(password@delay2+1)^0,c
  4072   002866  0E0F               	movlw	15
  4073   002868  6E49               	movwf	(password@delay2+2)^0,c
  4074   00286A  0E00               	movlw	0
  4075   00286C  6E4A               	movwf	(password@delay2+3)^0,c
  4076   00286E                     l4042:
  4077   00286E  0647               	decf	password@delay2^0,f,c
  4078   002870  0E00               	movlw	0
  4079   002872  5A48               	subwfb	(password@delay2+1)^0,f,c
  4080   002874  5A49               	subwfb	(password@delay2+2)^0,f,c
  4081   002876  5A4A               	subwfb	(password@delay2+3)^0,f,c
  4082   002878  2847               	incf	password@delay2^0,w,c
  4083   00287A  E1F9               	bnz	l4042
  4084   00287C  2848               	incf	(password@delay2+1)^0,w,c
  4085   00287E  E1F7               	bnz	l4042
  4086   002880  2849               	incf	(password@delay2+2)^0,w,c
  4087   002882  E1F5               	bnz	l4042
  4088   002884  284A               	incf	(password@delay2+3)^0,w,c
  4089   002886  A4D8               	btfss	status,2,c
  4090   002888  D7F2               	goto	l4042
  4091                           
  4092                           ;main.c: 501: clcd_write(0x01, 0);
  4093   00288A  0E00               	movlw	0
  4094   00288C  6E35               	movwf	clcd_write@control_bit^0,c
  4095   00288E  0E01               	movlw	1
  4096   002890  ECC0  F009         	call	_clcd_write
  4097                           
  4098                           ;main.c: 502: flag = 2;
  4099   002894  0E00               	movlw	0
  4100   002896  6E23               	movwf	(_flag+1)^0,c
  4101   002898  0E02               	movlw	2
  4102   00289A  D00E               	goto	L2
  4103   00289C                     l4050:
  4104                           
  4105                           ;main.c: 506: i = 0;
  4106   00289C  0E00               	movlw	0
  4107   00289E  6E5C               	movwf	(password@i+1)^0,c
  4108   0028A0  0E00               	movlw	0
  4109   0028A2  6E5B               	movwf	password@i^0,c
  4110                           
  4111                           ;main.c: 507: if (--T == 0) {
  4112   0028A4  0655               	decf	password@T^0,f,c
  4113   0028A6  A0D8               	btfss	status,0,c
  4114   0028A8  0656               	decf	(password@T+1)^0,f,c
  4115   0028AA  5055               	movf	password@T^0,w,c
  4116   0028AC  1056               	iorwf	(password@T+1)^0,w,c
  4117   0028AE  A4D8               	btfss	status,2,c
  4118   0028B0  D005               	goto	l4056
  4119                           
  4120                           ;main.c: 508: flag = 10;
  4121   0028B2  0E00               	movlw	0
  4122   0028B4  6E23               	movwf	(_flag+1)^0,c
  4123   0028B6  0E0A               	movlw	10
  4124   0028B8                     L2:
  4125   0028B8  6E22               	movwf	_flag^0,c
  4126                           
  4127                           ;main.c: 509: break;
  4128   0028BA  D02D               	goto	u3450
  4129   0028BC                     l4056:
  4130                           
  4131                           ;main.c: 510: };main.c: 511: clcd_putch(('0' + T), (0xC0 + (0)));
  4132   0028BC  0EC0               	movlw	192
  4133   0028BE  6E43               	movwf	clcd_putch@addr^0,c
  4134   0028C0  5055               	movf	password@T^0,w,c
  4135   0028C2  0F30               	addlw	48
  4136   0028C4  EC76  F009         	call	_clcd_putch
  4137                           
  4138                           ;main.c: 513: clcd_print(" Attempt left ", (0xC0 + (1)));
  4139   0028C8  0E8F               	movlw	low STR_27
  4140   0028CA  6E37               	movwf	clcd_print@data^0,c
  4141   0028CC  0E2F               	movlw	high STR_27
  4142   0028CE  6E38               	movwf	(clcd_print@data+1)^0,c
  4143   0028D0  0EC1               	movlw	193
  4144   0028D2  6E39               	movwf	clcd_print@addr^0,c
  4145   0028D4  ECA3  F00B         	call	_clcd_print	;wreg free
  4146                           
  4147                           ;main.c: 515: for (unsigned long int delay2 = 1000000; delay2 > 0; delay2--);
  4148   0028D8  0E40               	movlw	64
  4149   0028DA  6E4D               	movwf	password@delay2_310^0,c
  4150   0028DC  0E42               	movlw	66
  4151   0028DE  6E4E               	movwf	(password@delay2_310+1)^0,c
  4152   0028E0  0E0F               	movlw	15
  4153   0028E2  6E4F               	movwf	(password@delay2_310+2)^0,c
  4154   0028E4  0E00               	movlw	0
  4155   0028E6  6E50               	movwf	(password@delay2_310+3)^0,c
  4156   0028E8                     l4066:
  4157   0028E8  064D               	decf	password@delay2_310^0,f,c
  4158   0028EA  0E00               	movlw	0
  4159   0028EC  5A4E               	subwfb	(password@delay2_310+1)^0,f,c
  4160   0028EE  5A4F               	subwfb	(password@delay2_310+2)^0,f,c
  4161   0028F0  5A50               	subwfb	(password@delay2_310+3)^0,f,c
  4162   0028F2  504D               	movf	password@delay2_310^0,w,c
  4163   0028F4  104E               	iorwf	(password@delay2_310+1)^0,w,c
  4164   0028F6  104F               	iorwf	(password@delay2_310+2)^0,w,c
  4165   0028F8  1050               	iorwf	(password@delay2_310+3)^0,w,c
  4166   0028FA  A4D8               	btfss	status,2,c
  4167   0028FC  D7F5               	goto	l4066
  4168                           
  4169                           ;main.c: 517: clcd_print("                ", (0xC0 + (0)));
  4170   0028FE  0EA8               	movlw	low (STR_9+2)
  4171   002900  6E37               	movwf	clcd_print@data^0,c
  4172   002902  0E2E               	movlw	high (STR_9+2)
  4173   002904  6E38               	movwf	(clcd_print@data+1)^0,c
  4174   002906  0EC0               	movlw	192
  4175   002908  6E39               	movwf	clcd_print@addr^0,c
  4176   00290A  ECA3  F00B         	call	_clcd_print	;wreg free
  4177   00290E                     l4070:
  4178   00290E  5055               	movf	password@T^0,w,c
  4179   002910  1056               	iorwf	(password@T+1)^0,w,c
  4180   002912  A4D8               	btfss	status,2,c
  4181   002914  D708               	goto	l3978
  4182   002916                     u3450:
  4183                           
  4184                           ;main.c: 518: };main.c: 520: };main.c: 522: };main.c: 523: if (flag == 10) {
  4185   002916  0E0A               	movlw	10
  4186   002918  1822               	xorwf	_flag^0,w,c
  4187   00291A  1023               	iorwf	(_flag+1)^0,w,c
  4188   00291C  A4D8               	btfss	status,2,c
  4189   00291E  0012               	return	
  4190                           
  4191                           ;main.c: 524: clcd_write(0x01, 0);
  4192   002920  0E00               	movlw	0
  4193   002922  6E35               	movwf	clcd_write@control_bit^0,c
  4194   002924  0E01               	movlw	1
  4195   002926  ECC0  F009         	call	_clcd_write
  4196                           
  4197                           ;main.c: 525: clcd_print("You are Blocked     ", (0x80 + (0)));
  4198   00292A  0E91               	movlw	low STR_29
  4199   00292C  6E37               	movwf	clcd_print@data^0,c
  4200   00292E  0E2E               	movlw	high STR_29
  4201   002930  6E38               	movwf	(clcd_print@data+1)^0,c
  4202   002932  0E80               	movlw	128
  4203   002934  6E39               	movwf	clcd_print@addr^0,c
  4204   002936  ECA3  F00B         	call	_clcd_print	;wreg free
  4205                           
  4206                           ;main.c: 526: for (int z = 120; z >= 0; z--) {
  4207   00293A  0E00               	movlw	0
  4208   00293C  6E5A               	movwf	(password@z+1)^0,c
  4209   00293E  0E78               	movlw	120
  4210   002940  6E59               	movwf	password@z^0,c
  4211   002942                     l4084:
  4212                           
  4213                           ;main.c: 527: clcd_putch(((z % 10) + '0'), (0xC0 + (10)));
  4214   002942  0ECA               	movlw	202
  4215   002944  6E43               	movwf	clcd_putch@addr^0,c
  4216   002946  C059  F03D         	movff	password@z,___awmod@dividend
  4217   00294A  C05A  F03E         	movff	password@z+1,___awmod@dividend+1
  4218   00294E  0E00               	movlw	0
  4219   002950  6E40               	movwf	(___awmod@divisor+1)^0,c
  4220   002952  0E0A               	movlw	10
  4221   002954  6E3F               	movwf	___awmod@divisor^0,c
  4222   002956  EC6A  F00C         	call	___awmod	;wreg free
  4223   00295A  503D               	movf	?___awmod^0,w,c
  4224   00295C  0F30               	addlw	48
  4225   00295E  EC76  F009         	call	_clcd_putch
  4226                           
  4227                           ;main.c: 528: clcd_putch((((z / 10) % 10) + '0'), (0xC0 + (9)));
  4228   002962  0EC9               	movlw	201
  4229   002964  6E43               	movwf	clcd_putch@addr^0,c
  4230   002966  0E00               	movlw	0
  4231   002968  6E38               	movwf	(___awdiv@divisor+1)^0,c
  4232   00296A  0E0A               	movlw	10
  4233   00296C  6E37               	movwf	___awdiv@divisor^0,c
  4234   00296E  C059  F035         	movff	password@z,___awdiv@dividend
  4235   002972  C05A  F036         	movff	password@z+1,___awdiv@dividend+1
  4236   002976  ECDE  F00C         	call	___awdiv	;wreg free
  4237   00297A  C035  F03D         	movff	?___awdiv,___awmod@dividend
  4238   00297E  C036  F03E         	movff	?___awdiv+1,___awmod@dividend+1
  4239   002982  0E00               	movlw	0
  4240   002984  6E40               	movwf	(___awmod@divisor+1)^0,c
  4241   002986  0E0A               	movlw	10
  4242   002988  6E3F               	movwf	___awmod@divisor^0,c
  4243   00298A  EC6A  F00C         	call	___awmod	;wreg free
  4244   00298E  503D               	movf	?___awmod^0,w,c
  4245   002990  0F30               	addlw	48
  4246   002992  EC76  F009         	call	_clcd_putch
  4247                           
  4248                           ;main.c: 529: clcd_putch((((z / 100) % 10) + '0'), (0xC0 + (8)));
  4249   002996  0EC8               	movlw	200
  4250   002998  6E43               	movwf	clcd_putch@addr^0,c
  4251   00299A  0E00               	movlw	0
  4252   00299C  6E38               	movwf	(___awdiv@divisor+1)^0,c
  4253   00299E  0E64               	movlw	100
  4254   0029A0  6E37               	movwf	___awdiv@divisor^0,c
  4255   0029A2  C059  F035         	movff	password@z,___awdiv@dividend
  4256   0029A6  C05A  F036         	movff	password@z+1,___awdiv@dividend+1
  4257   0029AA  ECDE  F00C         	call	___awdiv	;wreg free
  4258   0029AE  C035  F03D         	movff	?___awdiv,___awmod@dividend
  4259   0029B2  C036  F03E         	movff	?___awdiv+1,___awmod@dividend+1
  4260   0029B6  0E00               	movlw	0
  4261   0029B8  6E40               	movwf	(___awmod@divisor+1)^0,c
  4262   0029BA  0E0A               	movlw	10
  4263   0029BC  6E3F               	movwf	___awmod@divisor^0,c
  4264   0029BE  EC6A  F00C         	call	___awmod	;wreg free
  4265   0029C2  503D               	movf	?___awmod^0,w,c
  4266   0029C4  0F30               	addlw	48
  4267   0029C6  EC76  F009         	call	_clcd_putch
  4268                           
  4269                           ;main.c: 530: clcd_print("wait...", (0xC0 + (0)));
  4270   0029CA  0EEF               	movlw	low STR_30
  4271   0029CC  6E37               	movwf	clcd_print@data^0,c
  4272   0029CE  0E2F               	movlw	high STR_30
  4273   0029D0  6E38               	movwf	(clcd_print@data+1)^0,c
  4274   0029D2  0EC0               	movlw	192
  4275   0029D4  6E39               	movwf	clcd_print@addr^0,c
  4276   0029D6  ECA3  F00B         	call	_clcd_print	;wreg free
  4277                           
  4278                           ;main.c: 531: for (unsigned long int de = 0; de < 200000; de++);
  4279   0029DA  0E00               	movlw	0
  4280   0029DC  6E51               	movwf	password@de^0,c
  4281   0029DE  0E00               	movlw	0
  4282   0029E0  6E52               	movwf	(password@de+1)^0,c
  4283   0029E2  0E00               	movlw	0
  4284   0029E4  6E53               	movwf	(password@de+2)^0,c
  4285   0029E6  0E00               	movlw	0
  4286   0029E8  6E54               	movwf	(password@de+3)^0,c
  4287   0029EA                     l4094:
  4288   0029EA  0E01               	movlw	1
  4289   0029EC  2651               	addwf	password@de^0,f,c
  4290   0029EE  0E00               	movlw	0
  4291   0029F0  2252               	addwfc	(password@de+1)^0,f,c
  4292   0029F2  2253               	addwfc	(password@de+2)^0,f,c
  4293   0029F4  2254               	addwfc	(password@de+3)^0,f,c
  4294   0029F6  5054               	movf	(password@de+3)^0,w,c
  4295   0029F8  E108               	bnz	u3470
  4296   0029FA  0E40               	movlw	64
  4297   0029FC  5C51               	subwf	password@de^0,w,c
  4298   0029FE  0E0D               	movlw	13
  4299   002A00  5852               	subwfb	(password@de+1)^0,w,c
  4300   002A02  0E03               	movlw	3
  4301   002A04  5853               	subwfb	(password@de+2)^0,w,c
  4302   002A06  A0D8               	btfss	status,0,c
  4303   002A08  D7F0               	goto	l4094
  4304   002A0A                     u3470:
  4305                           
  4306                           ;main.c: 532: clcd_print("            ", (0xC0 + (0)));
  4307   002A0A  0EAC               	movlw	low (STR_9+6)
  4308   002A0C  6E37               	movwf	clcd_print@data^0,c
  4309   002A0E  0E2E               	movlw	high (STR_9+6)
  4310   002A10  6E38               	movwf	(clcd_print@data+1)^0,c
  4311   002A12  0EC0               	movlw	192
  4312   002A14  6E39               	movwf	clcd_print@addr^0,c
  4313   002A16  ECA3  F00B         	call	_clcd_print	;wreg free
  4314   002A1A  0659               	decf	password@z^0,f,c
  4315   002A1C  A0D8               	btfss	status,0,c
  4316   002A1E  065A               	decf	(password@z+1)^0,f,c
  4317   002A20  BE5A               	btfsc	(password@z+1)^0,7,c
  4318   002A22  0012               	return	
  4319   002A24  D78E               	goto	l4084
  4320   002A26                     __end_of_password:
  4321                           	callstack 0
  4322                           
  4323 ;; *************** function _read_ext_eeprom *****************
  4324 ;; Defined at:
  4325 ;;		line 106 in file "external_eeprom.c"
  4326 ;; Parameters:    Size  Location     Type
  4327 ;;  address1        1    wreg     unsigned char 
  4328 ;; Auto vars:     Size  Location     Type
  4329 ;;  address1        1    1[COMRAM] unsigned char 
  4330 ;;  data1           1    2[COMRAM] unsigned char 
  4331 ;; Return value:  Size  Location     Type
  4332 ;;                  1    wreg      unsigned char 
  4333 ;; Registers used:
  4334 ;;		wreg, status,2, cstack
  4335 ;; Tracked objects:
  4336 ;;		On entry : 0/0
  4337 ;;		On exit  : 0/0
  4338 ;;		Unchanged: 0/0
  4339 ;; Data sizes:     COMRAM   BANK0   BANK1   BANK2   BANK3   BANK4   BANK5
  4340 ;;      Params:         0       0       0       0       0       0       0
  4341 ;;      Locals:         2       0       0       0       0       0       0
  4342 ;;      Temps:          0       0       0       0       0       0       0
  4343 ;;      Totals:         2       0       0       0       0       0       0
  4344 ;;Total ram usage:        2 bytes
  4345 ;; Hardware stack levels used: 1
  4346 ;; Hardware stack levels required when called: 3
  4347 ;; This function calls:
  4348 ;;		_i2c_read1
  4349 ;;		_i2c_rep_start1
  4350 ;;		_i2c_start1
  4351 ;;		_i2c_stop1
  4352 ;;		_i2c_write1
  4353 ;; This function is called by:
  4354 ;;		_download_log
  4355 ;;		_view_log
  4356 ;;		_change_password
  4357 ;;		_password
  4358 ;; This function uses a non-reentrant model
  4359 ;;
  4360                           
  4361                           	psect	text11
  4362   0013D2                     __ptext11:
  4363                           	callstack 0
  4364   0013D2                     _read_ext_eeprom:
  4365                           	callstack 25
  4366                           
  4367                           ;incstack = 0
  4368                           ;read_ext_eeprom@address1 stored from wreg
  4369   0013D2  6E36               	movwf	read_ext_eeprom@address1^0,c
  4370                           
  4371                           ;external_eeprom.c: 108: unsigned char data1;;external_eeprom.c: 110: i2c_start1();
  4372   0013D4  EC36  F009         	call	_i2c_start1	;wreg free
  4373                           
  4374                           ;external_eeprom.c: 111: i2c_write1(0xA0);
  4375   0013D8  0EA0               	movlw	160
  4376   0013DA  EC56  F009         	call	_i2c_write1
  4377                           
  4378                           ;external_eeprom.c: 112: i2c_write1(address1);
  4379   0013DE  5036               	movf	read_ext_eeprom@address1^0,w,c
  4380   0013E0  EC56  F009         	call	_i2c_write1
  4381                           
  4382                           ;external_eeprom.c: 113: i2c_rep_start1();
  4383   0013E4  EC46  F009         	call	_i2c_rep_start1	;wreg free
  4384                           
  4385                           ;external_eeprom.c: 114: i2c_write1(0xA1);
  4386   0013E8  0EA1               	movlw	161
  4387   0013EA  EC56  F009         	call	_i2c_write1
  4388                           
  4389                           ;external_eeprom.c: 115: data1 = i2c_read1();
  4390   0013EE  EC42  F009         	call	_i2c_read1	;wreg free
  4391   0013F2  6E37               	movwf	read_ext_eeprom@data1^0,c
  4392                           
  4393                           ;external_eeprom.c: 116: i2c_stop1();
  4394   0013F4  EC3A  F009         	call	_i2c_stop1	;wreg free
  4395                           
  4396                           ;external_eeprom.c: 118: return data1;
  4397   0013F8  5037               	movf	read_ext_eeprom@data1^0,w,c
  4398   0013FA  0012               	return		;funcret
  4399   0013FC                     __end_of_read_ext_eeprom:
  4400                           	callstack 0
  4401                           
  4402 ;; *************** function _i2c_rep_start1 *****************
  4403 ;; Defined at:
  4404 ;;		line 63 in file "external_eeprom.c"
  4405 ;; Parameters:    Size  Location     Type
  4406 ;;		None
  4407 ;; Auto vars:     Size  Location     Type
  4408 ;;		None
  4409 ;; Return value:  Size  Location     Type
  4410 ;;                  1    wreg      void 
  4411 ;; Registers used:
  4412 ;;		cstack
  4413 ;; Tracked objects:
  4414 ;;		On entry : 0/0
  4415 ;;		On exit  : 0/0
  4416 ;;		Unchanged: 0/0
  4417 ;; Data sizes:     COMRAM   BANK0   BANK1   BANK2   BANK3   BANK4   BANK5
  4418 ;;      Params:         0       0       0       0       0       0       0
  4419 ;;      Locals:         0       0       0       0       0       0       0
  4420 ;;      Temps:          0       0       0       0       0       0       0
  4421 ;;      Totals:         0       0       0       0       0       0       0
  4422 ;;Total ram usage:        0 bytes
  4423 ;; Hardware stack levels used: 1
  4424 ;; Hardware stack levels required when called: 1
  4425 ;; This function calls:
  4426 ;;		_i2c_idle1
  4427 ;; This function is called by:
  4428 ;;		_read_ext_eeprom
  4429 ;; This function uses a non-reentrant model
  4430 ;;
  4431                           
  4432                           	psect	text12
  4433   00128C                     __ptext12:
  4434                           	callstack 0
  4435   00128C                     _i2c_rep_start1:
  4436                           	callstack 26
  4437                           
  4438                           ;external_eeprom.c: 65: RSEN = 1;
  4439                           
  4440                           ;incstack = 0
  4441   00128C  82C5               	bsf	4037,1,c	;volatile
  4442                           
  4443                           ;external_eeprom.c: 66: i2c_idle1();
  4444   00128E  EC32  F009         	call	_i2c_idle1	;wreg free
  4445   001292  0012               	return		;funcret
  4446   001294                     __end_of_i2c_rep_start1:
  4447                           	callstack 0
  4448                           
  4449 ;; *************** function _i2c_read1 *****************
  4450 ;; Defined at:
  4451 ;;		line 87 in file "external_eeprom.c"
  4452 ;; Parameters:    Size  Location     Type
  4453 ;;		None
  4454 ;; Auto vars:     Size  Location     Type
  4455 ;;		None
  4456 ;; Return value:  Size  Location     Type
  4457 ;;                  1    wreg      unsigned char 
  4458 ;; Registers used:
  4459 ;;		wreg, status,2, cstack
  4460 ;; Tracked objects:
  4461 ;;		On entry : 0/0
  4462 ;;		On exit  : 0/0
  4463 ;;		Unchanged: 0/0
  4464 ;; Data sizes:     COMRAM   BANK0   BANK1   BANK2   BANK3   BANK4   BANK5
  4465 ;;      Params:         0       0       0       0       0       0       0
  4466 ;;      Locals:         0       0       0       0       0       0       0
  4467 ;;      Temps:          0       0       0       0       0       0       0
  4468 ;;      Totals:         0       0       0       0       0       0       0
  4469 ;;Total ram usage:        0 bytes
  4470 ;; Hardware stack levels used: 1
  4471 ;; Hardware stack levels required when called: 2
  4472 ;; This function calls:
  4473 ;;		_i2c_rx_mode1
  4474 ;; This function is called by:
  4475 ;;		_read_ext_eeprom
  4476 ;; This function uses a non-reentrant model
  4477 ;;
  4478                           
  4479                           	psect	text13
  4480   001284                     __ptext13:
  4481                           	callstack 0
  4482   001284                     _i2c_read1:
  4483                           	callstack 25
  4484                           
  4485                           ;external_eeprom.c: 89: i2c_rx_mode1();
  4486                           
  4487                           ;incstack = 0
  4488   001284  EC3E  F009         	call	_i2c_rx_mode1	;wreg free
  4489                           
  4490                           ;external_eeprom.c: 92: return SSPBUF;
  4491   001288  50C9               	movf	201,w,c	;volatile
  4492   00128A  0012               	return		;funcret
  4493   00128C                     __end_of_i2c_read1:
  4494                           	callstack 0
  4495                           
  4496 ;; *************** function _i2c_rx_mode1 *****************
  4497 ;; Defined at:
  4498 ;;		line 75 in file "external_eeprom.c"
  4499 ;; Parameters:    Size  Location     Type
  4500 ;;		None
  4501 ;; Auto vars:     Size  Location     Type
  4502 ;;		None
  4503 ;; Return value:  Size  Location     Type
  4504 ;;                  1    wreg      void 
  4505 ;; Registers used:
  4506 ;;		cstack
  4507 ;; Tracked objects:
  4508 ;;		On entry : 0/0
  4509 ;;		On exit  : 0/0
  4510 ;;		Unchanged: 0/0
  4511 ;; Data sizes:     COMRAM   BANK0   BANK1   BANK2   BANK3   BANK4   BANK5
  4512 ;;      Params:         0       0       0       0       0       0       0
  4513 ;;      Locals:         0       0       0       0       0       0       0
  4514 ;;      Temps:          0       0       0       0       0       0       0
  4515 ;;      Totals:         0       0       0       0       0       0       0
  4516 ;;Total ram usage:        0 bytes
  4517 ;; Hardware stack levels used: 1
  4518 ;; Hardware stack levels required when called: 1
  4519 ;; This function calls:
  4520 ;;		_i2c_idle1
  4521 ;; This function is called by:
  4522 ;;		_i2c_read1
  4523 ;; This function uses a non-reentrant model
  4524 ;;
  4525                           
  4526                           	psect	text14
  4527   00127C                     __ptext14:
  4528                           	callstack 0
  4529   00127C                     _i2c_rx_mode1:
  4530                           	callstack 25
  4531                           
  4532                           ;external_eeprom.c: 77: RCEN = 1;
  4533                           
  4534                           ;incstack = 0
  4535   00127C  86C5               	bsf	4037,3,c	;volatile
  4536                           
  4537                           ;external_eeprom.c: 78: i2c_idle1();
  4538   00127E  EC32  F009         	call	_i2c_idle1	;wreg free
  4539   001282  0012               	return		;funcret
  4540   001284                     __end_of_i2c_rx_mode1:
  4541                           	callstack 0
  4542                           
  4543 ;; *************** function ___awmod *****************
  4544 ;; Defined at:
  4545 ;;		line 7 in file "C:\Program Files\Microchip\xc8\v2.41\pic\sources\c90\common\awmod.c"
  4546 ;; Parameters:    Size  Location     Type
  4547 ;;  dividend        2    8[COMRAM] int 
  4548 ;;  divisor         2   10[COMRAM] int 
  4549 ;; Auto vars:     Size  Location     Type
  4550 ;;  sign            1   13[COMRAM] unsigned char 
  4551 ;;  counter         1   12[COMRAM] unsigned char 
  4552 ;; Return value:  Size  Location     Type
  4553 ;;                  2    8[COMRAM] int 
  4554 ;; Registers used:
  4555 ;;		wreg, status,2, status,0
  4556 ;; Tracked objects:
  4557 ;;		On entry : 0/0
  4558 ;;		On exit  : 0/0
  4559 ;;		Unchanged: 0/0
  4560 ;; Data sizes:     COMRAM   BANK0   BANK1   BANK2   BANK3   BANK4   BANK5
  4561 ;;      Params:         4       0       0       0       0       0       0
  4562 ;;      Locals:         2       0       0       0       0       0       0
  4563 ;;      Temps:          0       0       0       0       0       0       0
  4564 ;;      Totals:         6       0       0       0       0       0       0
  4565 ;;Total ram usage:        6 bytes
  4566 ;; Hardware stack levels used: 1
  4567 ;; This function calls:
  4568 ;;		Nothing
  4569 ;; This function is called by:
  4570 ;;		_password
  4571 ;; This function uses a non-reentrant model
  4572 ;;
  4573                           
  4574                           	psect	text15
  4575   0018D4                     __ptext15:
  4576                           	callstack 0
  4577   0018D4                     ___awmod:
  4578                           	callstack 29
  4579                           
  4580                           ;incstack = 0
  4581   0018D4  0E00               	movlw	0
  4582   0018D6  6E42               	movwf	___awmod@sign^0,c
  4583   0018D8  AE3E               	btfss	(___awmod@dividend+1)^0,7,c
  4584   0018DA  D006               	goto	l3846
  4585   0018DC  6C3D               	negf	___awmod@dividend^0,c
  4586   0018DE  1E3E               	comf	(___awmod@dividend+1)^0,f,c
  4587   0018E0  B0D8               	btfsc	status,0,c
  4588   0018E2  2A3E               	incf	(___awmod@dividend+1)^0,f,c
  4589   0018E4  0E01               	movlw	1
  4590   0018E6  6E42               	movwf	___awmod@sign^0,c
  4591   0018E8                     l3846:
  4592   0018E8  AE40               	btfss	(___awmod@divisor+1)^0,7,c
  4593   0018EA  D004               	goto	l3850
  4594   0018EC  6C3F               	negf	___awmod@divisor^0,c
  4595   0018EE  1E40               	comf	(___awmod@divisor+1)^0,f,c
  4596   0018F0  B0D8               	btfsc	status,0,c
  4597   0018F2  2A40               	incf	(___awmod@divisor+1)^0,f,c
  4598   0018F4                     l3850:
  4599   0018F4  503F               	movf	___awmod@divisor^0,w,c
  4600   0018F6  1040               	iorwf	(___awmod@divisor+1)^0,w,c
  4601   0018F8  B4D8               	btfsc	status,2,c
  4602   0018FA  D018               	goto	l3866
  4603   0018FC  0E01               	movlw	1
  4604   0018FE  6E41               	movwf	___awmod@counter^0,c
  4605   001900  D004               	goto	l3856
  4606   001902                     l3854:
  4607   001902  90D8               	bcf	status,0,c
  4608   001904  363F               	rlcf	___awmod@divisor^0,f,c
  4609   001906  3640               	rlcf	(___awmod@divisor+1)^0,f,c
  4610   001908  2A41               	incf	___awmod@counter^0,f,c
  4611   00190A                     l3856:
  4612   00190A  AE40               	btfss	(___awmod@divisor+1)^0,7,c
  4613   00190C  D7FA               	goto	l3854
  4614   00190E                     u3170:
  4615   00190E  503F               	movf	___awmod@divisor^0,w,c
  4616   001910  5C3D               	subwf	___awmod@dividend^0,w,c
  4617   001912  5040               	movf	(___awmod@divisor+1)^0,w,c
  4618   001914  583E               	subwfb	(___awmod@dividend+1)^0,w,c
  4619   001916  A0D8               	btfss	status,0,c
  4620   001918  D004               	goto	l3862
  4621   00191A  503F               	movf	___awmod@divisor^0,w,c
  4622   00191C  5E3D               	subwf	___awmod@dividend^0,f,c
  4623   00191E  5040               	movf	(___awmod@divisor+1)^0,w,c
  4624   001920  5A3E               	subwfb	(___awmod@dividend+1)^0,f,c
  4625   001922                     l3862:
  4626   001922  90D8               	bcf	status,0,c
  4627   001924  3240               	rrcf	(___awmod@divisor+1)^0,f,c
  4628   001926  323F               	rrcf	___awmod@divisor^0,f,c
  4629   001928  2E41               	decfsz	___awmod@counter^0,f,c
  4630   00192A  D7F1               	goto	u3170
  4631   00192C                     l3866:
  4632   00192C  5042               	movf	___awmod@sign^0,w,c
  4633   00192E  B4D8               	btfsc	status,2,c
  4634   001930  D004               	goto	l3870
  4635   001932  6C3D               	negf	___awmod@dividend^0,c
  4636   001934  1E3E               	comf	(___awmod@dividend+1)^0,f,c
  4637   001936  B0D8               	btfsc	status,0,c
  4638   001938  2A3E               	incf	(___awmod@dividend+1)^0,f,c
  4639   00193A                     l3870:
  4640   00193A  C03D  F03D         	movff	___awmod@dividend,?___awmod
  4641   00193E  C03E  F03E         	movff	___awmod@dividend+1,?___awmod+1
  4642   001942  0012               	return		;funcret
  4643   001944                     __end_of___awmod:
  4644                           	callstack 0
  4645                           
  4646 ;; *************** function ___awdiv *****************
  4647 ;; Defined at:
  4648 ;;		line 7 in file "C:\Program Files\Microchip\xc8\v2.41\pic\sources\c90\common\awdiv.c"
  4649 ;; Parameters:    Size  Location     Type
  4650 ;;  dividend        2    0[COMRAM] int 
  4651 ;;  divisor         2    2[COMRAM] int 
  4652 ;; Auto vars:     Size  Location     Type
  4653 ;;  quotient        2    6[COMRAM] int 
  4654 ;;  sign            1    5[COMRAM] unsigned char 
  4655 ;;  counter         1    4[COMRAM] unsigned char 
  4656 ;; Return value:  Size  Location     Type
  4657 ;;                  2    0[COMRAM] int 
  4658 ;; Registers used:
  4659 ;;		wreg, status,2, status,0
  4660 ;; Tracked objects:
  4661 ;;		On entry : 0/0
  4662 ;;		On exit  : 0/0
  4663 ;;		Unchanged: 0/0
  4664 ;; Data sizes:     COMRAM   BANK0   BANK1   BANK2   BANK3   BANK4   BANK5
  4665 ;;      Params:         4       0       0       0       0       0       0
  4666 ;;      Locals:         4       0       0       0       0       0       0
  4667 ;;      Temps:          0       0       0       0       0       0       0
  4668 ;;      Totals:         8       0       0       0       0       0       0
  4669 ;;Total ram usage:        8 bytes
  4670 ;; Hardware stack levels used: 1
  4671 ;; This function calls:
  4672 ;;		Nothing
  4673 ;; This function is called by:
  4674 ;;		_password
  4675 ;; This function uses a non-reentrant model
  4676 ;;
  4677                           
  4678                           	psect	text16
  4679   0019BC                     __ptext16:
  4680                           	callstack 0
  4681   0019BC                     ___awdiv:
  4682                           	callstack 29
  4683                           
  4684                           ;incstack = 0
  4685   0019BC  0E00               	movlw	0
  4686   0019BE  6E3A               	movwf	___awdiv@sign^0,c
  4687   0019C0  AE38               	btfss	(___awdiv@divisor+1)^0,7,c
  4688   0019C2  D006               	goto	l3802
  4689   0019C4  6C37               	negf	___awdiv@divisor^0,c
  4690   0019C6  1E38               	comf	(___awdiv@divisor+1)^0,f,c
  4691   0019C8  B0D8               	btfsc	status,0,c
  4692   0019CA  2A38               	incf	(___awdiv@divisor+1)^0,f,c
  4693   0019CC  0E01               	movlw	1
  4694   0019CE  6E3A               	movwf	___awdiv@sign^0,c
  4695   0019D0                     l3802:
  4696   0019D0  AE36               	btfss	(___awdiv@dividend+1)^0,7,c
  4697   0019D2  D006               	goto	l3808
  4698   0019D4  6C35               	negf	___awdiv@dividend^0,c
  4699   0019D6  1E36               	comf	(___awdiv@dividend+1)^0,f,c
  4700   0019D8  B0D8               	btfsc	status,0,c
  4701   0019DA  2A36               	incf	(___awdiv@dividend+1)^0,f,c
  4702   0019DC  0E01               	movlw	1
  4703   0019DE  1A3A               	xorwf	___awdiv@sign^0,f,c
  4704   0019E0                     l3808:
  4705   0019E0  0E00               	movlw	0
  4706   0019E2  6E3C               	movwf	(___awdiv@quotient+1)^0,c
  4707   0019E4  0E00               	movlw	0
  4708   0019E6  6E3B               	movwf	___awdiv@quotient^0,c
  4709   0019E8  5037               	movf	___awdiv@divisor^0,w,c
  4710   0019EA  1038               	iorwf	(___awdiv@divisor+1)^0,w,c
  4711   0019EC  B4D8               	btfsc	status,2,c
  4712   0019EE  D01C               	goto	l3830
  4713   0019F0  0E01               	movlw	1
  4714   0019F2  6E39               	movwf	___awdiv@counter^0,c
  4715   0019F4  D004               	goto	l3816
  4716   0019F6                     l3814:
  4717   0019F6  90D8               	bcf	status,0,c
  4718   0019F8  3637               	rlcf	___awdiv@divisor^0,f,c
  4719   0019FA  3638               	rlcf	(___awdiv@divisor+1)^0,f,c
  4720   0019FC  2A39               	incf	___awdiv@counter^0,f,c
  4721   0019FE                     l3816:
  4722   0019FE  AE38               	btfss	(___awdiv@divisor+1)^0,7,c
  4723   001A00  D7FA               	goto	l3814
  4724   001A02                     u3110:
  4725   001A02  90D8               	bcf	status,0,c
  4726   001A04  363B               	rlcf	___awdiv@quotient^0,f,c
  4727   001A06  363C               	rlcf	(___awdiv@quotient+1)^0,f,c
  4728   001A08  5037               	movf	___awdiv@divisor^0,w,c
  4729   001A0A  5C35               	subwf	___awdiv@dividend^0,w,c
  4730   001A0C  5038               	movf	(___awdiv@divisor+1)^0,w,c
  4731   001A0E  5836               	subwfb	(___awdiv@dividend+1)^0,w,c
  4732   001A10  A0D8               	btfss	status,0,c
  4733   001A12  D005               	goto	l3826
  4734   001A14  5037               	movf	___awdiv@divisor^0,w,c
  4735   001A16  5E35               	subwf	___awdiv@dividend^0,f,c
  4736   001A18  5038               	movf	(___awdiv@divisor+1)^0,w,c
  4737   001A1A  5A36               	subwfb	(___awdiv@dividend+1)^0,f,c
  4738   001A1C  803B               	bsf	___awdiv@quotient^0,0,c
  4739   001A1E                     l3826:
  4740   001A1E  90D8               	bcf	status,0,c
  4741   001A20  3238               	rrcf	(___awdiv@divisor+1)^0,f,c
  4742   001A22  3237               	rrcf	___awdiv@divisor^0,f,c
  4743   001A24  2E39               	decfsz	___awdiv@counter^0,f,c
  4744   001A26  D7ED               	goto	u3110
  4745   001A28                     l3830:
  4746   001A28  503A               	movf	___awdiv@sign^0,w,c
  4747   001A2A  B4D8               	btfsc	status,2,c
  4748   001A2C  D004               	goto	l3834
  4749   001A2E  6C3B               	negf	___awdiv@quotient^0,c
  4750   001A30  1E3C               	comf	(___awdiv@quotient+1)^0,f,c
  4751   001A32  B0D8               	btfsc	status,0,c
  4752   001A34  2A3C               	incf	(___awdiv@quotient+1)^0,f,c
  4753   001A36                     l3834:
  4754   001A36  C03B  F035         	movff	___awdiv@quotient,?___awdiv
  4755   001A3A  C03C  F036         	movff	___awdiv@quotient+1,?___awdiv+1
  4756   001A3E  0012               	return		;funcret
  4757   001A40                     __end_of___awdiv:
  4758                           	callstack 0
  4759                           
  4760 ;; *************** function _init_config *****************
  4761 ;; Defined at:
  4762 ;;		line 16 in file "main.c"
  4763 ;; Parameters:    Size  Location     Type
  4764 ;;		None
  4765 ;; Auto vars:     Size  Location     Type
  4766 ;;		None
  4767 ;; Return value:  Size  Location     Type
  4768 ;;                  1    wreg      void 
  4769 ;; Registers used:
  4770 ;;		wreg, status,2, status,0, cstack
  4771 ;; Tracked objects:
  4772 ;;		On entry : 0/0
  4773 ;;		On exit  : 0/0
  4774 ;;		Unchanged: 0/0
  4775 ;; Data sizes:     COMRAM   BANK0   BANK1   BANK2   BANK3   BANK4   BANK5
  4776 ;;      Params:         0       0       0       0       0       0       0
  4777 ;;      Locals:         0       0       0       0       0       0       0
  4778 ;;      Temps:          0       0       0       0       0       0       0
  4779 ;;      Totals:         0       0       0       0       0       0       0
  4780 ;;Total ram usage:        0 bytes
  4781 ;; Hardware stack levels used: 1
  4782 ;; Hardware stack levels required when called: 5
  4783 ;; This function calls:
  4784 ;;		_init_adc
  4785 ;;		_init_clcd
  4786 ;;		_init_ds1307
  4787 ;;		_init_i2c
  4788 ;;		_init_matrix_keypad
  4789 ;;		_init_uart
  4790 ;; This function is called by:
  4791 ;;		_main
  4792 ;; This function uses a non-reentrant model
  4793 ;;
  4794                           
  4795                           	psect	text17
  4796   001304                     __ptext17:
  4797                           	callstack 0
  4798   001304                     _init_config:
  4799                           	callstack 25
  4800                           
  4801                           ;main.c: 17: init_matrix_keypad();
  4802                           
  4803                           ;incstack = 0
  4804   001304  EC62  F009         	call	_init_matrix_keypad	;wreg free
  4805                           
  4806                           ;main.c: 18: init_clcd();
  4807   001308  ECFE  F009         	call	_init_clcd	;wreg free
  4808                           
  4809                           ;main.c: 19: init_i2c();
  4810   00130C  EC6B  F009         	call	_init_i2c	;wreg free
  4811                           
  4812                           ;main.c: 20: init_adc();
  4813   001310  EC9E  F009         	call	_init_adc	;wreg free
  4814                           
  4815                           ;main.c: 21: init_ds1307();
  4816   001314  EC2D  F00B         	call	_init_ds1307	;wreg free
  4817                           
  4818                           ;main.c: 22: init_uart();
  4819   001318  EC6C  F00A         	call	_init_uart	;wreg free
  4820   00131C  0012               	return		;funcret
  4821   00131E                     __end_of_init_config:
  4822                           	callstack 0
  4823                           
  4824 ;; *************** function _init_uart *****************
  4825 ;; Defined at:
  4826 ;;		line 9 in file "UART.c"
  4827 ;; Parameters:    Size  Location     Type
  4828 ;;		None
  4829 ;; Auto vars:     Size  Location     Type
  4830 ;;		None
  4831 ;; Return value:  Size  Location     Type
  4832 ;;                  1    wreg      void 
  4833 ;; Registers used:
  4834 ;;		wreg, status,2
  4835 ;; Tracked objects:
  4836 ;;		On entry : 0/0
  4837 ;;		On exit  : 0/0
  4838 ;;		Unchanged: 0/0
  4839 ;; Data sizes:     COMRAM   BANK0   BANK1   BANK2   BANK3   BANK4   BANK5
  4840 ;;      Params:         0       0       0       0       0       0       0
  4841 ;;      Locals:         0       0       0       0       0       0       0
  4842 ;;      Temps:          0       0       0       0       0       0       0
  4843 ;;      Totals:         0       0       0       0       0       0       0
  4844 ;;Total ram usage:        0 bytes
  4845 ;; Hardware stack levels used: 1
  4846 ;; This function calls:
  4847 ;;		Nothing
  4848 ;; This function is called by:
  4849 ;;		_init_config
  4850 ;; This function uses a non-reentrant model
  4851 ;;
  4852                           
  4853                           	psect	text18
  4854   0014D8                     __ptext18:
  4855                           	callstack 0
  4856   0014D8                     _init_uart:
  4857                           	callstack 29
  4858                           
  4859                           ;UART.c: 12: TRISC7 = 1;
  4860                           
  4861                           ;incstack = 0
  4862   0014D8  8E94               	bsf	3988,7,c	;volatile
  4863                           
  4864                           ;UART.c: 13: TRISC6 = 0;
  4865   0014DA  9C94               	bcf	3988,6,c	;volatile
  4866                           
  4867                           ;UART.c: 18: CSRC = 0;
  4868   0014DC  9EAC               	bcf	4012,7,c	;volatile
  4869                           
  4870                           ;UART.c: 20: TX9 = 0;
  4871   0014DE  9CAC               	bcf	4012,6,c	;volatile
  4872                           
  4873                           ;UART.c: 22: TXEN = 1;
  4874   0014E0  8AAC               	bsf	4012,5,c	;volatile
  4875                           
  4876                           ;UART.c: 25: SYNC = 0;
  4877   0014E2  98AC               	bcf	4012,4,c	;volatile
  4878                           
  4879                           ;UART.c: 27: SENDB = 0;
  4880   0014E4  96AC               	bcf	4012,3,c	;volatile
  4881                           
  4882                           ;UART.c: 30: BRGH = 1;
  4883   0014E6  84AC               	bsf	4012,2,c	;volatile
  4884                           
  4885                           ;UART.c: 32: TRMT = 0;
  4886   0014E8  92AC               	bcf	4012,1,c	;volatile
  4887                           
  4888                           ;UART.c: 34: TX9D = 0;
  4889   0014EA  90AC               	bcf	4012,0,c	;volatile
  4890                           
  4891                           ;UART.c: 39: SPEN = 1;
  4892   0014EC  8EAB               	bsf	4011,7,c	;volatile
  4893                           
  4894                           ;UART.c: 41: RX9 = 0;
  4895   0014EE  9CAB               	bcf	4011,6,c	;volatile
  4896                           
  4897                           ;UART.c: 43: SREN = 0;
  4898   0014F0  9AAB               	bcf	4011,5,c	;volatile
  4899                           
  4900                           ;UART.c: 45: CREN = 1;
  4901   0014F2  88AB               	bsf	4011,4,c	;volatile
  4902                           
  4903                           ;UART.c: 47: ADDEN = 0;
  4904   0014F4  96AB               	bcf	4011,3,c	;volatile
  4905                           
  4906                           ;UART.c: 49: FERR = 0;
  4907   0014F6  94AB               	bcf	4011,2,c	;volatile
  4908                           
  4909                           ;UART.c: 51: OERR = 0;
  4910   0014F8  92AB               	bcf	4011,1,c	;volatile
  4911                           
  4912                           ;UART.c: 53: RX9D = 0;
  4913   0014FA  90AB               	bcf	4011,0,c	;volatile
  4914                           
  4915                           ;UART.c: 58: ABDOVF = 0;
  4916   0014FC  9EB8               	bcf	4024,7,c	;volatile
  4917                           
  4918                           ;UART.c: 60: RCIDL = 1;
  4919   0014FE  8CB8               	bsf	4024,6,c	;volatile
  4920                           
  4921                           ;UART.c: 62: SCKP = 0;
  4922   001500  98B8               	bcf	4024,4,c	;volatile
  4923                           
  4924                           ;UART.c: 64: BRG16 = 0;
  4925   001502  96B8               	bcf	4024,3,c	;volatile
  4926                           
  4927                           ;UART.c: 66: WUE = 0;
  4928   001504  92B8               	bcf	4024,1,c	;volatile
  4929                           
  4930                           ;UART.c: 68: ABDEN = 0;
  4931   001506  90B8               	bcf	4024,0,c	;volatile
  4932                           
  4933                           ;UART.c: 72: SPBRG = 129;
  4934   001508  0E81               	movlw	129
  4935   00150A  6EAF               	movwf	175,c	;volatile
  4936                           
  4937                           ;UART.c: 75: TXIE = 1;
  4938   00150C  889D               	bsf	3997,4,c	;volatile
  4939                           
  4940                           ;UART.c: 77: TXIF = 0;
  4941   00150E  989E               	bcf	3998,4,c	;volatile
  4942                           
  4943                           ;UART.c: 79: RCIE = 1;
  4944   001510  8A9D               	bsf	3997,5,c	;volatile
  4945                           
  4946                           ;UART.c: 81: RCIF = 0;
  4947   001512  9A9E               	bcf	3998,5,c	;volatile
  4948   001514  0012               	return		;funcret
  4949   001516                     __end_of_init_uart:
  4950                           	callstack 0
  4951                           
  4952 ;; *************** function _init_matrix_keypad *****************
  4953 ;; Defined at:
  4954 ;;		line 11 in file "Matrix_KEYPAD.c"
  4955 ;; Parameters:    Size  Location     Type
  4956 ;;		None
  4957 ;; Auto vars:     Size  Location     Type
  4958 ;;		None
  4959 ;; Return value:  Size  Location     Type
  4960 ;;                  1    wreg      void 
  4961 ;; Registers used:
  4962 ;;		wreg, status,2, status,0
  4963 ;; Tracked objects:
  4964 ;;		On entry : 0/0
  4965 ;;		On exit  : 0/0
  4966 ;;		Unchanged: 0/0
  4967 ;; Data sizes:     COMRAM   BANK0   BANK1   BANK2   BANK3   BANK4   BANK5
  4968 ;;      Params:         0       0       0       0       0       0       0
  4969 ;;      Locals:         0       0       0       0       0       0       0
  4970 ;;      Temps:          0       0       0       0       0       0       0
  4971 ;;      Totals:         0       0       0       0       0       0       0
  4972 ;;Total ram usage:        0 bytes
  4973 ;; Hardware stack levels used: 1
  4974 ;; This function calls:
  4975 ;;		Nothing
  4976 ;; This function is called by:
  4977 ;;		_init_config
  4978 ;; This function uses a non-reentrant model
  4979 ;;
  4980                           
  4981                           	psect	text19
  4982   0012C4                     __ptext19:
  4983                           	callstack 0
  4984   0012C4                     _init_matrix_keypad:
  4985                           	callstack 29
  4986                           
  4987                           ;Matrix_KEYPAD.c: 14: ADCON1 = 0x0F;
  4988                           
  4989                           ;incstack = 0
  4990   0012C4  0E0F               	movlw	15
  4991   0012C6  6EC1               	movwf	193,c	;volatile
  4992                           
  4993                           ;Matrix_KEYPAD.c: 17: TRISB = 0x1E;
  4994   0012C8  0E1E               	movlw	30
  4995   0012CA  6E93               	movwf	147,c	;volatile
  4996                           
  4997                           ;Matrix_KEYPAD.c: 20: RBPU = 0;
  4998   0012CC  9EF1               	bcf	4081,7,c	;volatile
  4999                           
  5000                           ;Matrix_KEYPAD.c: 22: PORTB = PORTB | 0xE0;
  5001   0012CE  5081               	movf	129,w,c	;volatile
  5002   0012D0  09E0               	iorlw	224
  5003   0012D2  6E81               	movwf	129,c	;volatile
  5004   0012D4  0012               	return		;funcret
  5005   0012D6                     __end_of_init_matrix_keypad:
  5006                           	callstack 0
  5007                           
  5008 ;; *************** function _init_i2c *****************
  5009 ;; Defined at:
  5010 ;;		line 75 in file "RTC.c"
  5011 ;; Parameters:    Size  Location     Type
  5012 ;;		None
  5013 ;; Auto vars:     Size  Location     Type
  5014 ;;		None
  5015 ;; Return value:  Size  Location     Type
  5016 ;;                  1    wreg      void 
  5017 ;; Registers used:
  5018 ;;		wreg, status,2
  5019 ;; Tracked objects:
  5020 ;;		On entry : 0/0
  5021 ;;		On exit  : 0/0
  5022 ;;		Unchanged: 0/0
  5023 ;; Data sizes:     COMRAM   BANK0   BANK1   BANK2   BANK3   BANK4   BANK5
  5024 ;;      Params:         0       0       0       0       0       0       0
  5025 ;;      Locals:         0       0       0       0       0       0       0
  5026 ;;      Temps:          0       0       0       0       0       0       0
  5027 ;;      Totals:         0       0       0       0       0       0       0
  5028 ;;Total ram usage:        0 bytes
  5029 ;; Hardware stack levels used: 1
  5030 ;; This function calls:
  5031 ;;		Nothing
  5032 ;; This function is called by:
  5033 ;;		_init_config
  5034 ;; This function uses a non-reentrant model
  5035 ;;
  5036                           
  5037                           	psect	text20
  5038   0012D6                     __ptext20:
  5039                           	callstack 0
  5040   0012D6                     _init_i2c:
  5041                           	callstack 29
  5042                           
  5043                           ;RTC.c: 78: TRISC3 = 1;
  5044                           
  5045                           ;incstack = 0
  5046   0012D6  8694               	bsf	3988,3,c	;volatile
  5047                           
  5048                           ;RTC.c: 79: TRISC4 = 1;
  5049   0012D8  8894               	bsf	3988,4,c	;volatile
  5050                           
  5051                           ;RTC.c: 81: SSPCON1 = 0x28;
  5052   0012DA  0E28               	movlw	40
  5053   0012DC  6EC6               	movwf	198,c	;volatile
  5054                           
  5055                           ;RTC.c: 83: SSPADD = 0x31;
  5056   0012DE  0E31               	movlw	49
  5057   0012E0  6EC8               	movwf	200,c	;volatile
  5058                           
  5059                           ;RTC.c: 85: CKE = 0;
  5060   0012E2  9CC7               	bcf	4039,6,c	;volatile
  5061                           
  5062                           ;RTC.c: 87: SMP = 1;
  5063   0012E4  8EC7               	bsf	4039,7,c	;volatile
  5064                           
  5065                           ;RTC.c: 89: SSPIF = 0;
  5066   0012E6  969E               	bcf	3998,3,c	;volatile
  5067                           
  5068                           ;RTC.c: 91: BCLIF = 0;
  5069   0012E8  96A1               	bcf	4001,3,c	;volatile
  5070   0012EA  0012               	return		;funcret
  5071   0012EC                     __end_of_init_i2c:
  5072                           	callstack 0
  5073                           
  5074 ;; *************** function _init_ds1307 *****************
  5075 ;; Defined at:
  5076 ;;		line 18 in file "RTC.c"
  5077 ;; Parameters:    Size  Location     Type
  5078 ;;		None
  5079 ;; Auto vars:     Size  Location     Type
  5080 ;;  dummy           1    3[COMRAM] unsigned char 
  5081 ;; Return value:  Size  Location     Type
  5082 ;;                  1    wreg      void 
  5083 ;; Registers used:
  5084 ;;		wreg, status,2, status,0, cstack
  5085 ;; Tracked objects:
  5086 ;;		On entry : 0/0
  5087 ;;		On exit  : 0/0
  5088 ;;		Unchanged: 0/0
  5089 ;; Data sizes:     COMRAM   BANK0   BANK1   BANK2   BANK3   BANK4   BANK5
  5090 ;;      Params:         0       0       0       0       0       0       0
  5091 ;;      Locals:         1       0       0       0       0       0       0
  5092 ;;      Temps:          0       0       0       0       0       0       0
  5093 ;;      Totals:         1       0       0       0       0       0       0
  5094 ;;Total ram usage:        1 bytes
  5095 ;; Hardware stack levels used: 1
  5096 ;; Hardware stack levels required when called: 4
  5097 ;; This function calls:
  5098 ;;		_read_ds1307
  5099 ;;		_write_ds1307
  5100 ;; This function is called by:
  5101 ;;		_init_config
  5102 ;; This function uses a non-reentrant model
  5103 ;;
  5104                           
  5105                           	psect	text21
  5106   00165A                     __ptext21:
  5107                           	callstack 0
  5108   00165A                     _init_ds1307:
  5109                           	callstack 25
  5110                           
  5111                           ;RTC.c: 20: unsigned char dummy;;RTC.c: 23: dummy = read_ds1307(0x00);
  5112                           
  5113                           ;incstack = 0
  5114   00165A  0E00               	movlw	0
  5115   00165C  ECD4  F009         	call	_read_ds1307
  5116   001660  6E38               	movwf	init_ds1307@dummy^0,c
  5117                           
  5118                           ;RTC.c: 24: write_ds1307(0x00, dummy | 0x80);
  5119   001662  5038               	movf	init_ds1307@dummy^0,w,c
  5120   001664  0980               	iorlw	128
  5121   001666  6E36               	movwf	write_ds1307@data^0,c
  5122   001668  0E00               	movlw	0
  5123   00166A  EC8F  F009         	call	_write_ds1307
  5124                           
  5125                           ;RTC.c: 27: dummy = read_ds1307(0x02);
  5126   00166E  0E02               	movlw	2
  5127   001670  ECD4  F009         	call	_read_ds1307
  5128   001674  6E38               	movwf	init_ds1307@dummy^0,c
  5129                           
  5130                           ;RTC.c: 28: write_ds1307(0x02, dummy | 0x40);
  5131   001676  5038               	movf	init_ds1307@dummy^0,w,c
  5132   001678  0940               	iorlw	64
  5133   00167A  6E36               	movwf	write_ds1307@data^0,c
  5134   00167C  0E02               	movlw	2
  5135   00167E  EC8F  F009         	call	_write_ds1307
  5136                           
  5137                           ;RTC.c: 43: write_ds1307(0x07, 0x93);
  5138   001682  0E93               	movlw	147
  5139   001684  6E36               	movwf	write_ds1307@data^0,c
  5140   001686  0E07               	movlw	7
  5141   001688  EC8F  F009         	call	_write_ds1307
  5142                           
  5143                           ;RTC.c: 46: dummy = read_ds1307(0x00);
  5144   00168C  0E00               	movlw	0
  5145   00168E  ECD4  F009         	call	_read_ds1307
  5146   001692  6E38               	movwf	init_ds1307@dummy^0,c
  5147                           
  5148                           ;RTC.c: 47: write_ds1307(0x00, dummy & 0x7F);
  5149   001694  5038               	movf	init_ds1307@dummy^0,w,c
  5150   001696  0B7F               	andlw	127
  5151   001698  6E36               	movwf	write_ds1307@data^0,c
  5152   00169A  0E00               	movlw	0
  5153   00169C  EC8F  F009         	call	_write_ds1307
  5154   0016A0  0012               	return		;funcret
  5155   0016A2                     __end_of_init_ds1307:
  5156                           	callstack 0
  5157                           
  5158 ;; *************** function _write_ds1307 *****************
  5159 ;; Defined at:
  5160 ;;		line 50 in file "RTC.c"
  5161 ;; Parameters:    Size  Location     Type
  5162 ;;  address         1    wreg     unsigned char 
  5163 ;;  data            1    1[COMRAM] unsigned char 
  5164 ;; Auto vars:     Size  Location     Type
  5165 ;;  address         1    2[COMRAM] unsigned char 
  5166 ;; Return value:  Size  Location     Type
  5167 ;;                  1    wreg      void 
  5168 ;; Registers used:
  5169 ;;		wreg, status,2, cstack
  5170 ;; Tracked objects:
  5171 ;;		On entry : 0/0
  5172 ;;		On exit  : 0/0
  5173 ;;		Unchanged: 0/0
  5174 ;; Data sizes:     COMRAM   BANK0   BANK1   BANK2   BANK3   BANK4   BANK5
  5175 ;;      Params:         1       0       0       0       0       0       0
  5176 ;;      Locals:         1       0       0       0       0       0       0
  5177 ;;      Temps:          0       0       0       0       0       0       0
  5178 ;;      Totals:         2       0       0       0       0       0       0
  5179 ;;Total ram usage:        2 bytes
  5180 ;; Hardware stack levels used: 1
  5181 ;; Hardware stack levels required when called: 2
  5182 ;; This function calls:
  5183 ;;		_i2c_start
  5184 ;;		_i2c_stop
  5185 ;;		_i2c_write
  5186 ;; This function is called by:
  5187 ;;		_init_ds1307
  5188 ;;		_set_time
  5189 ;; This function uses a non-reentrant model
  5190 ;;
  5191                           
  5192                           	psect	text22
  5193   00131E                     __ptext22:
  5194                           	callstack 0
  5195   00131E                     _write_ds1307:
  5196                           	callstack 26
  5197                           
  5198                           ;incstack = 0
  5199                           ;write_ds1307@address stored from wreg
  5200   00131E  6E37               	movwf	write_ds1307@address^0,c
  5201                           
  5202                           ;RTC.c: 52: i2c_start();
  5203   001320  EC2A  F009         	call	_i2c_start	;wreg free
  5204                           
  5205                           ;RTC.c: 53: i2c_write(0xD0);
  5206   001324  0ED0               	movlw	208
  5207   001326  EC50  F009         	call	_i2c_write
  5208                           
  5209                           ;RTC.c: 54: i2c_write(address);
  5210   00132A  5037               	movf	write_ds1307@address^0,w,c
  5211   00132C  EC50  F009         	call	_i2c_write
  5212                           
  5213                           ;RTC.c: 55: i2c_write(data);
  5214   001330  5036               	movf	write_ds1307@data^0,w,c
  5215   001332  EC50  F009         	call	_i2c_write
  5216                           
  5217                           ;RTC.c: 56: i2c_stop();
  5218   001336  EC2E  F009         	call	_i2c_stop	;wreg free
  5219   00133A  0012               	return		;funcret
  5220   00133C                     __end_of_write_ds1307:
  5221                           	callstack 0
  5222                           
  5223 ;; *************** function _init_clcd *****************
  5224 ;; Defined at:
  5225 ;;		line 32 in file "CLCD.c"
  5226 ;; Parameters:    Size  Location     Type
  5227 ;;		None
  5228 ;; Auto vars:     Size  Location     Type
  5229 ;;		None
  5230 ;; Return value:  Size  Location     Type
  5231 ;;                  1    wreg      void 
  5232 ;; Registers used:
  5233 ;;		wreg, status,2, status,0, cstack
  5234 ;; Tracked objects:
  5235 ;;		On entry : 0/0
  5236 ;;		On exit  : 0/0
  5237 ;;		Unchanged: 0/0
  5238 ;; Data sizes:     COMRAM   BANK0   BANK1   BANK2   BANK3   BANK4   BANK5
  5239 ;;      Params:         0       0       0       0       0       0       0
  5240 ;;      Locals:         0       0       0       0       0       0       0
  5241 ;;      Temps:          0       0       0       0       0       0       0
  5242 ;;      Totals:         0       0       0       0       0       0       0
  5243 ;;Total ram usage:        0 bytes
  5244 ;; Hardware stack levels used: 1
  5245 ;; Hardware stack levels required when called: 1
  5246 ;; This function calls:
  5247 ;;		_clcd_write
  5248 ;; This function is called by:
  5249 ;;		_init_config
  5250 ;; This function uses a non-reentrant model
  5251 ;;
  5252                           
  5253                           	psect	text23
  5254   0013FC                     __ptext23:
  5255                           	callstack 0
  5256   0013FC                     _init_clcd:
  5257                           	callstack 28
  5258                           
  5259                           ;CLCD.c: 35: TRISD = 0x00;
  5260                           
  5261                           ;incstack = 0
  5262   0013FC  0E00               	movlw	0
  5263   0013FE  6E95               	movwf	149,c	;volatile
  5264                           
  5265                           ;CLCD.c: 37: TRISC = TRISC & 0xF8;
  5266   001400  5094               	movf	148,w,c	;volatile
  5267   001402  0BF8               	andlw	248
  5268   001404  6E94               	movwf	148,c	;volatile
  5269                           
  5270                           ;CLCD.c: 39: RC0 = 0;
  5271   001406  9082               	bcf	3970,0,c	;volatile
  5272                           
  5273                           ;CLCD.c: 41: clcd_write(0x38, 0);
  5274   001408  0E00               	movlw	0
  5275   00140A  6E35               	movwf	clcd_write@control_bit^0,c
  5276   00140C  0E38               	movlw	56
  5277   00140E  ECC0  F009         	call	_clcd_write
  5278                           
  5279                           ;CLCD.c: 42: clcd_write(0x0C, 0);
  5280   001412  0E00               	movlw	0
  5281   001414  6E35               	movwf	clcd_write@control_bit^0,c
  5282   001416  0E0C               	movlw	12
  5283   001418  ECC0  F009         	call	_clcd_write
  5284                           
  5285                           ;CLCD.c: 43: clcd_write(0x01, 0);
  5286   00141C  0E00               	movlw	0
  5287   00141E  6E35               	movwf	clcd_write@control_bit^0,c
  5288   001420  0E01               	movlw	1
  5289   001422  ECC0  F009         	call	_clcd_write
  5290   001426  0012               	return		;funcret
  5291   001428                     __end_of_init_clcd:
  5292                           	callstack 0
  5293                           
  5294 ;; *************** function _init_adc *****************
  5295 ;; Defined at:
  5296 ;;		line 9 in file "POT.c"
  5297 ;; Parameters:    Size  Location     Type
  5298 ;;		None
  5299 ;; Auto vars:     Size  Location     Type
  5300 ;;		None
  5301 ;; Return value:  Size  Location     Type
  5302 ;;                  1    wreg      void 
  5303 ;; Registers used:
  5304 ;;		wreg, status,2
  5305 ;; Tracked objects:
  5306 ;;		On entry : 0/0
  5307 ;;		On exit  : 0/0
  5308 ;;		Unchanged: 0/0
  5309 ;; Data sizes:     COMRAM   BANK0   BANK1   BANK2   BANK3   BANK4   BANK5
  5310 ;;      Params:         0       0       0       0       0       0       0
  5311 ;;      Locals:         0       0       0       0       0       0       0
  5312 ;;      Temps:          0       0       0       0       0       0       0
  5313 ;;      Totals:         0       0       0       0       0       0       0
  5314 ;;Total ram usage:        0 bytes
  5315 ;; Hardware stack levels used: 1
  5316 ;; This function calls:
  5317 ;;		Nothing
  5318 ;; This function is called by:
  5319 ;;		_init_config
  5320 ;; This function uses a non-reentrant model
  5321 ;;
  5322                           
  5323                           	psect	text24
  5324   00133C                     __ptext24:
  5325                           	callstack 0
  5326   00133C                     _init_adc:
  5327                           	callstack 29
  5328                           
  5329                           ;POT.c: 12: ADFM = 1;
  5330                           
  5331                           ;incstack = 0
  5332   00133C  8EC0               	bsf	4032,7,c	;volatile
  5333                           
  5334                           ;POT.c: 18: ACQT2 = 1;
  5335   00133E  8AC0               	bsf	4032,5,c	;volatile
  5336                           
  5337                           ;POT.c: 19: ACQT1 = 0;
  5338   001340  98C0               	bcf	4032,4,c	;volatile
  5339                           
  5340                           ;POT.c: 20: ACQT0 = 0;
  5341   001342  96C0               	bcf	4032,3,c	;volatile
  5342                           
  5343                           ;POT.c: 26: ADCS0 = 0;
  5344   001344  90C0               	bcf	4032,0,c	;volatile
  5345                           
  5346                           ;POT.c: 27: ADCS1 = 1;
  5347   001346  82C0               	bsf	4032,1,c	;volatile
  5348                           
  5349                           ;POT.c: 28: ADCS2 = 0;
  5350   001348  94C0               	bcf	4032,2,c	;volatile
  5351                           
  5352                           ;POT.c: 31: GODONE = 0;
  5353   00134A  92C2               	bcf	4034,1,c	;volatile
  5354                           
  5355                           ;POT.c: 37: VCFG1 = 0;
  5356   00134C  9AC1               	bcf	4033,5,c	;volatile
  5357                           
  5358                           ;POT.c: 39: VCFG0 = 0;
  5359   00134E  98C1               	bcf	4033,4,c	;volatile
  5360                           
  5361                           ;POT.c: 42: ADRESH = 0;
  5362   001350  0E00               	movlw	0
  5363   001352  6EC4               	movwf	196,c	;volatile
  5364                           
  5365                           ;POT.c: 43: ADRESL = 0;
  5366   001354  0E00               	movlw	0
  5367   001356  6EC3               	movwf	195,c	;volatile
  5368                           
  5369                           ;POT.c: 46: ADON = 1;
  5370   001358  80C2               	bsf	4034,0,c	;volatile
  5371   00135A  0012               	return		;funcret
  5372   00135C                     __end_of_init_adc:
  5373                           	callstack 0
  5374                           
  5375 ;; *************** function _display_menu *****************
  5376 ;; Defined at:
  5377 ;;		line 543 in file "main.c"
  5378 ;; Parameters:    Size  Location     Type
  5379 ;;		None
  5380 ;; Auto vars:     Size  Location     Type
  5381 ;;  key2            1   16[COMRAM] unsigned char 
  5382 ;; Return value:  Size  Location     Type
  5383 ;;                  1    wreg      void 
  5384 ;; Registers used:
  5385 ;;		wreg, fsr0l, fsr0h, fsr2l, fsr2h, status,2, status,0, tblptrl, tblptrh, tblptru, prodl, prodh, cstack
  5386 ;; Tracked objects:
  5387 ;;		On entry : 0/0
  5388 ;;		On exit  : 0/0
  5389 ;;		Unchanged: 0/0
  5390 ;; Data sizes:     COMRAM   BANK0   BANK1   BANK2   BANK3   BANK4   BANK5
  5391 ;;      Params:         0       0       0       0       0       0       0
  5392 ;;      Locals:         1       0       0       0       0       0       0
  5393 ;;      Temps:          0       0       0       0       0       0       0
  5394 ;;      Totals:         1       0       0       0       0       0       0
  5395 ;;Total ram usage:        1 bytes
  5396 ;; Hardware stack levels used: 1
  5397 ;; Hardware stack levels required when called: 2
  5398 ;; This function calls:
  5399 ;;		_clcd_print
  5400 ;;		_clcd_putch
  5401 ;;		_clcd_write
  5402 ;;		_read_switches
  5403 ;; This function is called by:
  5404 ;;		_main
  5405 ;; This function uses a non-reentrant model
  5406 ;;
  5407                           
  5408                           	psect	text25
  5409   001D68                     __ptext25:
  5410                           	callstack 0
  5411   001D68                     _display_menu:
  5412                           	callstack 28
  5413                           
  5414                           ;main.c: 545: clcd_putch('*', (0x80 + (0)));
  5415                           
  5416                           ;incstack = 0
  5417   001D68  0E80               	movlw	128
  5418   001D6A  6E43               	movwf	clcd_putch@addr^0,c
  5419   001D6C  0E2A               	movlw	42
  5420   001D6E  EC76  F009         	call	_clcd_putch
  5421                           
  5422                           ;main.c: 546: clcd_putch(' ', (0xC0 + (0)));
  5423   001D72  0EC0               	movlw	192
  5424   001D74  6E43               	movwf	clcd_putch@addr^0,c
  5425   001D76  0E20               	movlw	32
  5426   001D78  EC76  F009         	call	_clcd_putch
  5427                           
  5428                           ;main.c: 547: clcd_print(menu_view[menu], (0x80 + (1)));
  5429   001D7C  5032               	movf	_menu^0,w,c
  5430   001D7E  0D02               	mullw	2
  5431   001D80  50F3               	movf	243,w,c
  5432   001D82  0FA7               	addlw	low _menu_view
  5433   001D84  6ED9               	movwf	fsr2l,c
  5434   001D86  6ADA               	clrf	fsr2h,c
  5435   001D88  CFDE F037          	movff	postinc2,clcd_print@data
  5436   001D8C  CFDD F038          	movff	postdec2,clcd_print@data+1
  5437   001D90  0E81               	movlw	129
  5438   001D92  6E39               	movwf	clcd_print@addr^0,c
  5439   001D94  ECA3  F00B         	call	_clcd_print	;wreg free
  5440                           
  5441                           ;main.c: 548: clcd_print(menu_view[menu + 1], (0xC0 + (1)));
  5442   001D98  5032               	movf	_menu^0,w,c
  5443   001D9A  0D02               	mullw	2
  5444   001D9C  50F3               	movf	243,w,c
  5445   001D9E  0FA9               	addlw	low (_menu_view+2)
  5446   001DA0  6ED9               	movwf	fsr2l,c
  5447   001DA2  6ADA               	clrf	fsr2h,c
  5448   001DA4  CFDE F037          	movff	postinc2,clcd_print@data
  5449   001DA8  CFDD F038          	movff	postdec2,clcd_print@data+1
  5450   001DAC  0EC1               	movlw	193
  5451   001DAE  6E39               	movwf	clcd_print@addr^0,c
  5452   001DB0  ECA3  F00B         	call	_clcd_print	;wreg free
  5453                           
  5454                           ;main.c: 550: unsigned char key2 = read_switches(0);
  5455   001DB4  0E00               	movlw	0
  5456   001DB6  EC4D  F00A         	call	_read_switches
  5457   001DBA  6E45               	movwf	display_menu@key2^0,c
  5458                           
  5459                           ;main.c: 551: if (key2 == 5) {
  5460   001DBC  0E05               	movlw	5
  5461   001DBE  1845               	xorwf	display_menu@key2^0,w,c
  5462   001DC0  A4D8               	btfss	status,2,c
  5463   001DC2  D002               	goto	l4116
  5464                           
  5465                           ;main.c: 552: t_count1++;
  5466   001DC4  4A1E               	infsnz	_t_count1^0,f,c
  5467   001DC6  2A1F               	incf	(_t_count1+1)^0,f,c
  5468   001DC8                     l4116:
  5469                           
  5470                           ;main.c: 553: };main.c: 554: if (key2 == 6) {
  5471   001DC8  0E06               	movlw	6
  5472   001DCA  1845               	xorwf	display_menu@key2^0,w,c
  5473   001DCC  A4D8               	btfss	status,2,c
  5474   001DCE  D002               	goto	l4120
  5475                           
  5476                           ;main.c: 555: t_count2++;
  5477   001DD0  4A1C               	infsnz	_t_count2^0,f,c
  5478   001DD2  2A1D               	incf	(_t_count2+1)^0,f,c
  5479   001DD4                     l4120:
  5480                           
  5481                           ;main.c: 556: };main.c: 557: if (t_count1 < 200 && t_count1 > 0 && key2 == 0xFF) {
  5482   001DD4  501F               	movf	(_t_count1+1)^0,w,c
  5483   001DD6  E114               	bnz	l4132
  5484   001DD8  0EC8               	movlw	200
  5485   001DDA  5C1E               	subwf	_t_count1^0,w,c
  5486   001DDC  B0D8               	btfsc	status,0,c
  5487   001DDE  D010               	goto	l4132
  5488   001DE0  501E               	movf	_t_count1^0,w,c
  5489   001DE2  101F               	iorwf	(_t_count1+1)^0,w,c
  5490   001DE4  B4D8               	btfsc	status,2,c
  5491   001DE6  D00C               	goto	l4132
  5492   001DE8  2845               	incf	display_menu@key2^0,w,c
  5493   001DEA  A4D8               	btfss	status,2,c
  5494   001DEC  D009               	goto	l4132
  5495                           
  5496                           ;main.c: 559: t_count1 = 0;
  5497   001DEE  0E00               	movlw	0
  5498   001DF0  6E1F               	movwf	(_t_count1+1)^0,c
  5499   001DF2  0E00               	movlw	0
  5500   001DF4  6E1E               	movwf	_t_count1^0,c
  5501                           
  5502                           ;main.c: 560: if (menu < 4)
  5503   001DF6  0E04               	movlw	4
  5504   001DF8  6032               	cpfslt	_menu^0,c
  5505   001DFA  D01A               	goto	l4142
  5506                           
  5507                           ;main.c: 561: menu++;
  5508   001DFC  2A32               	incf	_menu^0,f,c
  5509   001DFE  D018               	goto	l4142
  5510   001E00                     l4132:
  5511   001E00  501F               	movf	(_t_count1+1)^0,w,c
  5512   001E02  E104               	bnz	u3550
  5513   001E04  0EC9               	movlw	201
  5514   001E06  5C1E               	subwf	_t_count1^0,w,c
  5515   001E08  A0D8               	btfss	status,0,c
  5516   001E0A  D012               	goto	l4142
  5517   001E0C                     u3550:
  5518   001E0C  2845               	incf	display_menu@key2^0,w,c
  5519   001E0E  A4D8               	btfss	status,2,c
  5520   001E10  D00F               	goto	l4142
  5521                           
  5522                           ;main.c: 563: flag = 3;
  5523   001E12  0E00               	movlw	0
  5524   001E14  6E23               	movwf	(_flag+1)^0,c
  5525   001E16  0E03               	movlw	3
  5526   001E18  6E22               	movwf	_flag^0,c
  5527                           
  5528                           ;main.c: 564: t_count1 = 0;
  5529   001E1A  0E00               	movlw	0
  5530   001E1C  6E1F               	movwf	(_t_count1+1)^0,c
  5531   001E1E  0E00               	movlw	0
  5532   001E20  6E1E               	movwf	_t_count1^0,c
  5533                           
  5534                           ;main.c: 565: clcd_write(0x01, 0);
  5535   001E22  0E00               	movlw	0
  5536   001E24  6E35               	movwf	clcd_write@control_bit^0,c
  5537   001E26  0E01               	movlw	1
  5538   001E28  ECC0  F009         	call	_clcd_write
  5539                           
  5540                           ;main.c: 566: log_flag = menu;
  5541   001E2C  C032  F034         	movff	_menu,_log_flag
  5542   001E30                     l4142:
  5543                           
  5544                           ;main.c: 567: };main.c: 568: if (t_count2 < 200 && t_count2 > 0 && key2 == 0xFF) {
  5545   001E30  501D               	movf	(_t_count2+1)^0,w,c
  5546   001E32  E114               	bnz	l4152
  5547   001E34  0EC8               	movlw	200
  5548   001E36  5C1C               	subwf	_t_count2^0,w,c
  5549   001E38  B0D8               	btfsc	status,0,c
  5550   001E3A  D010               	goto	l4152
  5551   001E3C  501C               	movf	_t_count2^0,w,c
  5552   001E3E  101D               	iorwf	(_t_count2+1)^0,w,c
  5553   001E40  B4D8               	btfsc	status,2,c
  5554   001E42  D00C               	goto	l4152
  5555   001E44  2845               	incf	display_menu@key2^0,w,c
  5556   001E46  A4D8               	btfss	status,2,c
  5557   001E48  D009               	goto	l4152
  5558                           
  5559                           ;main.c: 569: t_count2 = 0;
  5560   001E4A  0E00               	movlw	0
  5561   001E4C  6E1D               	movwf	(_t_count2+1)^0,c
  5562   001E4E  0E00               	movlw	0
  5563   001E50  6E1C               	movwf	_t_count2^0,c
  5564                           
  5565                           ;main.c: 570: if (menu >= 1)
  5566   001E52  5032               	movf	_menu^0,w,c
  5567   001E54  B4D8               	btfsc	status,2,c
  5568   001E56  0012               	return	
  5569                           
  5570                           ;main.c: 571: menu--;
  5571   001E58  0632               	decf	_menu^0,f,c
  5572   001E5A  0012               	return	
  5573   001E5C                     l4152:
  5574   001E5C  501D               	movf	(_t_count2+1)^0,w,c
  5575   001E5E  E104               	bnz	u3610
  5576   001E60  0EC9               	movlw	201
  5577   001E62  5C1C               	subwf	_t_count2^0,w,c
  5578   001E64  A0D8               	btfss	status,0,c
  5579   001E66  0012               	return	
  5580   001E68                     u3610:
  5581   001E68  2845               	incf	display_menu@key2^0,w,c
  5582   001E6A  A4D8               	btfss	status,2,c
  5583   001E6C  0012               	return	
  5584                           
  5585                           ;main.c: 573: t_count2 = 0;
  5586   001E6E  0E00               	movlw	0
  5587   001E70  6E1D               	movwf	(_t_count2+1)^0,c
  5588   001E72  0E00               	movlw	0
  5589   001E74  6E1C               	movwf	_t_count2^0,c
  5590                           
  5591                           ;main.c: 574: flag = 0;
  5592   001E76  0E00               	movlw	0
  5593   001E78  6E23               	movwf	(_flag+1)^0,c
  5594   001E7A  0E00               	movlw	0
  5595   001E7C  6E22               	movwf	_flag^0,c
  5596                           
  5597                           ;main.c: 575: clcd_write(0x01, 0);
  5598   001E7E  0E00               	movlw	0
  5599   001E80  6E35               	movwf	clcd_write@control_bit^0,c
  5600   001E82  0E01               	movlw	1
  5601   001E84  ECC0  F009         	call	_clcd_write
  5602   001E88  0012               	return		;funcret
  5603   001E8A                     __end_of_display_menu:
  5604                           	callstack 0
  5605                           
  5606 ;; *************** function _dashboard *****************
  5607 ;; Defined at:
  5608 ;;		line 342 in file "main.c"
  5609 ;; Parameters:    Size  Location     Type
  5610 ;;		None
  5611 ;; Auto vars:     Size  Location     Type
  5612 ;;		None
  5613 ;; Return value:  Size  Location     Type
  5614 ;;                  2  390[None  ] int 
  5615 ;; Registers used:
  5616 ;;		wreg, fsr0l, fsr0h, fsr2l, fsr2h, status,2, status,0, tblptrl, tblptrh, tblptru, prodl, prodh, cstack
  5617 ;; Tracked objects:
  5618 ;;		On entry : 0/0
  5619 ;;		On exit  : 0/0
  5620 ;;		Unchanged: 0/0
  5621 ;; Data sizes:     COMRAM   BANK0   BANK1   BANK2   BANK3   BANK4   BANK5
  5622 ;;      Params:         0       0       0       0       0       0       0
  5623 ;;      Locals:         0       0       0       0       0       0       0
  5624 ;;      Temps:          1       0       0       0       0       0       0
  5625 ;;      Totals:         1       0       0       0       0       0       0
  5626 ;;Total ram usage:        1 bytes
  5627 ;; Hardware stack levels used: 1
  5628 ;; Hardware stack levels required when called: 5
  5629 ;; This function calls:
  5630 ;;		___ftdiv
  5631 ;;		___fttol
  5632 ;;		___lwdiv
  5633 ;;		___lwmod
  5634 ;;		___lwtoft
  5635 ;;		_clcd_print
  5636 ;;		_clcd_putch
  5637 ;;		_clcd_write
  5638 ;;		_get_time
  5639 ;;		_read_adc
  5640 ;;		_read_switches
  5641 ;;		_store_event
  5642 ;; This function is called by:
  5643 ;;		_main
  5644 ;; This function uses a non-reentrant model
  5645 ;;
  5646                           
  5647                           	psect	text26
  5648   001E8A                     __ptext26:
  5649                           	callstack 0
  5650   001E8A                     _dashboard:
  5651                           	callstack 25
  5652                           
  5653                           ;main.c: 343: clcd_print("TIME     EV  RPM", (0x80 + (0)));
  5654                           
  5655                           ;incstack = 0
  5656   001E8A  0E20               	movlw	low STR_18
  5657   001E8C  6E37               	movwf	clcd_print@data^0,c
  5658   001E8E  0E2F               	movlw	high STR_18
  5659   001E90  6E38               	movwf	(clcd_print@data+1)^0,c
  5660   001E92  0E80               	movlw	128
  5661   001E94  6E39               	movwf	clcd_print@addr^0,c
  5662   001E96  ECA3  F00B         	call	_clcd_print	;wreg free
  5663                           
  5664                           ;main.c: 344: get_time();
  5665   001E9A  EC35  F00C         	call	_get_time	;wreg free
  5666                           
  5667                           ; BSR set to: 0
  5668                           ;main.c: 345: clcd_print(time, (0xC0 + (0)));
  5669   001E9E  0E9E               	movlw	low _time
  5670   001EA0  6E37               	movwf	clcd_print@data^0,c
  5671   001EA2  6A38               	clrf	(clcd_print@data+1)^0,c
  5672   001EA4  0EC0               	movlw	192
  5673   001EA6  6E39               	movwf	clcd_print@addr^0,c
  5674   001EA8  ECA3  F00B         	call	_clcd_print	;wreg free
  5675                           
  5676                           ;main.c: 346: clcd_print(EV[count], (0xC0 + (10)));
  5677   001EAC  5020               	movf	_count^0,w,c
  5678   001EAE  0D03               	mullw	3
  5679   001EB0  50F3               	movf	243,w,c
  5680   001EB2  0FCE               	addlw	low _EV
  5681   001EB4  6E5E               	movwf	??_dashboard^0,c
  5682   001EB6  C05E  F037         	movff	??_dashboard,clcd_print@data
  5683   001EBA  6A38               	clrf	(clcd_print@data+1)^0,c
  5684   001EBC  0ECA               	movlw	202
  5685   001EBE  6E39               	movwf	clcd_print@addr^0,c
  5686   001EC0  ECA3  F00B         	call	_clcd_print	;wreg free
  5687                           
  5688                           ;main.c: 347: key = read_switches(1);
  5689   001EC4  0E01               	movlw	1
  5690   001EC6  EC4D  F00A         	call	_read_switches
  5691   001ECA  6E30               	movwf	_key^0,c
  5692                           
  5693                           ;main.c: 348: {;main.c: 349: if (key == 1) {
  5694   001ECC  0430               	decf	_key^0,w,c
  5695   001ECE  A4D8               	btfss	status,2,c
  5696   001ED0  D00B               	goto	l3950
  5697                           
  5698                           ;main.c: 350: if (count >= 0 && count < 6) {
  5699   001ED2  5021               	movf	(_count+1)^0,w,c
  5700   001ED4  E117               	bnz	l3958
  5701   001ED6  0E06               	movlw	6
  5702   001ED8  5C20               	subwf	_count^0,w,c
  5703   001EDA  B0D8               	btfsc	status,0,c
  5704   001EDC  D013               	goto	l3958
  5705                           
  5706                           ;main.c: 351: count++;
  5707   001EDE  4A20               	infsnz	_count^0,f,c
  5708   001EE0  2A21               	incf	(_count+1)^0,f,c
  5709   001EE2                     l3948:
  5710                           
  5711                           ;main.c: 352: store_event();
  5712   001EE2  EC77  F00D         	call	_store_event	;wreg free
  5713   001EE6  D00E               	goto	l3958
  5714   001EE8                     l3950:
  5715   001EE8  0E02               	movlw	2
  5716   001EEA  1830               	xorwf	_key^0,w,c
  5717   001EEC  A4D8               	btfss	status,2,c
  5718   001EEE  D00A               	goto	l3958
  5719                           
  5720                           ;main.c: 355: if (count > 1) {
  5721   001EF0  5021               	movf	(_count+1)^0,w,c
  5722   001EF2  E104               	bnz	u3310
  5723   001EF4  0E02               	movlw	2
  5724   001EF6  5C20               	subwf	_count^0,w,c
  5725   001EF8  A0D8               	btfss	status,0,c
  5726   001EFA  D004               	goto	l3958
  5727   001EFC                     u3310:
  5728                           
  5729                           ;main.c: 356: count--;
  5730   001EFC  0620               	decf	_count^0,f,c
  5731   001EFE  A0D8               	btfss	status,0,c
  5732   001F00  0621               	decf	(_count+1)^0,f,c
  5733   001F02  D7EF               	goto	l3948
  5734   001F04                     l3958:
  5735                           
  5736                           ;main.c: 358: };main.c: 359: };main.c: 361: if (key == 3) {
  5737   001F04  0E03               	movlw	3
  5738   001F06  1830               	xorwf	_key^0,w,c
  5739   001F08  A4D8               	btfss	status,2,c
  5740   001F0A  D006               	goto	l3964
  5741                           
  5742                           ;main.c: 362: count = 7;
  5743   001F0C  0E00               	movlw	0
  5744   001F0E  6E21               	movwf	(_count+1)^0,c
  5745   001F10  0E07               	movlw	7
  5746   001F12  6E20               	movwf	_count^0,c
  5747                           
  5748                           ;main.c: 363: store_event();
  5749   001F14  EC77  F00D         	call	_store_event	;wreg free
  5750   001F18                     l3964:
  5751                           
  5752                           ;main.c: 364: };main.c: 365: RPM = ((read_adc(0x04)) / 10.3);
  5753   001F18  0ECD               	movlw	205
  5754   001F1A  6E43               	movwf	___ftdiv@f2^0,c
  5755   001F1C  0E24               	movlw	36
  5756   001F1E  6E44               	movwf	(___ftdiv@f2+1)^0,c
  5757   001F20  0E41               	movlw	65
  5758   001F22  6E45               	movwf	(___ftdiv@f2+2)^0,c
  5759   001F24  0E04               	movlw	4
  5760   001F26  EC2F  F00A         	call	_read_adc
  5761   001F2A  C035  F03D         	movff	?_read_adc,___lwtoft@c
  5762   001F2E  C036  F03E         	movff	?_read_adc+1,___lwtoft@c+1
  5763   001F32  ECAE  F009         	call	___lwtoft	;wreg free
  5764   001F36  C03D  F040         	movff	?___lwtoft,___ftdiv@f1
  5765   001F3A  C03E  F041         	movff	?___lwtoft+1,___ftdiv@f1+1
  5766   001F3E  C03F  F042         	movff	?___lwtoft+2,___ftdiv@f1+2
  5767   001F42  EC41  F00E         	call	___ftdiv	;wreg free
  5768   001F46  C040  F04F         	movff	?___ftdiv,___fttol@f1
  5769   001F4A  C041  F050         	movff	?___ftdiv+1,___fttol@f1+1
  5770   001F4E  C042  F051         	movff	?___ftdiv+2,___fttol@f1+2
  5771   001F52  ECD8  F00D         	call	___fttol	;wreg free
  5772   001F56  C04F  F026         	movff	?___fttol,_RPM
  5773   001F5A  C050  F027         	movff	?___fttol+1,_RPM+1
  5774                           
  5775                           ;main.c: 366: clcd_putch(RPM / 10 + '0', (0xC0 + (14)));
  5776   001F5E  0ECE               	movlw	206
  5777   001F60  6E43               	movwf	clcd_putch@addr^0,c
  5778   001F62  C026  F035         	movff	_RPM,___lwdiv@dividend
  5779   001F66  C027  F036         	movff	_RPM+1,___lwdiv@dividend+1
  5780   001F6A  0E00               	movlw	0
  5781   001F6C  6E38               	movwf	(___lwdiv@divisor+1)^0,c
  5782   001F6E  0E0A               	movlw	10
  5783   001F70  6E37               	movwf	___lwdiv@divisor^0,c
  5784   001F72  EC51  F00B         	call	___lwdiv	;wreg free
  5785   001F76  5035               	movf	?___lwdiv^0,w,c
  5786   001F78  0F30               	addlw	48
  5787   001F7A  EC76  F009         	call	_clcd_putch
  5788                           
  5789                           ;main.c: 367: clcd_putch(RPM % 10 + '0', (0xC0 + (15)));
  5790   001F7E  0ECF               	movlw	207
  5791   001F80  6E43               	movwf	clcd_putch@addr^0,c
  5792   001F82  C026  F035         	movff	_RPM,___lwmod@dividend
  5793   001F86  C027  F036         	movff	_RPM+1,___lwmod@dividend+1
  5794   001F8A  0E00               	movlw	0
  5795   001F8C  6E38               	movwf	(___lwmod@divisor+1)^0,c
  5796   001F8E  0E0A               	movlw	10
  5797   001F90  6E37               	movwf	___lwmod@divisor^0,c
  5798   001F92  ECCA  F00A         	call	___lwmod	;wreg free
  5799   001F96  5035               	movf	?___lwmod^0,w,c
  5800   001F98  0F30               	addlw	48
  5801   001F9A  EC76  F009         	call	_clcd_putch
  5802                           
  5803                           ;main.c: 368: if (key == 5) {
  5804   001F9E  0E05               	movlw	5
  5805   001FA0  1830               	xorwf	_key^0,w,c
  5806   001FA2  A4D8               	btfss	status,2,c
  5807   001FA4  0012               	return	
  5808                           
  5809                           ;main.c: 369: clcd_write(0x01, 0);
  5810   001FA6  0E00               	movlw	0
  5811   001FA8  6E35               	movwf	clcd_write@control_bit^0,c
  5812   001FAA  0E01               	movlw	1
  5813   001FAC  ECC0  F009         	call	_clcd_write
  5814                           
  5815                           ;main.c: 370: flag = 1;
  5816   001FB0  0E00               	movlw	0
  5817   001FB2  6E23               	movwf	(_flag+1)^0,c
  5818   001FB4  0E01               	movlw	1
  5819   001FB6  6E22               	movwf	_flag^0,c
  5820   001FB8  0012               	return		;funcret
  5821   001FBA                     __end_of_dashboard:
  5822                           	callstack 0
  5823                           
  5824 ;; *************** function _store_event *****************
  5825 ;; Defined at:
  5826 ;;		line 313 in file "main.c"
  5827 ;; Parameters:    Size  Location     Type
  5828 ;;		None
  5829 ;; Auto vars:     Size  Location     Type
  5830 ;;  y               2    7[COMRAM] int 
  5831 ;; Return value:  Size  Location     Type
  5832 ;;                  1    wreg      void 
  5833 ;; Registers used:
  5834 ;;		wreg, fsr2l, fsr2h, status,2, status,0, prodl, prodh, cstack
  5835 ;; Tracked objects:
  5836 ;;		On entry : 0/0
  5837 ;;		On exit  : 0/0
  5838 ;;		Unchanged: 0/0
  5839 ;; Data sizes:     COMRAM   BANK0   BANK1   BANK2   BANK3   BANK4   BANK5
  5840 ;;      Params:         0       0       0       0       0       0       0
  5841 ;;      Locals:         2       0       0       0       0       0       0
  5842 ;;      Temps:          0       0       0       0       0       0       0
  5843 ;;      Totals:         2       0       0       0       0       0       0
  5844 ;;Total ram usage:        2 bytes
  5845 ;; Hardware stack levels used: 1
  5846 ;; Hardware stack levels required when called: 3
  5847 ;; This function calls:
  5848 ;;		___lwdiv
  5849 ;;		___lwmod
  5850 ;;		_write_ext_eeprom
  5851 ;; This function is called by:
  5852 ;;		_dashboard
  5853 ;; This function uses a non-reentrant model
  5854 ;;
  5855                           
  5856                           	psect	text27
  5857   001AEE                     __ptext27:
  5858                           	callstack 0
  5859   001AEE                     _store_event:
  5860                           	callstack 26
  5861                           
  5862                           ;main.c: 315: store_data[0] = time[0];
  5863                           
  5864                           ;incstack = 0
  5865   001AEE  C09E  F071         	movff	_time,_store_data
  5866                           
  5867                           ;main.c: 316: store_data[1] = time[1];
  5868   001AF2  C09F  F072         	movff	_time+1,_store_data+1
  5869                           
  5870                           ;main.c: 317: store_data[2] = time[3];
  5871   001AF6  C0A1  F073         	movff	_time+3,_store_data+2
  5872                           
  5873                           ;main.c: 318: store_data[3] = time[4];
  5874   001AFA  C0A2  F074         	movff	_time+4,_store_data+3
  5875                           
  5876                           ;main.c: 319: store_data[4] = time[6];
  5877   001AFE  C0A4  F075         	movff	_time+6,_store_data+4
  5878                           
  5879                           ;main.c: 320: store_data[5] = time[7];
  5880   001B02  C0A5  F076         	movff	_time+7,_store_data+5
  5881                           
  5882                           ;main.c: 321: store_data[6] = EV[count][0];
  5883   001B06  5020               	movf	_count^0,w,c
  5884   001B08  0D03               	mullw	3
  5885   001B0A  50F3               	movf	243,w,c
  5886   001B0C  0FCE               	addlw	low _EV
  5887   001B0E  6ED9               	movwf	fsr2l,c
  5888   001B10  6ADA               	clrf	fsr2h,c
  5889   001B12  50DF               	movf	indf2,w,c
  5890   001B14  0100               	movlb	0	; () banked
  5891   001B16  6F77               	movwf	(_store_data+6)& (0+255),b
  5892                           
  5893                           ;main.c: 322: store_data[7] = EV[count][1];
  5894   001B18  5020               	movf	_count^0,w,c
  5895   001B1A  0D03               	mullw	3
  5896   001B1C  50F3               	movf	243,w,c
  5897   001B1E  0FCF               	addlw	low (_EV+1)
  5898   001B20  6ED9               	movwf	fsr2l,c
  5899   001B22  6ADA               	clrf	fsr2h,c
  5900   001B24  50DF               	movf	indf2,w,c
  5901   001B26  6F78               	movwf	(_store_data+7)& (0+255),b
  5902                           
  5903                           ; BSR set to: 0
  5904                           ;main.c: 323: store_data[8] = (RPM / 10 + '0');
  5905   001B28  C026  F035         	movff	_RPM,___lwdiv@dividend
  5906   001B2C  C027  F036         	movff	_RPM+1,___lwdiv@dividend+1
  5907   001B30  0E00               	movlw	0
  5908   001B32  6E38               	movwf	(___lwdiv@divisor+1)^0,c
  5909   001B34  0E0A               	movlw	10
  5910   001B36  6E37               	movwf	___lwdiv@divisor^0,c
  5911   001B38  EC51  F00B         	call	___lwdiv	;wreg free
  5912   001B3C  5035               	movf	?___lwdiv^0,w,c
  5913   001B3E  0F30               	addlw	48
  5914   001B40  0100               	movlb	0	; () banked
  5915   001B42  6F79               	movwf	(_store_data+8)& (0+255),b
  5916                           
  5917                           ; BSR set to: 0
  5918                           ;main.c: 324: store_data[9] = (RPM % 10 + '0');
  5919   001B44  C026  F035         	movff	_RPM,___lwmod@dividend
  5920   001B48  C027  F036         	movff	_RPM+1,___lwmod@dividend+1
  5921   001B4C  0E00               	movlw	0
  5922   001B4E  6E38               	movwf	(___lwmod@divisor+1)^0,c
  5923   001B50  0E0A               	movlw	10
  5924   001B52  6E37               	movwf	___lwmod@divisor^0,c
  5925   001B54  ECCA  F00A         	call	___lwmod	;wreg free
  5926   001B58  5035               	movf	?___lwmod^0,w,c
  5927   001B5A  0F30               	addlw	48
  5928   001B5C  0100               	movlb	0	; () banked
  5929   001B5E  6F7A               	movwf	(_store_data+9)& (0+255),b
  5930                           
  5931                           ; BSR set to: 0
  5932                           ;main.c: 325: store_data[10] = '\0';
  5933   001B60  0E00               	movlw	0
  5934   001B62  6F7B               	movwf	(_store_data+10)& (0+255),b
  5935                           
  5936                           ; BSR set to: 0
  5937                           ;main.c: 326: for (int y = 0; y < 10; y++) {
  5938   001B64  0E00               	movlw	0
  5939   001B66  6E3D               	movwf	(store_event@y+1)^0,c
  5940   001B68  0E00               	movlw	0
  5941   001B6A  6E3C               	movwf	store_event@y^0,c
  5942   001B6C                     l3596:
  5943                           
  5944                           ;main.c: 327: write_ext_eeprom((event * 10 + y), store_data[y]);
  5945   001B6C  503C               	movf	store_event@y^0,w,c
  5946   001B6E  0F71               	addlw	low _store_data
  5947   001B70  6ED9               	movwf	fsr2l,c
  5948   001B72  6ADA               	clrf	fsr2h,c
  5949   001B74  50DF               	movf	indf2,w,c
  5950   001B76  6E36               	movwf	write_ext_eeprom@data1^0,c
  5951   001B78  5018               	movf	_event^0,w,c
  5952   001B7A  0D0A               	mullw	10
  5953   001B7C  50F3               	movf	243,w,c
  5954   001B7E  243C               	addwf	store_event@y^0,w,c
  5955   001B80  EC14  F00A         	call	_write_ext_eeprom
  5956   001B84  4A3C               	infsnz	store_event@y^0,f,c
  5957   001B86  2A3D               	incf	(store_event@y+1)^0,f,c
  5958   001B88  BE3D               	btfsc	(store_event@y+1)^0,7,c
  5959   001B8A  D7F0               	goto	l3596
  5960   001B8C  503D               	movf	(store_event@y+1)^0,w,c
  5961   001B8E  E104               	bnz	u2820
  5962   001B90  0E0A               	movlw	10
  5963   001B92  5C3C               	subwf	store_event@y^0,w,c
  5964   001B94  A0D8               	btfss	status,0,c
  5965   001B96  D7EA               	goto	l3596
  5966   001B98                     u2820:
  5967                           
  5968                           ;main.c: 328: };main.c: 329: event++;
  5969   001B98  4A18               	infsnz	_event^0,f,c
  5970   001B9A  2A19               	incf	(_event+1)^0,f,c
  5971                           
  5972                           ;main.c: 331: if (event == 10) {
  5973   001B9C  0E0A               	movlw	10
  5974   001B9E  1818               	xorwf	_event^0,w,c
  5975   001BA0  1019               	iorwf	(_event+1)^0,w,c
  5976   001BA2  A4D8               	btfss	status,2,c
  5977   001BA4  0012               	return	
  5978                           
  5979                           ;main.c: 332: event = 0;
  5980   001BA6  0E00               	movlw	0
  5981   001BA8  6E19               	movwf	(_event+1)^0,c
  5982   001BAA  0E00               	movlw	0
  5983   001BAC  6E18               	movwf	_event^0,c
  5984   001BAE  0012               	return		;funcret
  5985   001BB0                     __end_of_store_event:
  5986                           	callstack 0
  5987                           
  5988 ;; *************** function _write_ext_eeprom *****************
  5989 ;; Defined at:
  5990 ;;		line 96 in file "external_eeprom.c"
  5991 ;; Parameters:    Size  Location     Type
  5992 ;;  address1        1    wreg     unsigned char 
  5993 ;;  data1           1    1[COMRAM] unsigned char 
  5994 ;; Auto vars:     Size  Location     Type
  5995 ;;  address1        1    4[COMRAM] unsigned char 
  5996 ;;  i               2    2[COMRAM] int 
  5997 ;; Return value:  Size  Location     Type
  5998 ;;                  1    wreg      void 
  5999 ;; Registers used:
  6000 ;;		wreg, status,2, status,0, cstack
  6001 ;; Tracked objects:
  6002 ;;		On entry : 0/0
  6003 ;;		On exit  : 0/0
  6004 ;;		Unchanged: 0/0
  6005 ;; Data sizes:     COMRAM   BANK0   BANK1   BANK2   BANK3   BANK4   BANK5
  6006 ;;      Params:         1       0       0       0       0       0       0
  6007 ;;      Locals:         3       0       0       0       0       0       0
  6008 ;;      Temps:          0       0       0       0       0       0       0
  6009 ;;      Totals:         4       0       0       0       0       0       0
  6010 ;;Total ram usage:        4 bytes
  6011 ;; Hardware stack levels used: 1
  6012 ;; Hardware stack levels required when called: 2
  6013 ;; This function calls:
  6014 ;;		_i2c_start1
  6015 ;;		_i2c_stop1
  6016 ;;		_i2c_write1
  6017 ;; This function is called by:
  6018 ;;		_store_event
  6019 ;;		_change_password
  6020 ;; This function uses a non-reentrant model
  6021 ;;
  6022                           
  6023                           	psect	text28
  6024   001428                     __ptext28:
  6025                           	callstack 0
  6026   001428                     _write_ext_eeprom:
  6027                           	callstack 26
  6028                           
  6029                           ;incstack = 0
  6030                           ;write_ext_eeprom@address1 stored from wreg
  6031   001428  6E39               	movwf	write_ext_eeprom@address1^0,c
  6032                           
  6033                           ;external_eeprom.c: 98: i2c_start1();
  6034   00142A  EC36  F009         	call	_i2c_start1	;wreg free
  6035                           
  6036                           ;external_eeprom.c: 99: i2c_write1(0xA0);
  6037   00142E  0EA0               	movlw	160
  6038   001430  EC56  F009         	call	_i2c_write1
  6039                           
  6040                           ;external_eeprom.c: 100: i2c_write1(address1);
  6041   001434  5039               	movf	write_ext_eeprom@address1^0,w,c
  6042   001436  EC56  F009         	call	_i2c_write1
  6043                           
  6044                           ;external_eeprom.c: 101: i2c_write1(data1);
  6045   00143A  5036               	movf	write_ext_eeprom@data1^0,w,c
  6046   00143C  EC56  F009         	call	_i2c_write1
  6047                           
  6048                           ;external_eeprom.c: 102: i2c_stop1();
  6049   001440  EC3A  F009         	call	_i2c_stop1	;wreg free
  6050                           
  6051                           ;external_eeprom.c: 103: for(int i=3000;i--;);
  6052   001444  0E0B               	movlw	11
  6053   001446  6E38               	movwf	(write_ext_eeprom@i+1)^0,c
  6054   001448  0EB8               	movlw	184
  6055   00144A  6E37               	movwf	write_ext_eeprom@i^0,c
  6056   00144C                     l3168:
  6057   00144C  0637               	decf	write_ext_eeprom@i^0,f,c
  6058   00144E  A0D8               	btfss	status,0,c
  6059   001450  0638               	decf	(write_ext_eeprom@i+1)^0,f,c
  6060   001452  2837               	incf	write_ext_eeprom@i^0,w,c
  6061   001454  E1FB               	bnz	l3168
  6062   001456  2838               	incf	(write_ext_eeprom@i+1)^0,w,c
  6063   001458  B4D8               	btfsc	status,2,c
  6064   00145A  0012               	return	
  6065   00145C  D7F7               	goto	l3168
  6066   00145E                     __end_of_write_ext_eeprom:
  6067                           	callstack 0
  6068                           
  6069 ;; *************** function _i2c_write1 *****************
  6070 ;; Defined at:
  6071 ;;		line 69 in file "external_eeprom.c"
  6072 ;; Parameters:    Size  Location     Type
  6073 ;;  data1           1    wreg     unsigned char 
  6074 ;; Auto vars:     Size  Location     Type
  6075 ;;  data1           1    0[COMRAM] unsigned char 
  6076 ;; Return value:  Size  Location     Type
  6077 ;;                  1    wreg      void 
  6078 ;; Registers used:
  6079 ;;		wreg, cstack
  6080 ;; Tracked objects:
  6081 ;;		On entry : 0/0
  6082 ;;		On exit  : 0/0
  6083 ;;		Unchanged: 0/0
  6084 ;; Data sizes:     COMRAM   BANK0   BANK1   BANK2   BANK3   BANK4   BANK5
  6085 ;;      Params:         0       0       0       0       0       0       0
  6086 ;;      Locals:         1       0       0       0       0       0       0
  6087 ;;      Temps:          0       0       0       0       0       0       0
  6088 ;;      Totals:         1       0       0       0       0       0       0
  6089 ;;Total ram usage:        1 bytes
  6090 ;; Hardware stack levels used: 1
  6091 ;; Hardware stack levels required when called: 1
  6092 ;; This function calls:
  6093 ;;		_i2c_idle1
  6094 ;; This function is called by:
  6095 ;;		_write_ext_eeprom
  6096 ;;		_read_ext_eeprom
  6097 ;; This function uses a non-reentrant model
  6098 ;;
  6099                           
  6100                           	psect	text29
  6101   0012AC                     __ptext29:
  6102                           	callstack 0
  6103   0012AC                     _i2c_write1:
  6104                           	callstack 26
  6105                           
  6106                           ;incstack = 0
  6107                           ;i2c_write1@data1 stored from wreg
  6108   0012AC  6E35               	movwf	i2c_write1@data1^0,c
  6109                           
  6110                           ;external_eeprom.c: 71: SSPBUF = data1;
  6111   0012AE  C035  FFC9         	movff	i2c_write1@data1,4041	;volatile
  6112                           
  6113                           ;external_eeprom.c: 72: i2c_idle1();
  6114   0012B2  EC32  F009         	call	_i2c_idle1	;wreg free
  6115   0012B6  0012               	return		;funcret
  6116   0012B8                     __end_of_i2c_write1:
  6117                           	callstack 0
  6118                           
  6119 ;; *************** function _i2c_stop1 *****************
  6120 ;; Defined at:
  6121 ;;		line 57 in file "external_eeprom.c"
  6122 ;; Parameters:    Size  Location     Type
  6123 ;;		None
  6124 ;; Auto vars:     Size  Location     Type
  6125 ;;		None
  6126 ;; Return value:  Size  Location     Type
  6127 ;;                  1    wreg      void 
  6128 ;; Registers used:
  6129 ;;		cstack
  6130 ;; Tracked objects:
  6131 ;;		On entry : 0/0
  6132 ;;		On exit  : 0/0
  6133 ;;		Unchanged: 0/0
  6134 ;; Data sizes:     COMRAM   BANK0   BANK1   BANK2   BANK3   BANK4   BANK5
  6135 ;;      Params:         0       0       0       0       0       0       0
  6136 ;;      Locals:         0       0       0       0       0       0       0
  6137 ;;      Temps:          0       0       0       0       0       0       0
  6138 ;;      Totals:         0       0       0       0       0       0       0
  6139 ;;Total ram usage:        0 bytes
  6140 ;; Hardware stack levels used: 1
  6141 ;; Hardware stack levels required when called: 1
  6142 ;; This function calls:
  6143 ;;		_i2c_idle1
  6144 ;; This function is called by:
  6145 ;;		_write_ext_eeprom
  6146 ;;		_read_ext_eeprom
  6147 ;; This function uses a non-reentrant model
  6148 ;;
  6149                           
  6150                           	psect	text30
  6151   001274                     __ptext30:
  6152                           	callstack 0
  6153   001274                     _i2c_stop1:
  6154                           	callstack 26
  6155                           
  6156                           ;external_eeprom.c: 59: PEN = 1;
  6157                           
  6158                           ;incstack = 0
  6159   001274  84C5               	bsf	4037,2,c	;volatile
  6160                           
  6161                           ;external_eeprom.c: 60: i2c_idle1();
  6162   001276  EC32  F009         	call	_i2c_idle1	;wreg free
  6163   00127A  0012               	return		;funcret
  6164   00127C                     __end_of_i2c_stop1:
  6165                           	callstack 0
  6166                           
  6167 ;; *************** function _i2c_start1 *****************
  6168 ;; Defined at:
  6169 ;;		line 51 in file "external_eeprom.c"
  6170 ;; Parameters:    Size  Location     Type
  6171 ;;		None
  6172 ;; Auto vars:     Size  Location     Type
  6173 ;;		None
  6174 ;; Return value:  Size  Location     Type
  6175 ;;                  1    wreg      void 
  6176 ;; Registers used:
  6177 ;;		cstack
  6178 ;; Tracked objects:
  6179 ;;		On entry : 0/0
  6180 ;;		On exit  : 0/0
  6181 ;;		Unchanged: 0/0
  6182 ;; Data sizes:     COMRAM   BANK0   BANK1   BANK2   BANK3   BANK4   BANK5
  6183 ;;      Params:         0       0       0       0       0       0       0
  6184 ;;      Locals:         0       0       0       0       0       0       0
  6185 ;;      Temps:          0       0       0       0       0       0       0
  6186 ;;      Totals:         0       0       0       0       0       0       0
  6187 ;;Total ram usage:        0 bytes
  6188 ;; Hardware stack levels used: 1
  6189 ;; Hardware stack levels required when called: 1
  6190 ;; This function calls:
  6191 ;;		_i2c_idle1
  6192 ;; This function is called by:
  6193 ;;		_write_ext_eeprom
  6194 ;;		_read_ext_eeprom
  6195 ;; This function uses a non-reentrant model
  6196 ;;
  6197                           
  6198                           	psect	text31
  6199   00126C                     __ptext31:
  6200                           	callstack 0
  6201   00126C                     _i2c_start1:
  6202                           	callstack 26
  6203                           
  6204                           ;external_eeprom.c: 53: SEN = 1;
  6205                           
  6206                           ;incstack = 0
  6207   00126C  80C5               	bsf	4037,0,c	;volatile
  6208                           
  6209                           ;external_eeprom.c: 54: i2c_idle1();
  6210   00126E  EC32  F009         	call	_i2c_idle1	;wreg free
  6211   001272  0012               	return		;funcret
  6212   001274                     __end_of_i2c_start1:
  6213                           	callstack 0
  6214                           
  6215 ;; *************** function _i2c_idle1 *****************
  6216 ;; Defined at:
  6217 ;;		line 37 in file "external_eeprom.c"
  6218 ;; Parameters:    Size  Location     Type
  6219 ;;		None
  6220 ;; Auto vars:     Size  Location     Type
  6221 ;;		None
  6222 ;; Return value:  Size  Location     Type
  6223 ;;                  1    wreg      void 
  6224 ;; Registers used:
  6225 ;;		None
  6226 ;; Tracked objects:
  6227 ;;		On entry : 0/0
  6228 ;;		On exit  : 0/0
  6229 ;;		Unchanged: 0/0
  6230 ;; Data sizes:     COMRAM   BANK0   BANK1   BANK2   BANK3   BANK4   BANK5
  6231 ;;      Params:         0       0       0       0       0       0       0
  6232 ;;      Locals:         0       0       0       0       0       0       0
  6233 ;;      Temps:          0       0       0       0       0       0       0
  6234 ;;      Totals:         0       0       0       0       0       0       0
  6235 ;;Total ram usage:        0 bytes
  6236 ;; Hardware stack levels used: 1
  6237 ;; This function calls:
  6238 ;;		Nothing
  6239 ;; This function is called by:
  6240 ;;		_i2c_start1
  6241 ;;		_i2c_stop1
  6242 ;;		_i2c_rep_start1
  6243 ;;		_i2c_write1
  6244 ;;		_i2c_rx_mode1
  6245 ;; This function uses a non-reentrant model
  6246 ;;
  6247                           
  6248                           	psect	text32
  6249   001264                     __ptext32:
  6250                           	callstack 0
  6251   001264                     _i2c_idle1:
  6252                           	callstack 26
  6253                           
  6254                           ;external_eeprom.c: 39: while (!SSPIF);
  6255                           
  6256                           ;incstack = 0
  6257   001264  A69E               	btfss	3998,3,c	;volatile
  6258   001266  D7FE               	goto	__ptext32
  6259                           
  6260                           ;external_eeprom.c: 40: SSPIF = 0;
  6261   001268  969E               	bcf	3998,3,c	;volatile
  6262   00126A  0012               	return		;funcret
  6263   00126C                     __end_of_i2c_idle1:
  6264                           	callstack 0
  6265                           
  6266 ;; *************** function ___lwmod *****************
  6267 ;; Defined at:
  6268 ;;		line 7 in file "C:\Program Files\Microchip\xc8\v2.41\pic\sources\c90\common\lwmod.c"
  6269 ;; Parameters:    Size  Location     Type
  6270 ;;  dividend        2    0[COMRAM] unsigned int 
  6271 ;;  divisor         2    2[COMRAM] unsigned int 
  6272 ;; Auto vars:     Size  Location     Type
  6273 ;;  counter         1    4[COMRAM] unsigned char 
  6274 ;; Return value:  Size  Location     Type
  6275 ;;                  2    0[COMRAM] unsigned int 
  6276 ;; Registers used:
  6277 ;;		wreg, status,2, status,0
  6278 ;; Tracked objects:
  6279 ;;		On entry : 0/0
  6280 ;;		On exit  : 0/0
  6281 ;;		Unchanged: 0/0
  6282 ;; Data sizes:     COMRAM   BANK0   BANK1   BANK2   BANK3   BANK4   BANK5
  6283 ;;      Params:         4       0       0       0       0       0       0
  6284 ;;      Locals:         1       0       0       0       0       0       0
  6285 ;;      Temps:          0       0       0       0       0       0       0
  6286 ;;      Totals:         5       0       0       0       0       0       0
  6287 ;;Total ram usage:        5 bytes
  6288 ;; Hardware stack levels used: 1
  6289 ;; This function calls:
  6290 ;;		Nothing
  6291 ;; This function is called by:
  6292 ;;		_set_time
  6293 ;;		_store_event
  6294 ;;		_dashboard
  6295 ;; This function uses a non-reentrant model
  6296 ;;
  6297                           
  6298                           	psect	text33
  6299   001594                     __ptext33:
  6300                           	callstack 0
  6301   001594                     ___lwmod:
  6302                           	callstack 28
  6303                           
  6304                           ;incstack = 0
  6305   001594  5037               	movf	___lwmod@divisor^0,w,c
  6306   001596  1038               	iorwf	(___lwmod@divisor+1)^0,w,c
  6307   001598  B4D8               	btfsc	status,2,c
  6308   00159A  D018               	goto	l1338
  6309   00159C  0E01               	movlw	1
  6310   00159E  6E39               	movwf	___lwmod@counter^0,c
  6311   0015A0  D004               	goto	l3246
  6312   0015A2                     l3244:
  6313   0015A2  90D8               	bcf	status,0,c
  6314   0015A4  3637               	rlcf	___lwmod@divisor^0,f,c
  6315   0015A6  3638               	rlcf	(___lwmod@divisor+1)^0,f,c
  6316   0015A8  2A39               	incf	___lwmod@counter^0,f,c
  6317   0015AA                     l3246:
  6318   0015AA  AE38               	btfss	(___lwmod@divisor+1)^0,7,c
  6319   0015AC  D7FA               	goto	l3244
  6320   0015AE                     u2280:
  6321   0015AE  5037               	movf	___lwmod@divisor^0,w,c
  6322   0015B0  5C35               	subwf	___lwmod@dividend^0,w,c
  6323   0015B2  5038               	movf	(___lwmod@divisor+1)^0,w,c
  6324   0015B4  5836               	subwfb	(___lwmod@dividend+1)^0,w,c
  6325   0015B6  A0D8               	btfss	status,0,c
  6326   0015B8  D004               	goto	l3252
  6327   0015BA  5037               	movf	___lwmod@divisor^0,w,c
  6328   0015BC  5E35               	subwf	___lwmod@dividend^0,f,c
  6329   0015BE  5038               	movf	(___lwmod@divisor+1)^0,w,c
  6330   0015C0  5A36               	subwfb	(___lwmod@dividend+1)^0,f,c
  6331   0015C2                     l3252:
  6332   0015C2  90D8               	bcf	status,0,c
  6333   0015C4  3238               	rrcf	(___lwmod@divisor+1)^0,f,c
  6334   0015C6  3237               	rrcf	___lwmod@divisor^0,f,c
  6335   0015C8  2E39               	decfsz	___lwmod@counter^0,f,c
  6336   0015CA  D7F1               	goto	u2280
  6337   0015CC                     l1338:
  6338   0015CC  C035  F035         	movff	___lwmod@dividend,?___lwmod
  6339   0015D0  C036  F036         	movff	___lwmod@dividend+1,?___lwmod+1
  6340   0015D4  0012               	return		;funcret
  6341   0015D6                     __end_of___lwmod:
  6342                           	callstack 0
  6343                           
  6344 ;; *************** function ___lwdiv *****************
  6345 ;; Defined at:
  6346 ;;		line 7 in file "C:\Program Files\Microchip\xc8\v2.41\pic\sources\c90\common\lwdiv.c"
  6347 ;; Parameters:    Size  Location     Type
  6348 ;;  dividend        2    0[COMRAM] unsigned int 
  6349 ;;  divisor         2    2[COMRAM] unsigned int 
  6350 ;; Auto vars:     Size  Location     Type
  6351 ;;  quotient        2    4[COMRAM] unsigned int 
  6352 ;;  counter         1    6[COMRAM] unsigned char 
  6353 ;; Return value:  Size  Location     Type
  6354 ;;                  2    0[COMRAM] unsigned int 
  6355 ;; Registers used:
  6356 ;;		wreg, status,2, status,0
  6357 ;; Tracked objects:
  6358 ;;		On entry : 0/0
  6359 ;;		On exit  : 0/0
  6360 ;;		Unchanged: 0/0
  6361 ;; Data sizes:     COMRAM   BANK0   BANK1   BANK2   BANK3   BANK4   BANK5
  6362 ;;      Params:         4       0       0       0       0       0       0
  6363 ;;      Locals:         3       0       0       0       0       0       0
  6364 ;;      Temps:          0       0       0       0       0       0       0
  6365 ;;      Totals:         7       0       0       0       0       0       0
  6366 ;;Total ram usage:        7 bytes
  6367 ;; Hardware stack levels used: 1
  6368 ;; This function calls:
  6369 ;;		Nothing
  6370 ;; This function is called by:
  6371 ;;		_store_event
  6372 ;;		_dashboard
  6373 ;; This function uses a non-reentrant model
  6374 ;;
  6375                           
  6376                           	psect	text34
  6377   0016A2                     __ptext34:
  6378                           	callstack 0
  6379   0016A2                     ___lwdiv:
  6380                           	callstack 28
  6381                           
  6382                           ;incstack = 0
  6383   0016A2  0E00               	movlw	0
  6384   0016A4  6E3A               	movwf	(___lwdiv@quotient+1)^0,c
  6385   0016A6  0E00               	movlw	0
  6386   0016A8  6E39               	movwf	___lwdiv@quotient^0,c
  6387   0016AA  5037               	movf	___lwdiv@divisor^0,w,c
  6388   0016AC  1038               	iorwf	(___lwdiv@divisor+1)^0,w,c
  6389   0016AE  B4D8               	btfsc	status,2,c
  6390   0016B0  D01C               	goto	l1328
  6391   0016B2  0E01               	movlw	1
  6392   0016B4  6E3B               	movwf	___lwdiv@counter^0,c
  6393   0016B6  D004               	goto	l3226
  6394   0016B8                     l3224:
  6395   0016B8  90D8               	bcf	status,0,c
  6396   0016BA  3637               	rlcf	___lwdiv@divisor^0,f,c
  6397   0016BC  3638               	rlcf	(___lwdiv@divisor+1)^0,f,c
  6398   0016BE  2A3B               	incf	___lwdiv@counter^0,f,c
  6399   0016C0                     l3226:
  6400   0016C0  AE38               	btfss	(___lwdiv@divisor+1)^0,7,c
  6401   0016C2  D7FA               	goto	l3224
  6402   0016C4                     u2250:
  6403   0016C4  90D8               	bcf	status,0,c
  6404   0016C6  3639               	rlcf	___lwdiv@quotient^0,f,c
  6405   0016C8  363A               	rlcf	(___lwdiv@quotient+1)^0,f,c
  6406   0016CA  5037               	movf	___lwdiv@divisor^0,w,c
  6407   0016CC  5C35               	subwf	___lwdiv@dividend^0,w,c
  6408   0016CE  5038               	movf	(___lwdiv@divisor+1)^0,w,c
  6409   0016D0  5836               	subwfb	(___lwdiv@dividend+1)^0,w,c
  6410   0016D2  A0D8               	btfss	status,0,c
  6411   0016D4  D005               	goto	l3236
  6412   0016D6  5037               	movf	___lwdiv@divisor^0,w,c
  6413   0016D8  5E35               	subwf	___lwdiv@dividend^0,f,c
  6414   0016DA  5038               	movf	(___lwdiv@divisor+1)^0,w,c
  6415   0016DC  5A36               	subwfb	(___lwdiv@dividend+1)^0,f,c
  6416   0016DE  8039               	bsf	___lwdiv@quotient^0,0,c
  6417   0016E0                     l3236:
  6418   0016E0  90D8               	bcf	status,0,c
  6419   0016E2  3238               	rrcf	(___lwdiv@divisor+1)^0,f,c
  6420   0016E4  3237               	rrcf	___lwdiv@divisor^0,f,c
  6421   0016E6  2E3B               	decfsz	___lwdiv@counter^0,f,c
  6422   0016E8  D7ED               	goto	u2250
  6423   0016EA                     l1328:
  6424   0016EA  C039  F035         	movff	___lwdiv@quotient,?___lwdiv
  6425   0016EE  C03A  F036         	movff	___lwdiv@quotient+1,?___lwdiv+1
  6426   0016F2  0012               	return		;funcret
  6427   0016F4                     __end_of___lwdiv:
  6428                           	callstack 0
  6429                           
  6430 ;; *************** function _read_switches *****************
  6431 ;; Defined at:
  6432 ;;		line 95 in file "Matrix_KEYPAD.c"
  6433 ;; Parameters:    Size  Location     Type
  6434 ;;  detection_ty    1    wreg     unsigned char 
  6435 ;; Auto vars:     Size  Location     Type
  6436 ;;  detection_ty    1    0[COMRAM] unsigned char 
  6437 ;; Return value:  Size  Location     Type
  6438 ;;                  1    wreg      unsigned char 
  6439 ;; Registers used:
  6440 ;;		wreg, status,2, status,0, cstack
  6441 ;; Tracked objects:
  6442 ;;		On entry : 0/0
  6443 ;;		On exit  : 0/0
  6444 ;;		Unchanged: 0/0
  6445 ;; Data sizes:     COMRAM   BANK0   BANK1   BANK2   BANK3   BANK4   BANK5
  6446 ;;      Params:         0       0       0       0       0       0       0
  6447 ;;      Locals:         1       0       0       0       0       0       0
  6448 ;;      Temps:          0       0       0       0       0       0       0
  6449 ;;      Totals:         1       0       0       0       0       0       0
  6450 ;;Total ram usage:        1 bytes
  6451 ;; Hardware stack levels used: 1
  6452 ;; Hardware stack levels required when called: 1
  6453 ;; This function calls:
  6454 ;;		_scan_key
  6455 ;; This function is called by:
  6456 ;;		_set_time
  6457 ;;		_view_log
  6458 ;;		_dashboard
  6459 ;;		_change_password
  6460 ;;		_password
  6461 ;;		_display_menu
  6462 ;; This function uses a non-reentrant model
  6463 ;;
  6464                           
  6465                           	psect	text35
  6466   00149A                     __ptext35:
  6467                           	callstack 0
  6468   00149A                     _read_switches:
  6469                           	callstack 27
  6470                           
  6471                           ;incstack = 0
  6472                           ;read_switches@detection_type stored from wreg
  6473   00149A  6E35               	movwf	read_switches@detection_type^0,c
  6474                           
  6475                           ;Matrix_KEYPAD.c: 97: static unsigned char once = 1, key;;Matrix_KEYPAD.c: 99: if (detec
      +                          tion_type == 1)
  6476   00149C  0435               	decf	read_switches@detection_type^0,w,c
  6477   00149E  A4D8               	btfss	status,2,c
  6478   0014A0  D013               	goto	l3122
  6479                           
  6480                           ;Matrix_KEYPAD.c: 100: {;Matrix_KEYPAD.c: 101: key = scan_key();
  6481   0014A2  ECA2  F00C         	call	_scan_key	;wreg free
  6482   0014A6  6E2A               	movwf	read_switches@key^0,c
  6483                           
  6484                           ;Matrix_KEYPAD.c: 102: if(key != 0xFF && once )
  6485   0014A8  282A               	incf	read_switches@key^0,w,c
  6486   0014AA  B4D8               	btfsc	status,2,c
  6487   0014AC  D007               	goto	l3118
  6488   0014AE  505F               	movf	read_switches@once^0,w,c
  6489   0014B0  B4D8               	btfsc	status,2,c
  6490   0014B2  D004               	goto	l3118
  6491                           
  6492                           ;Matrix_KEYPAD.c: 103: {;Matrix_KEYPAD.c: 104: once = 0;
  6493   0014B4  0E00               	movlw	0
  6494   0014B6  6E5F               	movwf	read_switches@once^0,c
  6495                           
  6496                           ;Matrix_KEYPAD.c: 105: return key;
  6497   0014B8  502A               	movf	read_switches@key^0,w,c
  6498   0014BA  0012               	return	
  6499   0014BC                     l3118:
  6500                           
  6501                           ;Matrix_KEYPAD.c: 107: else if(key == 0xFF)
  6502   0014BC  282A               	incf	read_switches@key^0,w,c
  6503   0014BE  A4D8               	btfss	status,2,c
  6504   0014C0  D009               	goto	l3128
  6505                           
  6506                           ;Matrix_KEYPAD.c: 108: {;Matrix_KEYPAD.c: 109: once = 1;
  6507   0014C2  0E01               	movlw	1
  6508   0014C4  6E5F               	movwf	read_switches@once^0,c
  6509   0014C6  D006               	goto	l3128
  6510   0014C8                     l3122:
  6511                           
  6512                           ;Matrix_KEYPAD.c: 112: else if (detection_type == 0)
  6513   0014C8  5035               	movf	read_switches@detection_type^0,w,c
  6514   0014CA  A4D8               	btfss	status,2,c
  6515   0014CC  D003               	goto	l3128
  6516                           
  6517                           ;Matrix_KEYPAD.c: 113: {;Matrix_KEYPAD.c: 114: return scan_key();
  6518   0014CE  ECA2  F00C         	call	_scan_key	;wreg free
  6519   0014D2  0012               	return	
  6520   0014D4                     l3128:
  6521                           
  6522                           ;Matrix_KEYPAD.c: 115: };Matrix_KEYPAD.c: 117: return 0xFF;
  6523   0014D4  0EFF               	movlw	255
  6524   0014D6  0012               	return		;funcret
  6525   0014D8                     __end_of_read_switches:
  6526                           	callstack 0
  6527                           
  6528 ;; *************** function _scan_key *****************
  6529 ;; Defined at:
  6530 ;;		line 25 in file "Matrix_KEYPAD.c"
  6531 ;; Parameters:    Size  Location     Type
  6532 ;;		None
  6533 ;; Auto vars:     Size  Location     Type
  6534 ;;		None
  6535 ;; Return value:  Size  Location     Type
  6536 ;;                  1    wreg      unsigned char 
  6537 ;; Registers used:
  6538 ;;		wreg
  6539 ;; Tracked objects:
  6540 ;;		On entry : 0/0
  6541 ;;		On exit  : 0/0
  6542 ;;		Unchanged: 0/0
  6543 ;; Data sizes:     COMRAM   BANK0   BANK1   BANK2   BANK3   BANK4   BANK5
  6544 ;;      Params:         0       0       0       0       0       0       0
  6545 ;;      Locals:         0       0       0       0       0       0       0
  6546 ;;      Temps:          0       0       0       0       0       0       0
  6547 ;;      Totals:         0       0       0       0       0       0       0
  6548 ;;Total ram usage:        0 bytes
  6549 ;; Hardware stack levels used: 1
  6550 ;; This function calls:
  6551 ;;		Nothing
  6552 ;; This function is called by:
  6553 ;;		_read_switches
  6554 ;; This function uses a non-reentrant model
  6555 ;;
  6556                           
  6557                           	psect	text36
  6558   001944                     __ptext36:
  6559                           	callstack 0
  6560   001944                     _scan_key:
  6561                           	callstack 27
  6562                           
  6563                           ;Matrix_KEYPAD.c: 27: PORTBbits.RB5 = 0;
  6564                           
  6565                           ;incstack = 0
  6566   001944  9A81               	bcf	129,5,c	;volatile
  6567                           
  6568                           ;Matrix_KEYPAD.c: 28: PORTBbits.RB6 = 1;
  6569   001946  8C81               	bsf	129,6,c	;volatile
  6570                           
  6571                           ;Matrix_KEYPAD.c: 29: PORTBbits.RB7 = 1;
  6572   001948  8E81               	bsf	129,7,c	;volatile
  6573                           
  6574                           ;Matrix_KEYPAD.c: 31: if (PORTBbits.RB1 == 0)
  6575   00194A  B281               	btfsc	129,1,c	;volatile
  6576   00194C  D002               	goto	l602
  6577                           
  6578                           ;Matrix_KEYPAD.c: 32: {;Matrix_KEYPAD.c: 33: return 1;
  6579   00194E  0E01               	movlw	1
  6580   001950  0012               	return	
  6581   001952                     l602:
  6582                           
  6583                           ;Matrix_KEYPAD.c: 35: else if (PORTBbits.RB2 == 0)
  6584   001952  B481               	btfsc	129,2,c	;volatile
  6585   001954  D002               	goto	l605
  6586                           
  6587                           ;Matrix_KEYPAD.c: 36: {;Matrix_KEYPAD.c: 37: return 4;
  6588   001956  0E04               	movlw	4
  6589   001958  0012               	return	
  6590   00195A                     l605:
  6591                           
  6592                           ;Matrix_KEYPAD.c: 39: else if (PORTBbits.RB3 == 0)
  6593   00195A  B681               	btfsc	129,3,c	;volatile
  6594   00195C  D002               	goto	l607
  6595                           
  6596                           ;Matrix_KEYPAD.c: 40: {;Matrix_KEYPAD.c: 41: return 7;
  6597   00195E  0E07               	movlw	7
  6598   001960  0012               	return	
  6599   001962                     l607:
  6600                           
  6601                           ;Matrix_KEYPAD.c: 43: else if (PORTBbits.RB4 == 0)
  6602   001962  B881               	btfsc	129,4,c	;volatile
  6603   001964  D002               	goto	l604
  6604                           
  6605                           ;Matrix_KEYPAD.c: 44: {;Matrix_KEYPAD.c: 45: return 10;
  6606   001966  0E0A               	movlw	10
  6607   001968  0012               	return	
  6608   00196A                     l604:
  6609                           
  6610                           ;Matrix_KEYPAD.c: 46: };Matrix_KEYPAD.c: 48: PORTBbits.RB5 = 1;
  6611   00196A  8A81               	bsf	129,5,c	;volatile
  6612                           
  6613                           ;Matrix_KEYPAD.c: 49: PORTBbits.RB6 = 0;
  6614   00196C  9C81               	bcf	129,6,c	;volatile
  6615                           
  6616                           ;Matrix_KEYPAD.c: 50: PORTBbits.RB7 = 1;
  6617   00196E  8E81               	bsf	129,7,c	;volatile
  6618                           
  6619                           ;Matrix_KEYPAD.c: 52: if (PORTBbits.RB1 == 0)
  6620   001970  B281               	btfsc	129,1,c	;volatile
  6621   001972  D002               	goto	l610
  6622                           
  6623                           ;Matrix_KEYPAD.c: 53: {;Matrix_KEYPAD.c: 54: return 2;
  6624   001974  0E02               	movlw	2
  6625   001976  0012               	return	
  6626   001978                     l610:
  6627                           
  6628                           ;Matrix_KEYPAD.c: 56: else if (PORTBbits.RB2 == 0)
  6629   001978  B481               	btfsc	129,2,c	;volatile
  6630   00197A  D002               	goto	l612
  6631                           
  6632                           ;Matrix_KEYPAD.c: 57: {;Matrix_KEYPAD.c: 58: return 5;
  6633   00197C  0E05               	movlw	5
  6634   00197E  0012               	return	
  6635   001980                     l612:
  6636                           
  6637                           ;Matrix_KEYPAD.c: 60: else if (PORTBbits.RB3 == 0)
  6638   001980  B681               	btfsc	129,3,c	;volatile
  6639   001982  D002               	goto	l614
  6640                           
  6641                           ;Matrix_KEYPAD.c: 61: {;Matrix_KEYPAD.c: 62: return 8;
  6642   001984  0E08               	movlw	8
  6643   001986  0012               	return	
  6644   001988                     l614:
  6645                           
  6646                           ;Matrix_KEYPAD.c: 64: else if (PORTBbits.RB4 == 0)
  6647   001988  B881               	btfsc	129,4,c	;volatile
  6648   00198A  D002               	goto	l611
  6649                           
  6650                           ;Matrix_KEYPAD.c: 65: {;Matrix_KEYPAD.c: 66: return 11;
  6651   00198C  0E0B               	movlw	11
  6652   00198E  0012               	return	
  6653   001990                     l611:
  6654                           
  6655                           ;Matrix_KEYPAD.c: 67: };Matrix_KEYPAD.c: 69: PORTBbits.RB5 = 1;
  6656   001990  8A81               	bsf	129,5,c	;volatile
  6657                           
  6658                           ;Matrix_KEYPAD.c: 70: PORTBbits.RB6 = 1;
  6659   001992  8C81               	bsf	129,6,c	;volatile
  6660                           
  6661                           ;Matrix_KEYPAD.c: 71: PORTBbits.RB7 = 0;
  6662   001994  9E81               	bcf	129,7,c	;volatile
  6663                           
  6664                           ;Matrix_KEYPAD.c: 73: PORTBbits.RB7 = 0;
  6665   001996  9E81               	bcf	129,7,c	;volatile
  6666                           
  6667                           ;Matrix_KEYPAD.c: 75: if (PORTBbits.RB1 == 0)
  6668   001998  B281               	btfsc	129,1,c	;volatile
  6669   00199A  D002               	goto	l617
  6670                           
  6671                           ;Matrix_KEYPAD.c: 76: {;Matrix_KEYPAD.c: 77: return 3;
  6672   00199C  0E03               	movlw	3
  6673   00199E  0012               	return	
  6674   0019A0                     l617:
  6675                           
  6676                           ;Matrix_KEYPAD.c: 79: else if (PORTBbits.RB2 == 0)
  6677   0019A0  B481               	btfsc	129,2,c	;volatile
  6678   0019A2  D002               	goto	l619
  6679                           
  6680                           ;Matrix_KEYPAD.c: 80: {;Matrix_KEYPAD.c: 81: return 6;
  6681   0019A4  0E06               	movlw	6
  6682   0019A6  0012               	return	
  6683   0019A8                     l619:
  6684                           
  6685                           ;Matrix_KEYPAD.c: 83: else if (PORTBbits.RB3 == 0)
  6686   0019A8  B681               	btfsc	129,3,c	;volatile
  6687   0019AA  D002               	goto	l621
  6688                           
  6689                           ;Matrix_KEYPAD.c: 84: {;Matrix_KEYPAD.c: 85: return 9;
  6690   0019AC  0E09               	movlw	9
  6691   0019AE  0012               	return	
  6692   0019B0                     l621:
  6693                           
  6694                           ;Matrix_KEYPAD.c: 87: else if (PORTBbits.RB4 == 0)
  6695   0019B0  B881               	btfsc	129,4,c	;volatile
  6696   0019B2  D002               	goto	l620
  6697                           
  6698                           ;Matrix_KEYPAD.c: 88: {;Matrix_KEYPAD.c: 89: return 12;
  6699   0019B4  0E0C               	movlw	12
  6700   0019B6  0012               	return	
  6701   0019B8                     l620:
  6702                           
  6703                           ;Matrix_KEYPAD.c: 90: };Matrix_KEYPAD.c: 92: return 0xFF;
  6704   0019B8  0EFF               	movlw	255
  6705   0019BA  0012               	return		;funcret
  6706   0019BC                     __end_of_scan_key:
  6707                           	callstack 0
  6708                           
  6709 ;; *************** function _read_adc *****************
  6710 ;; Defined at:
  6711 ;;		line 49 in file "POT.c"
  6712 ;; Parameters:    Size  Location     Type
  6713 ;;  channel         1    wreg     unsigned char 
  6714 ;; Auto vars:     Size  Location     Type
  6715 ;;  channel         1    6[COMRAM] unsigned char 
  6716 ;;  reg_val         2    4[COMRAM] unsigned short 
  6717 ;; Return value:  Size  Location     Type
  6718 ;;                  2    0[COMRAM] unsigned short 
  6719 ;; Registers used:
  6720 ;;		wreg, status,2, status,0
  6721 ;; Tracked objects:
  6722 ;;		On entry : 0/0
  6723 ;;		On exit  : 0/0
  6724 ;;		Unchanged: 0/0
  6725 ;; Data sizes:     COMRAM   BANK0   BANK1   BANK2   BANK3   BANK4   BANK5
  6726 ;;      Params:         2       0       0       0       0       0       0
  6727 ;;      Locals:         3       0       0       0       0       0       0
  6728 ;;      Temps:          2       0       0       0       0       0       0
  6729 ;;      Totals:         7       0       0       0       0       0       0
  6730 ;;Total ram usage:        7 bytes
  6731 ;; Hardware stack levels used: 1
  6732 ;; This function calls:
  6733 ;;		Nothing
  6734 ;; This function is called by:
  6735 ;;		_dashboard
  6736 ;; This function uses a non-reentrant model
  6737 ;;
  6738                           
  6739                           	psect	text37
  6740   00145E                     __ptext37:
  6741                           	callstack 0
  6742   00145E                     _read_adc:
  6743                           	callstack 29
  6744                           
  6745                           ;incstack = 0
  6746                           ;read_adc@channel stored from wreg
  6747   00145E  6E3B               	movwf	read_adc@channel^0,c
  6748                           
  6749                           ;POT.c: 51: unsigned short reg_val;;POT.c: 55: ADCON0 = (ADCON0 & 0xC3) | (channel << 2)
      +                          ;
  6750   001460  C03B  F037         	movff	read_adc@channel,??_read_adc
  6751   001464  90D8               	bcf	status,0,c
  6752   001466  3637               	rlcf	??_read_adc^0,f,c
  6753   001468  90D8               	bcf	status,0,c
  6754   00146A  3637               	rlcf	??_read_adc^0,f,c
  6755   00146C  50C2               	movf	194,w,c	;volatile
  6756   00146E  0BC3               	andlw	195
  6757   001470  1037               	iorwf	??_read_adc^0,w,c
  6758   001472  6EC2               	movwf	194,c	;volatile
  6759                           
  6760                           ;POT.c: 58: GO = 1;
  6761   001474  82C2               	bsf	4034,1,c	;volatile
  6762   001476                     l672:
  6763   001476  B2C2               	btfsc	4034,1,c	;volatile
  6764   001478  D7FE               	goto	l672
  6765                           
  6766                           ;POT.c: 60: reg_val = (ADRESH << 8) | ADRESL;
  6767   00147A  50C3               	movf	195,w,c	;volatile
  6768   00147C  CFC4 F037          	movff	4036,??_read_adc	;volatile
  6769   001480  6A38               	clrf	(??_read_adc+1)^0,c
  6770   001482  C037  F038         	movff	??_read_adc,??_read_adc+1
  6771   001486  6A37               	clrf	??_read_adc^0,c
  6772   001488  1037               	iorwf	??_read_adc^0,w,c
  6773   00148A  6E39               	movwf	read_adc@reg_val^0,c
  6774   00148C  5038               	movf	(??_read_adc+1)^0,w,c
  6775   00148E  6E3A               	movwf	(read_adc@reg_val+1)^0,c
  6776                           
  6777                           ;POT.c: 62: return reg_val;
  6778   001490  C039  F035         	movff	read_adc@reg_val,?_read_adc
  6779   001494  C03A  F036         	movff	read_adc@reg_val+1,?_read_adc+1
  6780   001498  0012               	return		;funcret
  6781   00149A                     __end_of_read_adc:
  6782                           	callstack 0
  6783                           
  6784 ;; *************** function _get_time *****************
  6785 ;; Defined at:
  6786 ;;		line 283 in file "main.c"
  6787 ;; Parameters:    Size  Location     Type
  6788 ;;		None
  6789 ;; Auto vars:     Size  Location     Type
  6790 ;;		None
  6791 ;; Return value:  Size  Location     Type
  6792 ;;                  2  379[None  ] int 
  6793 ;; Registers used:
  6794 ;;		wreg, status,2, status,0, cstack
  6795 ;; Tracked objects:
  6796 ;;		On entry : 0/0
  6797 ;;		On exit  : 3F/0
  6798 ;;		Unchanged: 0/0
  6799 ;; Data sizes:     COMRAM   BANK0   BANK1   BANK2   BANK3   BANK4   BANK5
  6800 ;;      Params:         0       0       0       0       0       0       0
  6801 ;;      Locals:         0       0       0       0       0       0       0
  6802 ;;      Temps:          0       0       0       0       0       0       0
  6803 ;;      Totals:         0       0       0       0       0       0       0
  6804 ;;Total ram usage:        0 bytes
  6805 ;; Hardware stack levels used: 1
  6806 ;; Hardware stack levels required when called: 4
  6807 ;; This function calls:
  6808 ;;		_read_ds1307
  6809 ;; This function is called by:
  6810 ;;		_dashboard
  6811 ;; This function uses a non-reentrant model
  6812 ;;
  6813                           
  6814                           	psect	text38
  6815   00186A                     __ptext38:
  6816                           	callstack 0
  6817   00186A                     _get_time:
  6818                           	callstack 25
  6819                           
  6820                           ;main.c: 284: clock_reg[0] = read_ds1307(0x02);
  6821                           
  6822                           ;incstack = 0
  6823   00186A  0E02               	movlw	2
  6824   00186C  ECD4  F009         	call	_read_ds1307
  6825   001870  6E09               	movwf	_clock_reg^0,c
  6826                           
  6827                           ;main.c: 285: clock_reg[1] = read_ds1307(0x01);
  6828   001872  0E01               	movlw	1
  6829   001874  ECD4  F009         	call	_read_ds1307
  6830   001878  6E0A               	movwf	(_clock_reg+1)^0,c
  6831                           
  6832                           ;main.c: 286: clock_reg[2] = read_ds1307(0x00);
  6833   00187A  0E00               	movlw	0
  6834   00187C  ECD4  F009         	call	_read_ds1307
  6835   001880  6E0B               	movwf	(_clock_reg+2)^0,c
  6836                           
  6837                           ;main.c: 288: if (clock_reg[0] & 0x40) {
  6838   001882  AC09               	btfss	_clock_reg^0,6,c
  6839   001884  D004               	goto	l3568
  6840                           
  6841                           ;main.c: 289: time[0] = '0' + ((clock_reg[0] >> 4) & 0x01);
  6842   001886  3809               	swapf	_clock_reg^0,w,c
  6843   001888  0B0F               	andlw	15
  6844   00188A  0B01               	andlw	1
  6845   00188C  D003               	goto	L3
  6846   00188E                     l3568:
  6847                           
  6848                           ;main.c: 292: time[0] = '0' + ((clock_reg[0] >> 4) & 0x03);
  6849   00188E  3809               	swapf	_clock_reg^0,w,c
  6850   001890  0B0F               	andlw	15
  6851   001892  0B03               	andlw	3
  6852   001894                     L3:
  6853   001894  0F30               	addlw	48
  6854   001896  0100               	movlb	0	; () banked
  6855   001898  6F9E               	movwf	_time& (0+255),b
  6856                           
  6857                           ;main.c: 293: time[1] = '0' + (clock_reg[0] & 0x0F);
  6858   00189A  5009               	movf	_clock_reg^0,w,c
  6859   00189C  0B0F               	andlw	15
  6860   00189E  0F30               	addlw	48
  6861   0018A0  6F9F               	movwf	(_time+1)& (0+255),b
  6862                           
  6863                           ; BSR set to: 0
  6864                           ;main.c: 294: };main.c: 295: time[2] = ':';
  6865   0018A2  0E3A               	movlw	58
  6866   0018A4  6FA0               	movwf	(_time+2)& (0+255),b
  6867                           
  6868                           ; BSR set to: 0
  6869                           ;main.c: 296: time[3] = '0' + ((clock_reg[1] >> 4) & 0x0F);
  6870   0018A6  380A               	swapf	(_clock_reg+1)^0,w,c
  6871   0018A8  0B0F               	andlw	15
  6872   0018AA  0B0F               	andlw	15
  6873   0018AC  0F30               	addlw	48
  6874   0018AE  6FA1               	movwf	(_time+3)& (0+255),b
  6875                           
  6876                           ; BSR set to: 0
  6877                           ;main.c: 297: time[4] = '0' + (clock_reg[1] & 0x0F);
  6878   0018B0  500A               	movf	(_clock_reg+1)^0,w,c
  6879   0018B2  0B0F               	andlw	15
  6880   0018B4  0F30               	addlw	48
  6881   0018B6  6FA2               	movwf	(_time+4)& (0+255),b
  6882                           
  6883                           ; BSR set to: 0
  6884                           ;main.c: 298: time[5] = ':';
  6885   0018B8  0E3A               	movlw	58
  6886   0018BA  6FA3               	movwf	(_time+5)& (0+255),b
  6887                           
  6888                           ;main.c: 299: time[6] = '0' + ((clock_reg[2] >> 4) & 0x0F);
  6889   0018BC  380B               	swapf	(_clock_reg+2)^0,w,c
  6890   0018BE  0B0F               	andlw	15
  6891   0018C0  0B0F               	andlw	15
  6892   0018C2  0F30               	addlw	48
  6893   0018C4  6FA4               	movwf	(_time+6)& (0+255),b
  6894                           
  6895                           ;main.c: 300: time[7] = '0' + (clock_reg[2] & 0x0F);
  6896   0018C6  500B               	movf	(_clock_reg+2)^0,w,c
  6897   0018C8  0B0F               	andlw	15
  6898   0018CA  0F30               	addlw	48
  6899   0018CC  6FA5               	movwf	(_time+7)& (0+255),b
  6900                           
  6901                           ; BSR set to: 0
  6902                           ;main.c: 301: time[8] = '\0';
  6903   0018CE  0E00               	movlw	0
  6904   0018D0  6FA6               	movwf	(_time+8)& (0+255),b
  6905                           
  6906                           ; BSR set to: 0
  6907   0018D2  0012               	return		;funcret
  6908   0018D4                     __end_of_get_time:
  6909                           	callstack 0
  6910                           
  6911 ;; *************** function _read_ds1307 *****************
  6912 ;; Defined at:
  6913 ;;		line 59 in file "RTC.c"
  6914 ;; Parameters:    Size  Location     Type
  6915 ;;  address         1    wreg     unsigned char 
  6916 ;; Auto vars:     Size  Location     Type
  6917 ;;  address         1    1[COMRAM] unsigned char 
  6918 ;;  data            1    2[COMRAM] unsigned char 
  6919 ;; Return value:  Size  Location     Type
  6920 ;;                  1    wreg      unsigned char 
  6921 ;; Registers used:
  6922 ;;		wreg, status,2, cstack
  6923 ;; Tracked objects:
  6924 ;;		On entry : 0/0
  6925 ;;		On exit  : 0/0
  6926 ;;		Unchanged: 0/0
  6927 ;; Data sizes:     COMRAM   BANK0   BANK1   BANK2   BANK3   BANK4   BANK5
  6928 ;;      Params:         0       0       0       0       0       0       0
  6929 ;;      Locals:         2       0       0       0       0       0       0
  6930 ;;      Temps:          0       0       0       0       0       0       0
  6931 ;;      Totals:         2       0       0       0       0       0       0
  6932 ;;Total ram usage:        2 bytes
  6933 ;; Hardware stack levels used: 1
  6934 ;; Hardware stack levels required when called: 3
  6935 ;; This function calls:
  6936 ;;		_i2c_read
  6937 ;;		_i2c_rep_start
  6938 ;;		_i2c_start
  6939 ;;		_i2c_stop
  6940 ;;		_i2c_write
  6941 ;; This function is called by:
  6942 ;;		_init_ds1307
  6943 ;;		_get_time
  6944 ;; This function uses a non-reentrant model
  6945 ;;
  6946                           
  6947                           	psect	text39
  6948   0013A8                     __ptext39:
  6949                           	callstack 0
  6950   0013A8                     _read_ds1307:
  6951                           	callstack 25
  6952                           
  6953                           ; BSR set to: 0
  6954                           ;incstack = 0
  6955                           ;read_ds1307@address stored from wreg
  6956   0013A8  6E36               	movwf	read_ds1307@address^0,c
  6957                           
  6958                           ;RTC.c: 61: unsigned char data;;RTC.c: 63: i2c_start();
  6959   0013AA  EC2A  F009         	call	_i2c_start	;wreg free
  6960                           
  6961                           ;RTC.c: 64: i2c_write(0xD0);
  6962   0013AE  0ED0               	movlw	208
  6963   0013B0  EC50  F009         	call	_i2c_write
  6964                           
  6965                           ;RTC.c: 65: i2c_write(address);
  6966   0013B4  5036               	movf	read_ds1307@address^0,w,c
  6967   0013B6  EC50  F009         	call	_i2c_write
  6968                           
  6969                           ;RTC.c: 66: i2c_rep_start();
  6970   0013BA  EC26  F009         	call	_i2c_rep_start	;wreg free
  6971                           
  6972                           ;RTC.c: 67: i2c_write(0xD1);
  6973   0013BE  0ED1               	movlw	209
  6974   0013C0  EC50  F009         	call	_i2c_write
  6975                           
  6976                           ;RTC.c: 68: data = i2c_read();
  6977   0013C4  EC4A  F009         	call	_i2c_read	;wreg free
  6978   0013C8  6E37               	movwf	read_ds1307@data^0,c
  6979                           
  6980                           ;RTC.c: 69: i2c_stop();
  6981   0013CA  EC2E  F009         	call	_i2c_stop	;wreg free
  6982                           
  6983                           ;RTC.c: 71: return data;
  6984   0013CE  5037               	movf	read_ds1307@data^0,w,c
  6985   0013D0  0012               	return		;funcret
  6986   0013D2                     __end_of_read_ds1307:
  6987                           	callstack 0
  6988                           
  6989 ;; *************** function _i2c_write *****************
  6990 ;; Defined at:
  6991 ;;		line 126 in file "RTC.c"
  6992 ;; Parameters:    Size  Location     Type
  6993 ;;  data            1    wreg     unsigned char 
  6994 ;; Auto vars:     Size  Location     Type
  6995 ;;  data            1    0[COMRAM] unsigned char 
  6996 ;; Return value:  Size  Location     Type
  6997 ;;                  1    wreg      void 
  6998 ;; Registers used:
  6999 ;;		wreg, cstack
  7000 ;; Tracked objects:
  7001 ;;		On entry : 0/0
  7002 ;;		On exit  : 0/0
  7003 ;;		Unchanged: 0/0
  7004 ;; Data sizes:     COMRAM   BANK0   BANK1   BANK2   BANK3   BANK4   BANK5
  7005 ;;      Params:         0       0       0       0       0       0       0
  7006 ;;      Locals:         1       0       0       0       0       0       0
  7007 ;;      Temps:          0       0       0       0       0       0       0
  7008 ;;      Totals:         1       0       0       0       0       0       0
  7009 ;;Total ram usage:        1 bytes
  7010 ;; Hardware stack levels used: 1
  7011 ;; Hardware stack levels required when called: 1
  7012 ;; This function calls:
  7013 ;;		_i2c_idle
  7014 ;; This function is called by:
  7015 ;;		_write_ds1307
  7016 ;;		_read_ds1307
  7017 ;; This function uses a non-reentrant model
  7018 ;;
  7019                           
  7020                           	psect	text40
  7021   0012A0                     __ptext40:
  7022                           	callstack 0
  7023   0012A0                     _i2c_write:
  7024                           	callstack 26
  7025                           
  7026                           ;incstack = 0
  7027                           ;i2c_write@data stored from wreg
  7028   0012A0  6E35               	movwf	i2c_write@data^0,c
  7029                           
  7030                           ;RTC.c: 128: SSPBUF = data;
  7031   0012A2  C035  FFC9         	movff	i2c_write@data,4041	;volatile
  7032                           
  7033                           ;RTC.c: 129: i2c_idle();
  7034   0012A6  EC1E  F009         	call	_i2c_idle	;wreg free
  7035   0012AA  0012               	return		;funcret
  7036   0012AC                     __end_of_i2c_write:
  7037                           	callstack 0
  7038                           
  7039 ;; *************** function _i2c_stop *****************
  7040 ;; Defined at:
  7041 ;;		line 114 in file "RTC.c"
  7042 ;; Parameters:    Size  Location     Type
  7043 ;;		None
  7044 ;; Auto vars:     Size  Location     Type
  7045 ;;		None
  7046 ;; Return value:  Size  Location     Type
  7047 ;;                  1    wreg      void 
  7048 ;; Registers used:
  7049 ;;		cstack
  7050 ;; Tracked objects:
  7051 ;;		On entry : 0/0
  7052 ;;		On exit  : 0/0
  7053 ;;		Unchanged: 0/0
  7054 ;; Data sizes:     COMRAM   BANK0   BANK1   BANK2   BANK3   BANK4   BANK5
  7055 ;;      Params:         0       0       0       0       0       0       0
  7056 ;;      Locals:         0       0       0       0       0       0       0
  7057 ;;      Temps:          0       0       0       0       0       0       0
  7058 ;;      Totals:         0       0       0       0       0       0       0
  7059 ;;Total ram usage:        0 bytes
  7060 ;; Hardware stack levels used: 1
  7061 ;; Hardware stack levels required when called: 1
  7062 ;; This function calls:
  7063 ;;		_i2c_idle
  7064 ;; This function is called by:
  7065 ;;		_write_ds1307
  7066 ;;		_read_ds1307
  7067 ;; This function uses a non-reentrant model
  7068 ;;
  7069                           
  7070                           	psect	text41
  7071   00125C                     __ptext41:
  7072                           	callstack 0
  7073   00125C                     _i2c_stop:
  7074                           	callstack 26
  7075                           
  7076                           ;RTC.c: 116: PEN = 1;
  7077                           
  7078                           ;incstack = 0
  7079   00125C  84C5               	bsf	4037,2,c	;volatile
  7080                           
  7081                           ;RTC.c: 117: i2c_idle();
  7082   00125E  EC1E  F009         	call	_i2c_idle	;wreg free
  7083   001262  0012               	return		;funcret
  7084   001264                     __end_of_i2c_stop:
  7085                           	callstack 0
  7086                           
  7087 ;; *************** function _i2c_start *****************
  7088 ;; Defined at:
  7089 ;;		line 108 in file "RTC.c"
  7090 ;; Parameters:    Size  Location     Type
  7091 ;;		None
  7092 ;; Auto vars:     Size  Location     Type
  7093 ;;		None
  7094 ;; Return value:  Size  Location     Type
  7095 ;;                  1    wreg      void 
  7096 ;; Registers used:
  7097 ;;		cstack
  7098 ;; Tracked objects:
  7099 ;;		On entry : 0/0
  7100 ;;		On exit  : 0/0
  7101 ;;		Unchanged: 0/0
  7102 ;; Data sizes:     COMRAM   BANK0   BANK1   BANK2   BANK3   BANK4   BANK5
  7103 ;;      Params:         0       0       0       0       0       0       0
  7104 ;;      Locals:         0       0       0       0       0       0       0
  7105 ;;      Temps:          0       0       0       0       0       0       0
  7106 ;;      Totals:         0       0       0       0       0       0       0
  7107 ;;Total ram usage:        0 bytes
  7108 ;; Hardware stack levels used: 1
  7109 ;; Hardware stack levels required when called: 1
  7110 ;; This function calls:
  7111 ;;		_i2c_idle
  7112 ;; This function is called by:
  7113 ;;		_write_ds1307
  7114 ;;		_read_ds1307
  7115 ;; This function uses a non-reentrant model
  7116 ;;
  7117                           
  7118                           	psect	text42
  7119   001254                     __ptext42:
  7120                           	callstack 0
  7121   001254                     _i2c_start:
  7122                           	callstack 26
  7123                           
  7124                           ;RTC.c: 110: SEN = 1;
  7125                           
  7126                           ;incstack = 0
  7127   001254  80C5               	bsf	4037,0,c	;volatile
  7128                           
  7129                           ;RTC.c: 111: i2c_idle();
  7130   001256  EC1E  F009         	call	_i2c_idle	;wreg free
  7131   00125A  0012               	return		;funcret
  7132   00125C                     __end_of_i2c_start:
  7133                           	callstack 0
  7134                           
  7135 ;; *************** function _i2c_rep_start *****************
  7136 ;; Defined at:
  7137 ;;		line 120 in file "RTC.c"
  7138 ;; Parameters:    Size  Location     Type
  7139 ;;		None
  7140 ;; Auto vars:     Size  Location     Type
  7141 ;;		None
  7142 ;; Return value:  Size  Location     Type
  7143 ;;                  1    wreg      void 
  7144 ;; Registers used:
  7145 ;;		cstack
  7146 ;; Tracked objects:
  7147 ;;		On entry : 0/0
  7148 ;;		On exit  : 0/0
  7149 ;;		Unchanged: 0/0
  7150 ;; Data sizes:     COMRAM   BANK0   BANK1   BANK2   BANK3   BANK4   BANK5
  7151 ;;      Params:         0       0       0       0       0       0       0
  7152 ;;      Locals:         0       0       0       0       0       0       0
  7153 ;;      Temps:          0       0       0       0       0       0       0
  7154 ;;      Totals:         0       0       0       0       0       0       0
  7155 ;;Total ram usage:        0 bytes
  7156 ;; Hardware stack levels used: 1
  7157 ;; Hardware stack levels required when called: 1
  7158 ;; This function calls:
  7159 ;;		_i2c_idle
  7160 ;; This function is called by:
  7161 ;;		_read_ds1307
  7162 ;; This function uses a non-reentrant model
  7163 ;;
  7164                           
  7165                           	psect	text43
  7166   00124C                     __ptext43:
  7167                           	callstack 0
  7168   00124C                     _i2c_rep_start:
  7169                           	callstack 26
  7170                           
  7171                           ;RTC.c: 122: RSEN = 1;
  7172                           
  7173                           ;incstack = 0
  7174   00124C  82C5               	bsf	4037,1,c	;volatile
  7175                           
  7176                           ;RTC.c: 123: i2c_idle();
  7177   00124E  EC1E  F009         	call	_i2c_idle	;wreg free
  7178   001252  0012               	return		;funcret
  7179   001254                     __end_of_i2c_rep_start:
  7180                           	callstack 0
  7181                           
  7182 ;; *************** function _i2c_read *****************
  7183 ;; Defined at:
  7184 ;;		line 144 in file "RTC.c"
  7185 ;; Parameters:    Size  Location     Type
  7186 ;;		None
  7187 ;; Auto vars:     Size  Location     Type
  7188 ;;		None
  7189 ;; Return value:  Size  Location     Type
  7190 ;;                  1    wreg      unsigned char 
  7191 ;; Registers used:
  7192 ;;		wreg, status,2, cstack
  7193 ;; Tracked objects:
  7194 ;;		On entry : 0/0
  7195 ;;		On exit  : 0/0
  7196 ;;		Unchanged: 0/0
  7197 ;; Data sizes:     COMRAM   BANK0   BANK1   BANK2   BANK3   BANK4   BANK5
  7198 ;;      Params:         0       0       0       0       0       0       0
  7199 ;;      Locals:         0       0       0       0       0       0       0
  7200 ;;      Temps:          0       0       0       0       0       0       0
  7201 ;;      Totals:         0       0       0       0       0       0       0
  7202 ;;Total ram usage:        0 bytes
  7203 ;; Hardware stack levels used: 1
  7204 ;; Hardware stack levels required when called: 2
  7205 ;; This function calls:
  7206 ;;		_i2c_no_ack
  7207 ;;		_i2c_rx_mode
  7208 ;; This function is called by:
  7209 ;;		_read_ds1307
  7210 ;; This function uses a non-reentrant model
  7211 ;;
  7212                           
  7213                           	psect	text44
  7214   001294                     __ptext44:
  7215                           	callstack 0
  7216   001294                     _i2c_read:
  7217                           	callstack 25
  7218                           
  7219                           ;RTC.c: 146: i2c_rx_mode();
  7220                           
  7221                           ;incstack = 0
  7222   001294  EC22  F009         	call	_i2c_rx_mode	;wreg free
  7223                           
  7224                           ;RTC.c: 147: i2c_no_ack();
  7225   001298  EC1B  F009         	call	_i2c_no_ack	;wreg free
  7226                           
  7227                           ;RTC.c: 149: return SSPBUF;
  7228   00129C  50C9               	movf	201,w,c	;volatile
  7229   00129E  0012               	return		;funcret
  7230   0012A0                     __end_of_i2c_read:
  7231                           	callstack 0
  7232                           
  7233 ;; *************** function _i2c_rx_mode *****************
  7234 ;; Defined at:
  7235 ;;		line 132 in file "RTC.c"
  7236 ;; Parameters:    Size  Location     Type
  7237 ;;		None
  7238 ;; Auto vars:     Size  Location     Type
  7239 ;;		None
  7240 ;; Return value:  Size  Location     Type
  7241 ;;                  1    wreg      void 
  7242 ;; Registers used:
  7243 ;;		cstack
  7244 ;; Tracked objects:
  7245 ;;		On entry : 0/0
  7246 ;;		On exit  : 0/0
  7247 ;;		Unchanged: 0/0
  7248 ;; Data sizes:     COMRAM   BANK0   BANK1   BANK2   BANK3   BANK4   BANK5
  7249 ;;      Params:         0       0       0       0       0       0       0
  7250 ;;      Locals:         0       0       0       0       0       0       0
  7251 ;;      Temps:          0       0       0       0       0       0       0
  7252 ;;      Totals:         0       0       0       0       0       0       0
  7253 ;;Total ram usage:        0 bytes
  7254 ;; Hardware stack levels used: 1
  7255 ;; Hardware stack levels required when called: 1
  7256 ;; This function calls:
  7257 ;;		_i2c_idle
  7258 ;; This function is called by:
  7259 ;;		_i2c_read
  7260 ;; This function uses a non-reentrant model
  7261 ;;
  7262                           
  7263                           	psect	text45
  7264   001244                     __ptext45:
  7265                           	callstack 0
  7266   001244                     _i2c_rx_mode:
  7267                           	callstack 25
  7268                           
  7269                           ;RTC.c: 134: RCEN = 1;
  7270                           
  7271                           ;incstack = 0
  7272   001244  86C5               	bsf	4037,3,c	;volatile
  7273                           
  7274                           ;RTC.c: 135: i2c_idle();
  7275   001246  EC1E  F009         	call	_i2c_idle	;wreg free
  7276   00124A  0012               	return		;funcret
  7277   00124C                     __end_of_i2c_rx_mode:
  7278                           	callstack 0
  7279                           
  7280 ;; *************** function _i2c_idle *****************
  7281 ;; Defined at:
  7282 ;;		line 94 in file "RTC.c"
  7283 ;; Parameters:    Size  Location     Type
  7284 ;;		None
  7285 ;; Auto vars:     Size  Location     Type
  7286 ;;		None
  7287 ;; Return value:  Size  Location     Type
  7288 ;;                  1    wreg      void 
  7289 ;; Registers used:
  7290 ;;		None
  7291 ;; Tracked objects:
  7292 ;;		On entry : 0/0
  7293 ;;		On exit  : 0/0
  7294 ;;		Unchanged: 0/0
  7295 ;; Data sizes:     COMRAM   BANK0   BANK1   BANK2   BANK3   BANK4   BANK5
  7296 ;;      Params:         0       0       0       0       0       0       0
  7297 ;;      Locals:         0       0       0       0       0       0       0
  7298 ;;      Temps:          0       0       0       0       0       0       0
  7299 ;;      Totals:         0       0       0       0       0       0       0
  7300 ;;Total ram usage:        0 bytes
  7301 ;; Hardware stack levels used: 1
  7302 ;; This function calls:
  7303 ;;		Nothing
  7304 ;; This function is called by:
  7305 ;;		_i2c_start
  7306 ;;		_i2c_stop
  7307 ;;		_i2c_rep_start
  7308 ;;		_i2c_write
  7309 ;;		_i2c_rx_mode
  7310 ;; This function uses a non-reentrant model
  7311 ;;
  7312                           
  7313                           	psect	text46
  7314   00123C                     __ptext46:
  7315                           	callstack 0
  7316   00123C                     _i2c_idle:
  7317                           	callstack 26
  7318                           
  7319                           ;RTC.c: 96: while (!SSPIF);
  7320                           
  7321                           ;incstack = 0
  7322   00123C  A69E               	btfss	3998,3,c	;volatile
  7323   00123E  D7FE               	goto	__ptext46
  7324                           
  7325                           ;RTC.c: 97: SSPIF = 0;
  7326   001240  969E               	bcf	3998,3,c	;volatile
  7327   001242  0012               	return		;funcret
  7328   001244                     __end_of_i2c_idle:
  7329                           	callstack 0
  7330                           
  7331 ;; *************** function _i2c_no_ack *****************
  7332 ;; Defined at:
  7333 ;;		line 138 in file "RTC.c"
  7334 ;; Parameters:    Size  Location     Type
  7335 ;;		None
  7336 ;; Auto vars:     Size  Location     Type
  7337 ;;		None
  7338 ;; Return value:  Size  Location     Type
  7339 ;;                  1    wreg      void 
  7340 ;; Registers used:
  7341 ;;		None
  7342 ;; Tracked objects:
  7343 ;;		On entry : 0/0
  7344 ;;		On exit  : 0/0
  7345 ;;		Unchanged: 0/0
  7346 ;; Data sizes:     COMRAM   BANK0   BANK1   BANK2   BANK3   BANK4   BANK5
  7347 ;;      Params:         0       0       0       0       0       0       0
  7348 ;;      Locals:         0       0       0       0       0       0       0
  7349 ;;      Temps:          0       0       0       0       0       0       0
  7350 ;;      Totals:         0       0       0       0       0       0       0
  7351 ;;Total ram usage:        0 bytes
  7352 ;; Hardware stack levels used: 1
  7353 ;; This function calls:
  7354 ;;		Nothing
  7355 ;; This function is called by:
  7356 ;;		_i2c_read
  7357 ;; This function uses a non-reentrant model
  7358 ;;
  7359                           
  7360                           	psect	text47
  7361   001236                     __ptext47:
  7362                           	callstack 0
  7363   001236                     _i2c_no_ack:
  7364                           	callstack 26
  7365                           
  7366                           ;RTC.c: 140: ACKDT = 1;
  7367                           
  7368                           ;incstack = 0
  7369   001236  8AC5               	bsf	4037,5,c	;volatile
  7370                           
  7371                           ;RTC.c: 141: ACKEN = 1;
  7372   001238  88C5               	bsf	4037,4,c	;volatile
  7373   00123A  0012               	return		;funcret
  7374   00123C                     __end_of_i2c_no_ack:
  7375                           	callstack 0
  7376                           
  7377 ;; *************** function _clcd_putch *****************
  7378 ;; Defined at:
  7379 ;;		line 56 in file "CLCD.c"
  7380 ;; Parameters:    Size  Location     Type
  7381 ;;  data            1    wreg     const unsigned char 
  7382 ;;  addr            1   14[COMRAM] unsigned char 
  7383 ;; Auto vars:     Size  Location     Type
  7384 ;;  data            1   15[COMRAM] const unsigned char 
  7385 ;; Return value:  Size  Location     Type
  7386 ;;                  1    wreg      void 
  7387 ;; Registers used:
  7388 ;;		wreg, status,2, cstack
  7389 ;; Tracked objects:
  7390 ;;		On entry : 0/0
  7391 ;;		On exit  : 0/0
  7392 ;;		Unchanged: 0/0
  7393 ;; Data sizes:     COMRAM   BANK0   BANK1   BANK2   BANK3   BANK4   BANK5
  7394 ;;      Params:         1       0       0       0       0       0       0
  7395 ;;      Locals:         1       0       0       0       0       0       0
  7396 ;;      Temps:          0       0       0       0       0       0       0
  7397 ;;      Totals:         2       0       0       0       0       0       0
  7398 ;;Total ram usage:        2 bytes
  7399 ;; Hardware stack levels used: 1
  7400 ;; Hardware stack levels required when called: 1
  7401 ;; This function calls:
  7402 ;;		_clcd_write
  7403 ;; This function is called by:
  7404 ;;		_set_time
  7405 ;;		_view_log
  7406 ;;		_dashboard
  7407 ;;		_change_password
  7408 ;;		_password
  7409 ;;		_display_menu
  7410 ;; This function uses a non-reentrant model
  7411 ;;
  7412                           
  7413                           	psect	text48
  7414   0012EC                     __ptext48:
  7415                           	callstack 0
  7416   0012EC                     _clcd_putch:
  7417                           	callstack 27
  7418                           
  7419                           ;incstack = 0
  7420                           ;clcd_putch@data stored from wreg
  7421   0012EC  6E44               	movwf	clcd_putch@data^0,c
  7422                           
  7423                           ;CLCD.c: 58: clcd_write(addr, 0);
  7424   0012EE  0E00               	movlw	0
  7425   0012F0  6E35               	movwf	clcd_write@control_bit^0,c
  7426   0012F2  5043               	movf	clcd_putch@addr^0,w,c
  7427   0012F4  ECC0  F009         	call	_clcd_write
  7428                           
  7429                           ;CLCD.c: 59: clcd_write(data, 1);
  7430   0012F8  0E01               	movlw	1
  7431   0012FA  6E35               	movwf	clcd_write@control_bit^0,c
  7432   0012FC  5044               	movf	clcd_putch@data^0,w,c
  7433   0012FE  ECC0  F009         	call	_clcd_write
  7434   001302  0012               	return		;funcret
  7435   001304                     __end_of_clcd_putch:
  7436                           	callstack 0
  7437                           
  7438 ;; *************** function _clcd_print *****************
  7439 ;; Defined at:
  7440 ;;		line 46 in file "CLCD.c"
  7441 ;; Parameters:    Size  Location     Type
  7442 ;;  data            2    2[COMRAM] PTR const unsigned char 
  7443 ;;		 -> STR_45(17), STR_44(17), STR_43(16), STR_42(14), 
  7444 ;;		 -> STR_41(17), STR_40(14), STR_39(17), STR_38(17), 
  7445 ;;		 -> STR_37(16), STR_36(14), STR_35(17), STR_34(14), 
  7446 ;;		 -> STR_33(11), STR_32(14), STR_31(13), STR_30(8), 
  7447 ;;		 -> STR_29(21), STR_28(17), STR_27(15), STR_26(11), 
  7448 ;;		 -> STR_25(15), STR_24(8), STR_23(13), STR_22(15), 
  7449 ;;		 -> STR_21(17), STR_20(17), STR_19(15), STR_18(17), 
  7450 ;;		 -> EV(27), STR_17(16), STR_16(17), STR_15(15), 
  7451 ;;		 -> logs(170), STR_14(17), STR_13(15), STR_12(16), 
  7452 ;;		 -> STR_9(19), STR_8(17), STR_7(15), time(9), 
  7453 ;;		 -> STR_6(17), STR_5(17), STR_4(16), STR_3(14), 
  7454 ;;		 -> STR_2(17), STR_1(14), 
  7455 ;;  addr            1    4[COMRAM] unsigned char 
  7456 ;; Auto vars:     Size  Location     Type
  7457 ;;		None
  7458 ;; Return value:  Size  Location     Type
  7459 ;;                  1    wreg      void 
  7460 ;; Registers used:
  7461 ;;		wreg, fsr0l, fsr0h, status,2, status,0, tblptrl, tblptrh, tblptru, cstack
  7462 ;; Tracked objects:
  7463 ;;		On entry : 0/0
  7464 ;;		On exit  : 0/0
  7465 ;;		Unchanged: 0/0
  7466 ;; Data sizes:     COMRAM   BANK0   BANK1   BANK2   BANK3   BANK4   BANK5
  7467 ;;      Params:         3       0       0       0       0       0       0
  7468 ;;      Locals:         0       0       0       0       0       0       0
  7469 ;;      Temps:          0       0       0       0       0       0       0
  7470 ;;      Totals:         3       0       0       0       0       0       0
  7471 ;;Total ram usage:        3 bytes
  7472 ;; Hardware stack levels used: 1
  7473 ;; Hardware stack levels required when called: 1
  7474 ;; This function calls:
  7475 ;;		_clcd_write
  7476 ;; This function is called by:
  7477 ;;		_set_time
  7478 ;;		_download_log
  7479 ;;		_view_log
  7480 ;;		_dashboard
  7481 ;;		_change_password
  7482 ;;		_password
  7483 ;;		_display_menu
  7484 ;;		_clear_log
  7485 ;; This function uses a non-reentrant model
  7486 ;;
  7487                           
  7488                           	psect	text49
  7489   001746                     __ptext49:
  7490                           	callstack 0
  7491   001746                     _clcd_print:
  7492                           	callstack 27
  7493                           
  7494                           ;CLCD.c: 48: clcd_write(addr, 0);
  7495                           
  7496                           ;incstack = 0
  7497   001746  0E00               	movlw	0
  7498   001748  6E35               	movwf	clcd_write@control_bit^0,c
  7499   00174A  5039               	movf	clcd_print@addr^0,w,c
  7500   00174C  ECC0  F009         	call	_clcd_write
  7501                           
  7502                           ;CLCD.c: 49: while (*data != '\0')
  7503   001750  D016               	goto	l3138
  7504   001752                     l3134:
  7505                           
  7506                           ;CLCD.c: 50: {;CLCD.c: 51: clcd_write(*data++, 1);
  7507   001752  0E01               	movlw	1
  7508   001754  6E35               	movwf	clcd_write@control_bit^0,c
  7509   001756  C037  FFF6         	movff	clcd_print@data,tblptrl
  7510   00175A  C038  FFF7         	movff	clcd_print@data+1,tblptrh
  7511   00175E  6AF8               	clrf	tblptru,c
  7512   001760  0E05               	movlw	(high __ramtop+-1)
  7513   001762  64F7               	cpfsgt	tblptrh,c
  7514   001764  D003               	bra	u2107
  7515   001766  0008               	tblrd		*
  7516   001768  50F5               	movf	tablat,w,c
  7517   00176A  D005               	bra	u2100
  7518   00176C                     u2107:
  7519   00176C  CFF6 FFE9          	movff	tblptrl,fsr0l
  7520   001770  CFF7 FFEA          	movff	tblptrh,fsr0h
  7521   001774  50EF               	movf	indf0,w,c
  7522   001776                     u2100:
  7523   001776  ECC0  F009         	call	_clcd_write
  7524   00177A  4A37               	infsnz	clcd_print@data^0,f,c
  7525   00177C  2A38               	incf	(clcd_print@data+1)^0,f,c
  7526   00177E                     l3138:
  7527   00177E  C037  FFF6         	movff	clcd_print@data,tblptrl
  7528   001782  C038  FFF7         	movff	clcd_print@data+1,tblptrh
  7529   001786  6AF8               	clrf	tblptru,c
  7530   001788  0E05               	movlw	(high __ramtop+-1)
  7531   00178A  64F7               	cpfsgt	tblptrh,c
  7532   00178C  D003               	bra	u2117
  7533   00178E  0008               	tblrd		*
  7534   001790  50F5               	movf	tablat,w,c
  7535   001792  D005               	bra	u2110
  7536   001794                     u2117:
  7537   001794  CFF6 FFE9          	movff	tblptrl,fsr0l
  7538   001798  CFF7 FFEA          	movff	tblptrh,fsr0h
  7539   00179C  50EF               	movf	indf0,w,c
  7540   00179E                     u2110:
  7541   00179E  0900               	iorlw	0
  7542   0017A0  B4D8               	btfsc	status,2,c
  7543   0017A2  0012               	return	
  7544   0017A4  D7D6               	goto	l3134
  7545   0017A6                     __end_of_clcd_print:
  7546                           	callstack 0
  7547                           
  7548 ;; *************** function _clcd_write *****************
  7549 ;; Defined at:
  7550 ;;		line 10 in file "CLCD.c"
  7551 ;; Parameters:    Size  Location     Type
  7552 ;;  byte            1    wreg     unsigned char 
  7553 ;;  control_bit     1    0[COMRAM] unsigned char 
  7554 ;; Auto vars:     Size  Location     Type
  7555 ;;  byte            1    1[COMRAM] unsigned char 
  7556 ;; Return value:  Size  Location     Type
  7557 ;;                  1    wreg      void 
  7558 ;; Registers used:
  7559 ;;		wreg
  7560 ;; Tracked objects:
  7561 ;;		On entry : 0/0
  7562 ;;		On exit  : 0/0
  7563 ;;		Unchanged: 0/0
  7564 ;; Data sizes:     COMRAM   BANK0   BANK1   BANK2   BANK3   BANK4   BANK5
  7565 ;;      Params:         1       0       0       0       0       0       0
  7566 ;;      Locals:         1       0       0       0       0       0       0
  7567 ;;      Temps:          0       0       0       0       0       0       0
  7568 ;;      Totals:         2       0       0       0       0       0       0
  7569 ;;Total ram usage:        2 bytes
  7570 ;; Hardware stack levels used: 1
  7571 ;; This function calls:
  7572 ;;		Nothing
  7573 ;; This function is called by:
  7574 ;;		_set_time
  7575 ;;		_download_log
  7576 ;;		_view_log
  7577 ;;		_dashboard
  7578 ;;		_change_password
  7579 ;;		_password
  7580 ;;		_display_menu
  7581 ;;		_clear_log
  7582 ;;		_init_clcd
  7583 ;;		_clcd_print
  7584 ;;		_clcd_putch
  7585 ;; This function uses a non-reentrant model
  7586 ;;
  7587                           
  7588                           	psect	text50
  7589   001380                     __ptext50:
  7590                           	callstack 0
  7591   001380                     _clcd_write:
  7592                           	callstack 28
  7593                           
  7594                           ;incstack = 0
  7595                           ;clcd_write@byte stored from wreg
  7596   001380  6E36               	movwf	clcd_write@byte^0,c
  7597                           
  7598                           ;CLCD.c: 12: RC1 = control_bit;
  7599   001382  A035               	btfss	clcd_write@control_bit^0,0,c
  7600   001384  D002               	goto	u1870
  7601   001386  8282               	bsf	3970,1,c	;volatile
  7602   001388  D001               	goto	u1885
  7603   00138A                     u1870:
  7604   00138A  9282               	bcf	3970,1,c	;volatile
  7605   00138C                     u1885:
  7606                           
  7607                           ;CLCD.c: 13: PORTD = byte;
  7608   00138C  C036  FF83         	movff	clcd_write@byte,3971	;volatile
  7609                           
  7610                           ;CLCD.c: 15: RC2 = 1;
  7611   001390  8482               	bsf	3970,2,c	;volatile
  7612                           
  7613                           ;CLCD.c: 16: RC2 = 0;
  7614   001392  9482               	bcf	3970,2,c	;volatile
  7615                           
  7616                           ;CLCD.c: 18: TRISD7 = 1;
  7617   001394  8E95               	bsf	3989,7,c	;volatile
  7618                           
  7619                           ;CLCD.c: 19: RC0 = 1;
  7620   001396  8082               	bsf	3970,0,c	;volatile
  7621                           
  7622                           ;CLCD.c: 20: RC1 = 0;
  7623   001398  9282               	bcf	3970,1,c	;volatile
  7624   00139A                     l2972:
  7625                           
  7626                           ;CLCD.c: 23: {;CLCD.c: 24: RC2 = 1;
  7627   00139A  8482               	bsf	3970,2,c	;volatile
  7628                           
  7629                           ;CLCD.c: 25: RC2 = 0;
  7630   00139C  9482               	bcf	3970,2,c	;volatile
  7631                           
  7632                           ;CLCD.c: 26: } while (RD7);
  7633   00139E  BE83               	btfsc	3971,7,c	;volatile
  7634   0013A0  D7FC               	goto	l2972
  7635                           
  7636                           ;CLCD.c: 28: RC0 = 0;
  7637   0013A2  9082               	bcf	3970,0,c	;volatile
  7638                           
  7639                           ;CLCD.c: 29: TRISD7 = 0;
  7640   0013A4  9E95               	bcf	3989,7,c	;volatile
  7641   0013A6  0012               	return		;funcret
  7642   0013A8                     __end_of_clcd_write:
  7643                           	callstack 0
  7644                           
  7645 ;; *************** function ___lwtoft *****************
  7646 ;; Defined at:
  7647 ;;		line 28 in file "C:\Program Files\Microchip\xc8\v2.41\pic\sources\c90\common\lwtoft.c"
  7648 ;; Parameters:    Size  Location     Type
  7649 ;;  c               2    8[COMRAM] unsigned int 
  7650 ;; Auto vars:     Size  Location     Type
  7651 ;;		None
  7652 ;; Return value:  Size  Location     Type
  7653 ;;                  3    8[COMRAM] float 
  7654 ;; Registers used:
  7655 ;;		wreg, status,2, status,0, cstack
  7656 ;; Tracked objects:
  7657 ;;		On entry : 0/0
  7658 ;;		On exit  : 0/0
  7659 ;;		Unchanged: 0/0
  7660 ;; Data sizes:     COMRAM   BANK0   BANK1   BANK2   BANK3   BANK4   BANK5
  7661 ;;      Params:         3       0       0       0       0       0       0
  7662 ;;      Locals:         0       0       0       0       0       0       0
  7663 ;;      Temps:          0       0       0       0       0       0       0
  7664 ;;      Totals:         3       0       0       0       0       0       0
  7665 ;;Total ram usage:        3 bytes
  7666 ;; Hardware stack levels used: 1
  7667 ;; Hardware stack levels required when called: 1
  7668 ;; This function calls:
  7669 ;;		___ftpack
  7670 ;; This function is called by:
  7671 ;;		_dashboard
  7672 ;; This function uses a non-reentrant model
  7673 ;;
  7674                           
  7675                           	psect	text51
  7676   00135C                     __ptext51:
  7677                           	callstack 0
  7678   00135C                     ___lwtoft:
  7679                           	callstack 28
  7680                           
  7681                           ;incstack = 0
  7682   00135C  C03D  F035         	movff	___lwtoft@c,___ftpack@arg
  7683   001360  C03E  F036         	movff	___lwtoft@c+1,___ftpack@arg+1
  7684   001364  6A37               	clrf	(___ftpack@arg+2)^0,c
  7685   001366  0E8E               	movlw	142
  7686   001368  6E38               	movwf	___ftpack@exp^0,c
  7687   00136A  0E00               	movlw	0
  7688   00136C  6E39               	movwf	___ftpack@sign^0,c
  7689   00136E  EC20  F00D         	call	___ftpack	;wreg free
  7690   001372  C035  F03D         	movff	?___ftpack,?___lwtoft
  7691   001376  C036  F03E         	movff	?___ftpack+1,?___lwtoft+1
  7692   00137A  C037  F03F         	movff	?___ftpack+2,?___lwtoft+2
  7693   00137E  0012               	return		;funcret
  7694   001380                     __end_of___lwtoft:
  7695                           	callstack 0
  7696                           
  7697 ;; *************** function ___fttol *****************
  7698 ;; Defined at:
  7699 ;;		line 44 in file "C:\Program Files\Microchip\xc8\v2.41\pic\sources\c90\common\fttol.c"
  7700 ;; Parameters:    Size  Location     Type
  7701 ;;  f1              3   26[COMRAM] float 
  7702 ;; Auto vars:     Size  Location     Type
  7703 ;;  lval            4   36[COMRAM] unsigned long 
  7704 ;;  exp1            1   40[COMRAM] unsigned char 
  7705 ;;  sign1           1   35[COMRAM] unsigned char 
  7706 ;; Return value:  Size  Location     Type
  7707 ;;                  4   26[COMRAM] long 
  7708 ;; Registers used:
  7709 ;;		wreg, status,2, status,0
  7710 ;; Tracked objects:
  7711 ;;		On entry : 0/0
  7712 ;;		On exit  : 0/0
  7713 ;;		Unchanged: 0/0
  7714 ;; Data sizes:     COMRAM   BANK0   BANK1   BANK2   BANK3   BANK4   BANK5
  7715 ;;      Params:         4       0       0       0       0       0       0
  7716 ;;      Locals:         6       0       0       0       0       0       0
  7717 ;;      Temps:          5       0       0       0       0       0       0
  7718 ;;      Totals:        15       0       0       0       0       0       0
  7719 ;;Total ram usage:       15 bytes
  7720 ;; Hardware stack levels used: 1
  7721 ;; This function calls:
  7722 ;;		Nothing
  7723 ;; This function is called by:
  7724 ;;		_dashboard
  7725 ;; This function uses a non-reentrant model
  7726 ;;
  7727                           
  7728                           	psect	text52
  7729   001BB0                     __ptext52:
  7730                           	callstack 0
  7731   001BB0                     ___fttol:
  7732                           	callstack 29
  7733                           
  7734                           ;incstack = 0
  7735   001BB0  C051  F053         	movff	___fttol@f1+2,??___fttol
  7736   001BB4  6A54               	clrf	(??___fttol+1)^0,c
  7737   001BB6  6A55               	clrf	(??___fttol+2)^0,c
  7738   001BB8  3450               	rlcf	(___fttol@f1+1)^0,w,c
  7739   001BBA  3653               	rlcf	??___fttol^0,f,c
  7740   001BBC  E301               	bnc	u3201
  7741   001BBE  8054               	bsf	(??___fttol+1)^0,0,c
  7742   001BC0                     u3201:
  7743   001BC0  5053               	movf	??___fttol^0,w,c
  7744   001BC2  6E5D               	movwf	___fttol@exp1^0,c
  7745   001BC4  505D               	movf	___fttol@exp1^0,w,c
  7746   001BC6  A4D8               	btfss	status,2,c
  7747   001BC8  D009               	goto	l3880
  7748   001BCA                     u3210:
  7749   001BCA  0E00               	movlw	0
  7750   001BCC  6E4F               	movwf	?___fttol^0,c
  7751   001BCE  0E00               	movlw	0
  7752   001BD0  6E50               	movwf	(?___fttol+1)^0,c
  7753   001BD2  0E00               	movlw	0
  7754   001BD4  6E51               	movwf	(?___fttol+2)^0,c
  7755   001BD6  0E00               	movlw	0
  7756   001BD8  6E52               	movwf	(?___fttol+3)^0,c
  7757   001BDA  0012               	return	
  7758   001BDC                     l3880:
  7759   001BDC  0E17               	movlw	23
  7760   001BDE  6E53               	movwf	??___fttol^0,c
  7761   001BE0  C04F  F054         	movff	___fttol@f1,??___fttol+1
  7762   001BE4  C050  F055         	movff	___fttol@f1+1,??___fttol+2
  7763   001BE8  C051  F056         	movff	___fttol@f1+2,??___fttol+3
  7764   001BEC  2853               	incf	??___fttol^0,w,c
  7765   001BEE  6E57               	movwf	(??___fttol+4)^0,c
  7766   001BF0  D004               	goto	u3220
  7767   001BF2                     u3225:
  7768   001BF2  90D8               	bcf	status,0,c
  7769   001BF4  3256               	rrcf	(??___fttol+3)^0,f,c
  7770   001BF6  3255               	rrcf	(??___fttol+2)^0,f,c
  7771   001BF8  3254               	rrcf	(??___fttol+1)^0,f,c
  7772   001BFA                     u3220:
  7773   001BFA  2E57               	decfsz	(??___fttol+4)^0,f,c
  7774   001BFC  D7FA               	goto	u3225
  7775   001BFE  5054               	movf	(??___fttol+1)^0,w,c
  7776   001C00  6E58               	movwf	___fttol@sign1^0,c
  7777   001C02  8E50               	bsf	(___fttol@f1+1)^0,7,c
  7778   001C04  0EFF               	movlw	255
  7779   001C06  164F               	andwf	___fttol@f1^0,f,c
  7780   001C08  0EFF               	movlw	255
  7781   001C0A  1650               	andwf	(___fttol@f1+1)^0,f,c
  7782   001C0C  0E00               	movlw	0
  7783   001C0E  1651               	andwf	(___fttol@f1+2)^0,f,c
  7784   001C10  504F               	movf	___fttol@f1^0,w,c
  7785   001C12  6E59               	movwf	___fttol@lval^0,c
  7786   001C14  5050               	movf	(___fttol@f1+1)^0,w,c
  7787   001C16  6E5A               	movwf	(___fttol@lval+1)^0,c
  7788   001C18  5051               	movf	(___fttol@f1+2)^0,w,c
  7789   001C1A  6E5B               	movwf	(___fttol@lval+2)^0,c
  7790   001C1C  6A5C               	clrf	(___fttol@lval+3)^0,c
  7791   001C1E  0E8E               	movlw	142
  7792   001C20  5E5D               	subwf	___fttol@exp1^0,f,c
  7793   001C22  AE5D               	btfss	___fttol@exp1^0,7,c
  7794   001C24  D00D               	goto	l3902
  7795   001C26  505D               	movf	___fttol@exp1^0,w,c
  7796   001C28  0A80               	xorlw	128
  7797   001C2A  0F8F               	addlw	143
  7798   001C2C  A0D8               	btfss	status,0,c
  7799   001C2E  D7CD               	goto	u3210
  7800   001C30                     l3898:
  7801   001C30  90D8               	bcf	status,0,c
  7802   001C32  325C               	rrcf	(___fttol@lval+3)^0,f,c
  7803   001C34  325B               	rrcf	(___fttol@lval+2)^0,f,c
  7804   001C36  325A               	rrcf	(___fttol@lval+1)^0,f,c
  7805   001C38  3259               	rrcf	___fttol@lval^0,f,c
  7806   001C3A  3E5D               	incfsz	___fttol@exp1^0,f,c
  7807   001C3C  D7F9               	goto	l3898
  7808   001C3E  D00D               	goto	u3260
  7809   001C40                     l3902:
  7810   001C40  0E17               	movlw	23
  7811   001C42  645D               	cpfsgt	___fttol@exp1^0,c
  7812   001C44  D007               	goto	l3910
  7813   001C46  D7C1               	goto	u3210
  7814   001C48                     l3908:
  7815   001C48  90D8               	bcf	status,0,c
  7816   001C4A  3659               	rlcf	___fttol@lval^0,f,c
  7817   001C4C  365A               	rlcf	(___fttol@lval+1)^0,f,c
  7818   001C4E  365B               	rlcf	(___fttol@lval+2)^0,f,c
  7819   001C50  365C               	rlcf	(___fttol@lval+3)^0,f,c
  7820   001C52  065D               	decf	___fttol@exp1^0,f,c
  7821   001C54                     l3910:
  7822   001C54  505D               	movf	___fttol@exp1^0,w,c
  7823   001C56  A4D8               	btfss	status,2,c
  7824   001C58  D7F7               	goto	l3908
  7825   001C5A                     u3260:
  7826   001C5A  5058               	movf	___fttol@sign1^0,w,c
  7827   001C5C  B4D8               	btfsc	status,2,c
  7828   001C5E  D008               	goto	l3916
  7829   001C60  1E5C               	comf	(___fttol@lval+3)^0,f,c
  7830   001C62  1E5B               	comf	(___fttol@lval+2)^0,f,c
  7831   001C64  1E5A               	comf	(___fttol@lval+1)^0,f,c
  7832   001C66  6C59               	negf	___fttol@lval^0,c
  7833   001C68  0E00               	movlw	0
  7834   001C6A  225A               	addwfc	(___fttol@lval+1)^0,f,c
  7835   001C6C  225B               	addwfc	(___fttol@lval+2)^0,f,c
  7836   001C6E  225C               	addwfc	(___fttol@lval+3)^0,f,c
  7837   001C70                     l3916:
  7838   001C70  C059  F04F         	movff	___fttol@lval,?___fttol
  7839   001C74  C05A  F050         	movff	___fttol@lval+1,?___fttol+1
  7840   001C78  C05B  F051         	movff	___fttol@lval+2,?___fttol+2
  7841   001C7C  C05C  F052         	movff	___fttol@lval+3,?___fttol+3
  7842   001C80  0012               	return		;funcret
  7843   001C82                     __end_of___fttol:
  7844                           	callstack 0
  7845                           
  7846 ;; *************** function ___ftdiv *****************
  7847 ;; Defined at:
  7848 ;;		line 54 in file "C:\Program Files\Microchip\xc8\v2.41\pic\sources\c90\common\ftdiv.c"
  7849 ;; Parameters:    Size  Location     Type
  7850 ;;  f1              3   11[COMRAM] float 
  7851 ;;  f2              3   14[COMRAM] float 
  7852 ;; Auto vars:     Size  Location     Type
  7853 ;;  f3              3   21[COMRAM] float 
  7854 ;;  sign            1   25[COMRAM] unsigned char 
  7855 ;;  exp             1   24[COMRAM] unsigned char 
  7856 ;;  cntr            1   20[COMRAM] unsigned char 
  7857 ;; Return value:  Size  Location     Type
  7858 ;;                  3   11[COMRAM] float 
  7859 ;; Registers used:
  7860 ;;		wreg, status,2, status,0, cstack
  7861 ;; Tracked objects:
  7862 ;;		On entry : 0/0
  7863 ;;		On exit  : 0/0
  7864 ;;		Unchanged: 0/0
  7865 ;; Data sizes:     COMRAM   BANK0   BANK1   BANK2   BANK3   BANK4   BANK5
  7866 ;;      Params:         6       0       0       0       0       0       0
  7867 ;;      Locals:         6       0       0       0       0       0       0
  7868 ;;      Temps:          3       0       0       0       0       0       0
  7869 ;;      Totals:        15       0       0       0       0       0       0
  7870 ;;Total ram usage:       15 bytes
  7871 ;; Hardware stack levels used: 1
  7872 ;; Hardware stack levels required when called: 1
  7873 ;; This function calls:
  7874 ;;		___ftpack
  7875 ;; This function is called by:
  7876 ;;		_dashboard
  7877 ;; This function uses a non-reentrant model
  7878 ;;
  7879                           
  7880                           	psect	text53
  7881   001C82                     __ptext53:
  7882                           	callstack 0
  7883   001C82                     ___ftdiv:
  7884                           	callstack 28
  7885                           
  7886                           ;incstack = 0
  7887   001C82  C042  F046         	movff	___ftdiv@f1+2,??___ftdiv
  7888   001C86  6A47               	clrf	(??___ftdiv+1)^0,c
  7889   001C88  6A48               	clrf	(??___ftdiv+2)^0,c
  7890   001C8A  3441               	rlcf	(___ftdiv@f1+1)^0,w,c
  7891   001C8C  3646               	rlcf	??___ftdiv^0,f,c
  7892   001C8E  E301               	bnc	u3031
  7893   001C90  8047               	bsf	(??___ftdiv+1)^0,0,c
  7894   001C92                     u3031:
  7895   001C92  5046               	movf	??___ftdiv^0,w,c
  7896   001C94  6E4D               	movwf	___ftdiv@exp^0,c
  7897   001C96  504D               	movf	___ftdiv@exp^0,w,c
  7898   001C98  A4D8               	btfss	status,2,c
  7899   001C9A  D007               	goto	l3754
  7900   001C9C  0E00               	movlw	0
  7901   001C9E  6E40               	movwf	?___ftdiv^0,c
  7902   001CA0  0E00               	movlw	0
  7903   001CA2  6E41               	movwf	(?___ftdiv+1)^0,c
  7904   001CA4  0E00               	movlw	0
  7905   001CA6  6E42               	movwf	(?___ftdiv+2)^0,c
  7906   001CA8  0012               	return	
  7907   001CAA                     l3754:
  7908   001CAA  C045  F046         	movff	___ftdiv@f2+2,??___ftdiv
  7909   001CAE  6A47               	clrf	(??___ftdiv+1)^0,c
  7910   001CB0  6A48               	clrf	(??___ftdiv+2)^0,c
  7911   001CB2  3444               	rlcf	(___ftdiv@f2+1)^0,w,c
  7912   001CB4  3646               	rlcf	??___ftdiv^0,f,c
  7913   001CB6  E301               	bnc	u3051
  7914   001CB8  8047               	bsf	(??___ftdiv+1)^0,0,c
  7915   001CBA                     u3051:
  7916   001CBA  5046               	movf	??___ftdiv^0,w,c
  7917   001CBC  6E4E               	movwf	___ftdiv@sign^0,c
  7918   001CBE  504E               	movf	___ftdiv@sign^0,w,c
  7919   001CC0  A4D8               	btfss	status,2,c
  7920   001CC2  D007               	goto	l3760
  7921   001CC4  0E00               	movlw	0
  7922   001CC6  6E40               	movwf	?___ftdiv^0,c
  7923   001CC8  0E00               	movlw	0
  7924   001CCA  6E41               	movwf	(?___ftdiv+1)^0,c
  7925   001CCC  0E00               	movlw	0
  7926   001CCE  6E42               	movwf	(?___ftdiv+2)^0,c
  7927   001CD0  0012               	return	
  7928   001CD2                     l3760:
  7929   001CD2  0E00               	movlw	0
  7930   001CD4  6E4A               	movwf	___ftdiv@f3^0,c
  7931   001CD6  0E00               	movlw	0
  7932   001CD8  6E4B               	movwf	(___ftdiv@f3+1)^0,c
  7933   001CDA  0E00               	movlw	0
  7934   001CDC  6E4C               	movwf	(___ftdiv@f3+2)^0,c
  7935   001CDE  504E               	movf	___ftdiv@sign^0,w,c
  7936   001CE0  0F89               	addlw	137
  7937   001CE2  5E4D               	subwf	___ftdiv@exp^0,f,c
  7938   001CE4  C042  F04E         	movff	___ftdiv@f1+2,___ftdiv@sign
  7939   001CE8  5045               	movf	(___ftdiv@f2+2)^0,w,c
  7940   001CEA  1A4E               	xorwf	___ftdiv@sign^0,f,c
  7941   001CEC  0E80               	movlw	128
  7942   001CEE  164E               	andwf	___ftdiv@sign^0,f,c
  7943   001CF0  8E41               	bsf	(___ftdiv@f1+1)^0,7,c
  7944   001CF2  0EFF               	movlw	255
  7945   001CF4  1640               	andwf	___ftdiv@f1^0,f,c
  7946   001CF6  0EFF               	movlw	255
  7947   001CF8  1641               	andwf	(___ftdiv@f1+1)^0,f,c
  7948   001CFA  0E00               	movlw	0
  7949   001CFC  1642               	andwf	(___ftdiv@f1+2)^0,f,c
  7950   001CFE  8E44               	bsf	(___ftdiv@f2+1)^0,7,c
  7951   001D00  0EFF               	movlw	255
  7952   001D02  1643               	andwf	___ftdiv@f2^0,f,c
  7953   001D04  0EFF               	movlw	255
  7954   001D06  1644               	andwf	(___ftdiv@f2+1)^0,f,c
  7955   001D08  0E00               	movlw	0
  7956   001D0A  1645               	andwf	(___ftdiv@f2+2)^0,f,c
  7957   001D0C  0E18               	movlw	24
  7958   001D0E  6E49               	movwf	___ftdiv@cntr^0,c
  7959   001D10                     l3780:
  7960   001D10  90D8               	bcf	status,0,c
  7961   001D12  364A               	rlcf	___ftdiv@f3^0,f,c
  7962   001D14  364B               	rlcf	(___ftdiv@f3+1)^0,f,c
  7963   001D16  364C               	rlcf	(___ftdiv@f3+2)^0,f,c
  7964   001D18  5043               	movf	___ftdiv@f2^0,w,c
  7965   001D1A  5C40               	subwf	___ftdiv@f1^0,w,c
  7966   001D1C  5044               	movf	(___ftdiv@f2+1)^0,w,c
  7967   001D1E  5841               	subwfb	(___ftdiv@f1+1)^0,w,c
  7968   001D20  5045               	movf	(___ftdiv@f2+2)^0,w,c
  7969   001D22  5842               	subwfb	(___ftdiv@f1+2)^0,w,c
  7970   001D24  A0D8               	btfss	status,0,c
  7971   001D26  D007               	goto	l1190
  7972   001D28  5043               	movf	___ftdiv@f2^0,w,c
  7973   001D2A  5E40               	subwf	___ftdiv@f1^0,f,c
  7974   001D2C  5044               	movf	(___ftdiv@f2+1)^0,w,c
  7975   001D2E  5A41               	subwfb	(___ftdiv@f1+1)^0,f,c
  7976   001D30  5045               	movf	(___ftdiv@f2+2)^0,w,c
  7977   001D32  5A42               	subwfb	(___ftdiv@f1+2)^0,f,c
  7978   001D34  804A               	bsf	___ftdiv@f3^0,0,c
  7979   001D36                     l1190:
  7980   001D36  90D8               	bcf	status,0,c
  7981   001D38  3640               	rlcf	___ftdiv@f1^0,f,c
  7982   001D3A  3641               	rlcf	(___ftdiv@f1+1)^0,f,c
  7983   001D3C  3642               	rlcf	(___ftdiv@f1+2)^0,f,c
  7984   001D3E  2E49               	decfsz	___ftdiv@cntr^0,f,c
  7985   001D40  D7E7               	goto	l3780
  7986   001D42  C04A  F035         	movff	___ftdiv@f3,___ftpack@arg
  7987   001D46  C04B  F036         	movff	___ftdiv@f3+1,___ftpack@arg+1
  7988   001D4A  C04C  F037         	movff	___ftdiv@f3+2,___ftpack@arg+2
  7989   001D4E  C04D  F038         	movff	___ftdiv@exp,___ftpack@exp
  7990   001D52  C04E  F039         	movff	___ftdiv@sign,___ftpack@sign
  7991   001D56  EC20  F00D         	call	___ftpack	;wreg free
  7992   001D5A  C035  F040         	movff	?___ftpack,?___ftdiv
  7993   001D5E  C036  F041         	movff	?___ftpack+1,?___ftdiv+1
  7994   001D62  C037  F042         	movff	?___ftpack+2,?___ftdiv+2
  7995   001D66  0012               	return		;funcret
  7996   001D68                     __end_of___ftdiv:
  7997                           	callstack 0
  7998                           
  7999 ;; *************** function ___ftpack *****************
  8000 ;; Defined at:
  8001 ;;		line 62 in file "C:\Program Files\Microchip\xc8\v2.41\pic\sources\c90\common\float.c"
  8002 ;; Parameters:    Size  Location     Type
  8003 ;;  arg             3    0[COMRAM] unsigned um
  8004 ;;  exp             1    3[COMRAM] unsigned char 
  8005 ;;  sign            1    4[COMRAM] unsigned char 
  8006 ;; Auto vars:     Size  Location     Type
  8007 ;;		None
  8008 ;; Return value:  Size  Location     Type
  8009 ;;                  3    0[COMRAM] float 
  8010 ;; Registers used:
  8011 ;;		wreg, status,2, status,0
  8012 ;; Tracked objects:
  8013 ;;		On entry : 0/0
  8014 ;;		On exit  : 0/0
  8015 ;;		Unchanged: 0/0
  8016 ;; Data sizes:     COMRAM   BANK0   BANK1   BANK2   BANK3   BANK4   BANK5
  8017 ;;      Params:         5       0       0       0       0       0       0
  8018 ;;      Locals:         0       0       0       0       0       0       0
  8019 ;;      Temps:          3       0       0       0       0       0       0
  8020 ;;      Totals:         8       0       0       0       0       0       0
  8021 ;;Total ram usage:        8 bytes
  8022 ;; Hardware stack levels used: 1
  8023 ;; This function calls:
  8024 ;;		Nothing
  8025 ;; This function is called by:
  8026 ;;		___ftdiv
  8027 ;;		___lwtoft
  8028 ;; This function uses a non-reentrant model
  8029 ;;
  8030                           
  8031                           	psect	text54
  8032   001A40                     __ptext54:
  8033                           	callstack 0
  8034   001A40                     ___ftpack:
  8035                           	callstack 28
  8036                           
  8037                           ;incstack = 0
  8038   001A40  5038               	movf	___ftpack@exp^0,w,c
  8039   001A42  B4D8               	btfsc	status,2,c
  8040   001A44  D005               	goto	u2170
  8041   001A46  5035               	movf	___ftpack@arg^0,w,c
  8042   001A48  1036               	iorwf	(___ftpack@arg+1)^0,w,c
  8043   001A4A  1037               	iorwf	(___ftpack@arg+2)^0,w,c
  8044   001A4C  A4D8               	btfss	status,2,c
  8045   001A4E  D00C               	goto	l3192
  8046   001A50                     u2170:
  8047   001A50  0E00               	movlw	0
  8048   001A52  6E35               	movwf	?___ftpack^0,c
  8049   001A54  0E00               	movlw	0
  8050   001A56  6E36               	movwf	(?___ftpack+1)^0,c
  8051   001A58  0E00               	movlw	0
  8052   001A5A  6E37               	movwf	(?___ftpack+2)^0,c
  8053   001A5C  0012               	return	
  8054   001A5E                     l3190:
  8055   001A5E  2A38               	incf	___ftpack@exp^0,f,c
  8056   001A60  90D8               	bcf	status,0,c
  8057   001A62  3237               	rrcf	(___ftpack@arg+2)^0,f,c
  8058   001A64  3236               	rrcf	(___ftpack@arg+1)^0,f,c
  8059   001A66  3235               	rrcf	___ftpack@arg^0,f,c
  8060   001A68                     l3192:
  8061   001A68  0E00               	movlw	0
  8062   001A6A  1435               	andwf	___ftpack@arg^0,w,c
  8063   001A6C  6E3A               	movwf	??___ftpack^0,c
  8064   001A6E  0E00               	movlw	0
  8065   001A70  1436               	andwf	(___ftpack@arg+1)^0,w,c
  8066   001A72  6E3B               	movwf	(??___ftpack+1)^0,c
  8067   001A74  0EFE               	movlw	254
  8068   001A76  1437               	andwf	(___ftpack@arg+2)^0,w,c
  8069   001A78  6E3C               	movwf	(??___ftpack+2)^0,c
  8070   001A7A  503A               	movf	??___ftpack^0,w,c
  8071   001A7C  103B               	iorwf	(??___ftpack+1)^0,w,c
  8072   001A7E  103C               	iorwf	(??___ftpack+2)^0,w,c
  8073   001A80  B4D8               	btfsc	status,2,c
  8074   001A82  D00C               	goto	l3198
  8075   001A84  D7EC               	goto	l3190
  8076   001A86                     l3194:
  8077   001A86  2A38               	incf	___ftpack@exp^0,f,c
  8078   001A88  0E01               	movlw	1
  8079   001A8A  2635               	addwf	___ftpack@arg^0,f,c
  8080   001A8C  0E00               	movlw	0
  8081   001A8E  2236               	addwfc	(___ftpack@arg+1)^0,f,c
  8082   001A90  0E00               	movlw	0
  8083   001A92  2237               	addwfc	(___ftpack@arg+2)^0,f,c
  8084   001A94  90D8               	bcf	status,0,c
  8085   001A96  3237               	rrcf	(___ftpack@arg+2)^0,f,c
  8086   001A98  3236               	rrcf	(___ftpack@arg+1)^0,f,c
  8087   001A9A  3235               	rrcf	___ftpack@arg^0,f,c
  8088   001A9C                     l3198:
  8089   001A9C  0E00               	movlw	0
  8090   001A9E  1435               	andwf	___ftpack@arg^0,w,c
  8091   001AA0  6E3A               	movwf	??___ftpack^0,c
  8092   001AA2  0E00               	movlw	0
  8093   001AA4  1436               	andwf	(___ftpack@arg+1)^0,w,c
  8094   001AA6  6E3B               	movwf	(??___ftpack+1)^0,c
  8095   001AA8  0EFF               	movlw	255
  8096   001AAA  1437               	andwf	(___ftpack@arg+2)^0,w,c
  8097   001AAC  6E3C               	movwf	(??___ftpack+2)^0,c
  8098   001AAE  503A               	movf	??___ftpack^0,w,c
  8099   001AB0  103B               	iorwf	(??___ftpack+1)^0,w,c
  8100   001AB2  103C               	iorwf	(??___ftpack+2)^0,w,c
  8101   001AB4  B4D8               	btfsc	status,2,c
  8102   001AB6  D006               	goto	l3202
  8103   001AB8  D7E6               	goto	l3194
  8104   001ABA                     l3200:
  8105   001ABA  0638               	decf	___ftpack@exp^0,f,c
  8106   001ABC  90D8               	bcf	status,0,c
  8107   001ABE  3635               	rlcf	___ftpack@arg^0,f,c
  8108   001AC0  3636               	rlcf	(___ftpack@arg+1)^0,f,c
  8109   001AC2  3637               	rlcf	(___ftpack@arg+2)^0,f,c
  8110   001AC4                     l3202:
  8111   001AC4  BE36               	btfsc	(___ftpack@arg+1)^0,7,c
  8112   001AC6  D003               	goto	u2210
  8113   001AC8  0E02               	movlw	2
  8114   001ACA  6038               	cpfslt	___ftpack@exp^0,c
  8115   001ACC  D7F6               	goto	l3200
  8116   001ACE                     u2210:
  8117   001ACE  A038               	btfss	___ftpack@exp^0,0,c
  8118   001AD0  9E36               	bcf	(___ftpack@arg+1)^0,7,c
  8119   001AD2  90D8               	bcf	status,0,c
  8120   001AD4  3238               	rrcf	___ftpack@exp^0,f,c
  8121   001AD6  5038               	movf	___ftpack@exp^0,w,c
  8122   001AD8  1237               	iorwf	(___ftpack@arg+2)^0,f,c
  8123   001ADA  5039               	movf	___ftpack@sign^0,w,c
  8124   001ADC  A4D8               	btfss	status,2,c
  8125   001ADE  8E37               	bsf	(___ftpack@arg+2)^0,7,c
  8126   001AE0  C035  F035         	movff	___ftpack@arg,?___ftpack
  8127   001AE4  C036  F036         	movff	___ftpack@arg+1,?___ftpack+1
  8128   001AE8  C037  F037         	movff	___ftpack@arg+2,?___ftpack+2
  8129   001AEC  0012               	return		;funcret
  8130   001AEE                     __end_of___ftpack:
  8131                           	callstack 0
  8132                           
  8133                           	psect	rparam
  8134   000000                     tosu	equ	0xFFF
  8135                           tosh	equ	0xFFE
  8136                           tosl	equ	0xFFD
  8137                           stkptr	equ	0xFFC
  8138                           pclatu	equ	0xFFB
  8139                           pclath	equ	0xFFA
  8140                           pcl	equ	0xFF9
  8141                           tblptru	equ	0xFF8
  8142                           tblptrh	equ	0xFF7
  8143                           tblptrl	equ	0xFF6
  8144                           tablat	equ	0xFF5
  8145                           prodh	equ	0xFF4
  8146                           prodl	equ	0xFF3
  8147                           indf0	equ	0xFEF
  8148                           postinc0	equ	0xFEE
  8149                           postdec0	equ	0xFED
  8150                           preinc0	equ	0xFEC
  8151                           plusw0	equ	0xFEB
  8152                           fsr0h	equ	0xFEA
  8153                           fsr0l	equ	0xFE9
  8154                           wreg	equ	0xFE8
  8155                           indf1	equ	0xFE7
  8156                           postinc1	equ	0xFE6
  8157                           postdec1	equ	0xFE5
  8158                           preinc1	equ	0xFE4
  8159                           plusw1	equ	0xFE3
  8160                           fsr1h	equ	0xFE2
  8161                           fsr1l	equ	0xFE1
  8162                           bsr	equ	0xFE0
  8163                           indf2	equ	0xFDF
  8164                           postinc2	equ	0xFDE
  8165                           postdec2	equ	0xFDD
  8166                           preinc2	equ	0xFDC
  8167                           plusw2	equ	0xFDB
  8168                           fsr2h	equ	0xFDA
  8169                           fsr2l	equ	0xFD9
  8170                           status	equ	0xFD8

Data Sizes:
    Strings     366
    Constant    0
    Data        67
    BSS         293
    Persistent  0
    Stack       0

Auto Spaces:
    Space          Size  Autos    Used
    COMRAM           95     42      95
    BANK0           160      0     137
    BANK1           256      0     170
    BANK2           256      0       0
    BANK3           256      0       0
    BANK4           256      0       0
    BANK5           256      0       0

Pointer List with Targets:

    strcmp@s2	PTR const unsigned char  size(1) Largest target is 5
		 -> change_password@re_enter(COMRAM[5]), 

    strcmp@s1	PTR const unsigned char  size(1) Largest target is 5
		 -> change_password@new_password(COMRAM[5]), 

    clcd_print@data	PTR const unsigned char  size(2) Largest target is 170
		 -> STR_45(CODE[17]), STR_44(CODE[17]), STR_43(CODE[16]), STR_42(CODE[14]), 
		 -> STR_41(CODE[17]), STR_40(CODE[14]), STR_39(CODE[17]), STR_38(CODE[17]), 
		 -> STR_37(CODE[16]), STR_36(CODE[14]), STR_35(CODE[17]), STR_34(CODE[14]), 
		 -> STR_33(CODE[11]), STR_32(CODE[14]), STR_31(CODE[13]), STR_30(CODE[8]), 
		 -> STR_29(CODE[21]), STR_28(CODE[17]), STR_27(CODE[15]), STR_26(CODE[11]), 
		 -> STR_25(CODE[15]), STR_24(CODE[8]), STR_23(CODE[13]), STR_22(CODE[15]), 
		 -> STR_21(CODE[17]), STR_20(CODE[17]), STR_19(CODE[15]), STR_18(CODE[17]), 
		 -> EV(BANK0[27]), STR_17(CODE[16]), STR_16(CODE[17]), STR_15(CODE[15]), 
		 -> logs(BANK1[170]), STR_14(CODE[17]), STR_13(CODE[15]), STR_12(CODE[16]), 
		 -> STR_9(CODE[19]), STR_8(CODE[17]), STR_7(CODE[15]), time(BANK0[9]), 
		 -> STR_6(CODE[17]), STR_5(CODE[17]), STR_4(CODE[16]), STR_3(CODE[14]), 
		 -> STR_2(CODE[17]), STR_1(CODE[14]), 

    set_time@change_time	PTR unsigned char  size(1) Largest target is 9
		 -> time(BANK0[9]), 

    menu_view	PTR unsigned char [6] size(2) Largest target is 17
		 -> STR_45(CODE[17]), STR_44(CODE[17]), STR_43(CODE[16]), STR_42(CODE[14]), 
		 -> STR_41(CODE[17]), STR_40(CODE[14]), STR_39(CODE[17]), STR_38(CODE[17]), 
		 -> STR_37(CODE[16]), STR_36(CODE[14]), STR_35(CODE[17]), STR_34(CODE[14]), 
		 -> STR_6(CODE[17]), STR_5(CODE[17]), STR_4(CODE[16]), STR_3(CODE[14]), 
		 -> STR_2(CODE[17]), STR_1(CODE[14]), 

    puts@s	PTR const unsigned char  size(2) Largest target is 18
		 -> STR_11(CODE[3]), STR_10(CODE[18]), download_log@arr(COMRAM[17]), 


Critical Paths under _main in COMRAM

    _main->_dashboard
    _setting_log->_change_password
    _view_log->_clcd_putch
    _set_time->_clcd_putch
    _download_log->_clcd_print
    _puts->_putch
    _clear_log->_clcd_print
    _change_password->_clcd_putch
    _password->_clcd_putch
    _read_ext_eeprom->_i2c_write1
    ___awmod->___awdiv
    _init_config->_init_ds1307
    _init_ds1307->_read_ds1307
    _init_ds1307->_write_ds1307
    _write_ds1307->_i2c_write
    _init_clcd->_clcd_write
    _display_menu->_clcd_putch
    _dashboard->___fttol
    _store_event->___lwdiv
    _write_ext_eeprom->_i2c_write1
    _get_time->_read_ds1307
    _read_ds1307->_i2c_write
    _clcd_putch->___awmod
    _clcd_print->_clcd_write
    ___lwtoft->___ftpack
    ___fttol->___ftdiv
    ___ftdiv->___lwtoft

Critical Paths under _main in BANK0

    None.

Critical Paths under _main in BANK1

    None.

Critical Paths under _main in BANK2

    None.

Critical Paths under _main in BANK3

    None.

Critical Paths under _main in BANK4

    None.

Critical Paths under _main in BANK5

    None.

Call Graph Tables:

 ---------------------------------------------------------------------------------
 (Depth) Function   	        Calls       Base Space   Used Autos Params    Refs
 ---------------------------------------------------------------------------------
 (0) _main                                                 0     0      0  107581
                          _dashboard
                       _display_menu
                        _init_config
                           _password
                        _setting_log
 ---------------------------------------------------------------------------------
 (1) _setting_log                                          0     0      0   57207
                    _change_password
                          _clear_log
                       _download_log
                           _set_time
                           _view_log
 ---------------------------------------------------------------------------------
 (2) _view_log                                             1     1      0   12286
                                             16 COMRAM     1     1      0
                         _clcd_print
                         _clcd_putch
                         _clcd_write
                    _read_ext_eeprom
                      _read_switches
 ---------------------------------------------------------------------------------
 (2) _set_time                                            11    11      0   14346
                                             16 COMRAM    11    11      0
                            ___lwmod
                         _clcd_print
                         _clcd_putch
                         _clcd_write
                      _read_switches
                       _write_ds1307
 ---------------------------------------------------------------------------------
 (2) _download_log                                        19    19      0    9201
                                              5 COMRAM    19    19      0
                         _clcd_print
                         _clcd_write
                               _puts
                    _read_ext_eeprom
 ---------------------------------------------------------------------------------
 (3) _puts                                                 2     0      2     295
                                              1 COMRAM     2     0      2
                              _putch
 ---------------------------------------------------------------------------------
 (4) _putch                                                1     1      0      22
                                              0 COMRAM     1     1      0
 ---------------------------------------------------------------------------------
 (2) _clear_log                                            0     0      0    8211
                         _clcd_print
                         _clcd_write
 ---------------------------------------------------------------------------------
 (2) _change_password                                     12    12      0   13163
                                             16 COMRAM    12    12      0
                         _clcd_print
                         _clcd_putch
                         _clcd_write
                    _read_ext_eeprom
                      _read_switches
                             _strcmp
                   _write_ext_eeprom
 ---------------------------------------------------------------------------------
 (3) _strcmp                                               5     3      2     243
                                              0 COMRAM     5     3      2
 ---------------------------------------------------------------------------------
 (1) _password                                            24    24      0   14230
                                             16 COMRAM    24    24      0
                            ___awdiv
                            ___awmod
                         _clcd_print
                         _clcd_putch
                         _clcd_write
                    _read_ext_eeprom
                      _read_switches
 ---------------------------------------------------------------------------------
 (3) _read_ext_eeprom                                      2     2      0      67
                                              1 COMRAM     2     2      0
                          _i2c_read1
                     _i2c_rep_start1
                         _i2c_start1
                          _i2c_stop1
                         _i2c_write1
 ---------------------------------------------------------------------------------
 (4) _i2c_rep_start1                                       0     0      0       0
                          _i2c_idle1
 ---------------------------------------------------------------------------------
 (4) _i2c_read1                                            0     0      0       0
                       _i2c_rx_mode1
 ---------------------------------------------------------------------------------
 (5) _i2c_rx_mode1                                         0     0      0       0
                          _i2c_idle1
 ---------------------------------------------------------------------------------
 (2) ___awmod                                              6     2      4     752
                                              8 COMRAM     6     2      4
                            ___awdiv (ARG)
 ---------------------------------------------------------------------------------
 (2) ___awdiv                                              8     4      4     604
                                              0 COMRAM     8     4      4
 ---------------------------------------------------------------------------------
 (1) _init_config                                          0     0      0    2450
                           _init_adc
                          _init_clcd
                        _init_ds1307
                           _init_i2c
                 _init_matrix_keypad
                          _init_uart
 ---------------------------------------------------------------------------------
 (2) _init_uart                                            0     0      0       0
 ---------------------------------------------------------------------------------
 (2) _init_matrix_keypad                                   0     0      0       0
 ---------------------------------------------------------------------------------
 (2) _init_i2c                                             0     0      0       0
 ---------------------------------------------------------------------------------
 (2) _init_ds1307                                          1     1      0     734
                                              3 COMRAM     1     1      0
                        _read_ds1307
                       _write_ds1307
 ---------------------------------------------------------------------------------
 (3) _write_ds1307                                         2     1      1     598
                                              1 COMRAM     2     1      1
                          _i2c_start
                           _i2c_stop
                          _i2c_write
 ---------------------------------------------------------------------------------
 (2) _init_clcd                                            0     0      0    1716
                         _clcd_write
 ---------------------------------------------------------------------------------
 (2) _init_adc                                             0     0      0       0
 ---------------------------------------------------------------------------------
 (1) _display_menu                                         1     1      0   12352
                                             16 COMRAM     1     1      0
                         _clcd_print
                         _clcd_putch
                         _clcd_write
                      _read_switches
 ---------------------------------------------------------------------------------
 (1) _dashboard                                            1     1      0   21342
                                             41 COMRAM     1     1      0
                            ___ftdiv
                            ___fttol
                            ___lwdiv
                            ___lwmod
                           ___lwtoft
                         _clcd_print
                         _clcd_putch
                         _clcd_write
                           _get_time
                           _read_adc
                      _read_switches
                        _store_event
 ---------------------------------------------------------------------------------
 (2) _store_event                                          2     2      0    1412
                                              7 COMRAM     2     2      0
                            ___lwdiv
                            ___lwmod
                   _write_ext_eeprom
 ---------------------------------------------------------------------------------
 (3) _write_ext_eeprom                                     4     3      1     241
                                              1 COMRAM     4     3      1
                         _i2c_start1
                          _i2c_stop1
                         _i2c_write1
 ---------------------------------------------------------------------------------
 (4) _i2c_write1                                           1     1      0      22
                                              0 COMRAM     1     1      0
                          _i2c_idle1
 ---------------------------------------------------------------------------------
 (4) _i2c_stop1                                            0     0      0       0
                          _i2c_idle1
 ---------------------------------------------------------------------------------
 (4) _i2c_start1                                           0     0      0       0
                          _i2c_idle1
 ---------------------------------------------------------------------------------
 (5) _i2c_idle1                                            0     0      0       0
 ---------------------------------------------------------------------------------
 (3) ___lwmod                                              5     1      4     615
                                              0 COMRAM     5     1      4
 ---------------------------------------------------------------------------------
 (3) ___lwdiv                                              7     3      4     466
                                              0 COMRAM     7     3      4
 ---------------------------------------------------------------------------------
 (3) _read_switches                                        1     1      0      44
                                              0 COMRAM     1     1      0
                           _scan_key
 ---------------------------------------------------------------------------------
 (4) _scan_key                                             0     0      0       0
 ---------------------------------------------------------------------------------
 (2) _read_adc                                             7     5      2      45
                                              0 COMRAM     7     5      2
 ---------------------------------------------------------------------------------
 (2) _get_time                                             0     0      0      67
                        _read_ds1307
 ---------------------------------------------------------------------------------
 (3) _read_ds1307                                          2     2      0      67
                                              1 COMRAM     2     2      0
                           _i2c_read
                      _i2c_rep_start
                          _i2c_start
                           _i2c_stop
                          _i2c_write
 ---------------------------------------------------------------------------------
 (4) _i2c_write                                            1     1      0      22
                                              0 COMRAM     1     1      0
                           _i2c_idle
 ---------------------------------------------------------------------------------
 (4) _i2c_stop                                             0     0      0       0
                           _i2c_idle
 ---------------------------------------------------------------------------------
 (4) _i2c_start                                            0     0      0       0
                           _i2c_idle
 ---------------------------------------------------------------------------------
 (4) _i2c_rep_start                                        0     0      0       0
                           _i2c_idle
 ---------------------------------------------------------------------------------
 (4) _i2c_read                                             0     0      0       0
                         _i2c_no_ack
                        _i2c_rx_mode
 ---------------------------------------------------------------------------------
 (5) _i2c_rx_mode                                          0     0      0       0
                           _i2c_idle
 ---------------------------------------------------------------------------------
 (5) _i2c_idle                                             0     0      0       0
 ---------------------------------------------------------------------------------
 (5) _i2c_no_ack                                           0     0      0       0
 ---------------------------------------------------------------------------------
 (3) _clcd_putch                                           2     1      1    3964
                                             14 COMRAM     2     1      1
                            ___awdiv (ARG)
                            ___awmod (ARG)
                            ___lwdiv (ARG)
                            ___lwmod (ARG)
                         _clcd_write
 ---------------------------------------------------------------------------------
 (3) _clcd_print                                           3     0      3    6495
                                              2 COMRAM     3     0      3
                         _clcd_write
 ---------------------------------------------------------------------------------
 (3) _clcd_write                                           2     1      1    1716
                                              0 COMRAM     2     1      1
 ---------------------------------------------------------------------------------
 (2) ___lwtoft                                             3     0      3    2864
                                              8 COMRAM     3     0      3
                           ___ftpack
                           _read_adc (ARG)
 ---------------------------------------------------------------------------------
 (2) ___fttol                                             15    11      4     328
                                             26 COMRAM    15    11      4
                            ___ftdiv (ARG)
                           ___lwtoft (ARG)
                           _read_adc (ARG)
 ---------------------------------------------------------------------------------
 (2) ___ftdiv                                             15     9      6    3326
                                             11 COMRAM    15     9      6
                           ___ftpack
                           ___lwtoft (ARG)
                           _read_adc (ARG)
 ---------------------------------------------------------------------------------
 (3) ___ftpack                                             8     3      5    2766
                                              0 COMRAM     8     3      5
 ---------------------------------------------------------------------------------
 Estimated maximum stack depth 5
 ---------------------------------------------------------------------------------

 Call Graph Graphs:

 _main (ROOT)
   _dashboard
     ___ftdiv
       ___ftpack
       ___lwtoft (ARG)
         ___ftpack
         _read_adc (ARG)
       _read_adc (ARG)
     ___fttol
       ___ftdiv (ARG)
       ___lwtoft (ARG)
       _read_adc (ARG)
     ___lwdiv
     ___lwmod
     ___lwtoft
     _clcd_print
       _clcd_write
     _clcd_putch
       ___awdiv (ARG)
       ___awmod (ARG)
         ___awdiv (ARG)
       ___lwdiv (ARG)
       ___lwmod (ARG)
       _clcd_write (ARG)
     _clcd_write
     _get_time
       _read_ds1307
         _i2c_read
           _i2c_no_ack
           _i2c_rx_mode
             _i2c_idle
         _i2c_rep_start
           _i2c_idle
         _i2c_start
           _i2c_idle
         _i2c_stop
           _i2c_idle
         _i2c_write
           _i2c_idle
     _read_adc
     _read_switches
       _scan_key
     _store_event
       ___lwdiv
       ___lwmod
       _write_ext_eeprom
         _i2c_start1
           _i2c_idle1
         _i2c_stop1
           _i2c_idle1
         _i2c_write1
           _i2c_idle1
   _display_menu
     _clcd_print
     _clcd_putch
     _clcd_write
     _read_switches
   _init_config
     _init_adc
     _init_clcd
       _clcd_write
     _init_ds1307
       _read_ds1307
       _write_ds1307
         _i2c_start
         _i2c_stop
         _i2c_write
     _init_i2c
     _init_matrix_keypad
     _init_uart
   _password
     ___awdiv
     ___awmod
     _clcd_print
     _clcd_putch
     _clcd_write
     _read_ext_eeprom
       _i2c_read1
         _i2c_rx_mode1
           _i2c_idle1
       _i2c_rep_start1
         _i2c_idle1
       _i2c_start1
       _i2c_stop1
       _i2c_write1
     _read_switches
   _setting_log
     _change_password
       _clcd_print
       _clcd_putch
       _clcd_write
       _read_ext_eeprom
       _read_switches
       _strcmp
       _write_ext_eeprom
     _clear_log
       _clcd_print
       _clcd_write
     _download_log
       _clcd_print
       _clcd_write
       _puts
         _putch
       _read_ext_eeprom
     _set_time
       ___lwmod
       _clcd_print
       _clcd_putch
       _clcd_write
       _read_switches
       _write_ds1307
     _view_log
       _clcd_print
       _clcd_putch
       _clcd_write
       _read_ext_eeprom
       _read_switches

 Address spaces:
Name               Size   Autos  Total    Cost      Usage
BIGRAM             5FF      0       0      26        0.0%
BITBIGSFRll        281      0       0      24        0.0%
EEDATA             100      0       0       0        0.0%
BITBANK5           100      0       0      14        0.0%
BANK5              100      0       0      15        0.0%
BITBANK4           100      0       0      12        0.0%
BANK4              100      0       0      13        0.0%
BITBANK3           100      0       0      10        0.0%
BANK3              100      0       0      11        0.0%
BITBANK2           100      0       0       8        0.0%
BANK2              100      0       0       9        0.0%
BITBANK1           100      0       0       6        0.0%
BANK1              100      0      AA       7       66.4%
BITBANK0            A0      0       0       4        0.0%
BANK0               A0      0      89       5       85.6%
BITCOMRAM           5F      0       0       0        0.0%
COMRAM              5F     2A      5F       1      100.0%
BITBIGSFRhhhl       27      0       0      17        0.0%
BITBIGSFRlh          F      0       0      23        0.0%
BITBIGSFRhhhh        E      0       0      16        0.0%
BITBIGSFRhlhhl       9      0       0      20        0.0%
BITBIGSFRhlhhhl      8      0       0      19        0.0%
BITBIGSFRhlhhhh      7      0       0      18        0.0%
BITBIGSFRhll         7      0       0      22        0.0%
BITBIGSFRhlhl        2      0       0      21        0.0%
BIGSFR               0      0       0     200        0.0%
BITSFR_3             0      0       0     200        0.0%
SFR_3                0      0       0     200        0.0%
BITSFR_2             0      0       0     200        0.0%
SFR_2                0      0       0     200        0.0%
BITSFR_1             0      0       0     200        0.0%
SFR_1                0      0       0     200        0.0%
BITSFR               0      0       0     200        0.0%
SFR                  0      0       0     200        0.0%
STACK                0      0       0       2        0.0%
NULL                 0      0       0       0        0.0%
ABS                  0      0     192      25        0.0%
DATA                 0      0     192       3        0.0%
CODE                 0      0       0       0        0.0%


Microchip Technology PIC18 Macro Assembler V2.41 build 20230208172133 
Symbol Table                                                                                   Thu Jun 01 20:18:36 2023

                          _d 0033                            _k 0094                            _l 0028  
                          _m 009A               clcd_print@addr 0039               clcd_print@data 0037  
                         _GO 7E11                           _EV 00CE                 ___awdiv@sign 003A  
         _init_matrix_keypad 12C4            write_ext_eeprom@i 0037                          l311 2C60  
                        l315 2CD8                          l319 2D48                          l610 1978  
                        l602 1952                          l611 1990                          l620 19B8  
                        l612 1980                          l604 196A                          l621 19B0  
                        l605 195A                          l614 1988                          l607 1962  
                        l617 19A0                          l619 19A8                          l672 1476  
                        _CKE 7E3E                          _RC0 7C10                          _RC1 7C11  
                        _RC2 7C12                ?_display_menu 0035                          _RD7 7C1F  
                        _PEN 7E2A                          _SEN 7E28                          _RX9 7D5E  
                        _RPM 0026                          _SMP 7E3F                          _TX9 7D66  
                        _WUE 7DC1                          _key 0030                          _log 0031  
             clcd_putch@addr 0043               clcd_putch@data 0044                 ___awmod@sign 0042  
                        prod 0FF3                          wreg 0FE8          ?_init_matrix_keypad 0035  
               ___ftdiv@cntr 0049                 ___ftdiv@sign 004E                         l1190 1D36  
                       l3102 171E                         l3200 1ABA                         l1328 16EA  
                       l3202 1AC4                         l3122 14C8                         l1338 15CC  
                       l4010 27D8                         l4020 27FC                         l4004 27BC  
                       l3300 2B06                         l3134 1752                         l3118 14BC  
                       l4030 2822                         l3310 2B86                         l3128 14D4  
                       l3224 16B8                         l4120 1DD4                         l4032 282A  
                       l3304 2B4C                         l3138 177E                         l3226 16C0  
                       l4042 286E                         l4050 289C                         l4026 2804  
                       l3330 2BE2                         l3314 2B92                         l3236 16E0  
                       l3252 15C2                         l3244 15A2                         l4132 1E00  
                       l4116 1DC8                         l3172 1518                         l3404 2E5A  
                       l3308 2B62                         l3190 1A5E                         l3246 15AA  
                       l4142 1E30                         l4070 290E                         l3174 151C  
                       l3318 2B9E                         l3502 25D2                         l3192 1A68  
                       l3168 144C                         l4152 1E5C                         l4056 28BC  
                       l3336 2C04                         l3512 2630                         l3194 1A86  
                       l4066 28E8                         l3098 16F6                         l3426 1FE2  
                       l3506 25FA                         l4170 15F0                         l4162 15D8  
                       l4084 2942                         l3460 20EC                         l3364 2D08  
                       l3356 2C9A                         l3372 2D78                         l3292 2A94  
                       l3524 2668                         l3516 263E                         l4164 15DE  
                       l3198 1A9C                         l4094 29EA                         l3702 2330  
                       l3630 21A2                         l3294 2AAA                         l3542 26B2  
                       l4166 15E4                         l4174 15F6                         l4190 1584  
                       l4182 1566                         l3712 2354                         l3720 239E  
                       l3640 21C8                         l3632 21A6                         l3464 211A  
                       l3456 20B8                         l3288 2A62                         l3552 26DC  
                       l3536 2696                         l4168 15EA                         l3802 19D0  
                       l3714 236A                         l3466 2124                         l3298 2AF0  
                       l4186 1574                         l4178 1558                         l3644 21E0  
                       l3468 2134                         l3910 1C54                         l3902 1C40  
                       l3814 19F6                         l3830 1A28                         l3662 2256  
                       l3734 240A                         l3742 1832                         l3760 1CD2  
                       l3568 188E                         l3816 19FE                         l3808 19E0  
                       l3728 23D6                         l3672 227C                         l3664 225A  
                       l3680 22C2                         l3648 220E                         l3754 1CAA  
                       l3834 1A36                         l3826 1A1E                         l3850 18F4  
                       l2954 12BA                         l3780 1D10                         l3916 1C70  
                       l3908 1C48                         l2972 139A                         l3596 1B6C  
                       l3676 2294                         l3950 1EE8                         l3870 193A  
                       l3862 1922                         l3854 1902                         l3846 18E8  
                       l3694 230C                         l3880 1BDC                         l3856 190A  
                       l3866 192C                         l3964 1F18                         l3948 1EE2  
                       l3958 1F04                         _ADFM 7E07                         l3898 1C30  
                       l3994 2794                         l3986 2768                         l3978 2726  
                       l3996 279A                         l3988 2774                         _ADON 7E10  
                       STR_1 2FAD                         STR_2 2EDC                         STR_3 2FBB  
                       STR_4 2F42                         STR_5 2EED                         STR_7 2F9E  
                       STR_8 2F31                         STR_9 2EA6                         _BRGH 7D62  
                       _CREN 7D5C                         _FERR 7D5A                         u2100 1776  
                       u2020 1716                         u2110 179E                         u2030 173E  
                       u2210 1ACE                         u2107 176C                         u2027 170C  
                       _CSRC 7D67                         u2300 2A7E                         u2117 1794  
                       u2037 1734                         u3110 1A02                         u2150 1548  
                       u2310 2ADA                         u3031 1C92                         u2320 2B36  
                       u3201 1BC0                         u2401 2C0E                         u2170 1A50  
                       u3210 1BCA                         u2250 16C4                         u3051 1CBA  
                       u3220 1BFA                         u3310 1EFC                         u2280 15AE  
                       u3400 283E                         u3225 1BF2                         u3170 190E  
                       u3410 284E                         u2530 2D84                         u3260 1C5A  
                       u3340 275A                         u2380 2BEE                         u2550 2D96  
                       u3610 1E68                         u3450 2916                         u2730 26A2  
                       u2571 1FC0                         u2820 1B98                         u1870 138A  
                       u3550 1E0C                         u3470 2A0A                         u2590 20A8  
                       u2680 2658                         u1885 138C                         u2790 26E8  
                       _RCIE 7CED                         _RCEN 7E2B                         _RCIF 7CF5  
                       _OERR 7D59                         _SCKP 7DC4                         _RBPU 7F8F  
                       _RX9D 7D58                         _SPEN 7D5F                         _RSEN 7E29  
                       _TX9D 7D60                         _SREN 7D5D                         _TRMT 7D61  
                       _TXIE 7CEC                         _TXEN 7D65                         _TXIF 7CF4  
                       _SYNC 7D64                         _flag 0022                         _key1 002F  
                       _key2 002E                         _key4 002D                         _main 1554  
               ___ftpack@arg 0035                         _menu 0032                         _once 0090  
                       _logs 0100                         _pass 00B3                 ___ftpack@exp 0038  
                       _time 009E                         fsr0h 0FEA                         fsr1h 0FE2  
                       indf0 0FEF                         fsr2h 0FDA                         fsr0l 0FE9  
                       indf2 0FDF                         fsr1l 0FE1                         fsr2l 0FD9  
                       _puts 16F4                         prodl 0FF3                         start 0000  
       ??_init_matrix_keypad 0035                 ___param_bank 0000               clcd_write@byte 0036  
                _store_event 1AEE                _i2c_rep_start 124C                ??_i2c_rx_mode 0035  
               ___fttol@exp1 005D                 ___fttol@lval 0059                 ?_init_ds1307 0035  
              ?_i2c_rx_mode1 0035           _t_count1@main$F450 008E           _t_count1@main$F535 008A  
             ??_display_menu 0045                        _ABDEN 7DC0                        _ADCS0 7E00  
                      _ADCS1 7E01                        _ADCS2 7E02                        _ADDEN 7D5B  
                      ?_main 0035                 ?_read_ds1307 0035                        _ACKEN 7E2C  
                      _ACKDT 7E2D                        _BCLIF 7D0B                        _ACQT0 7E03  
                      _ACQT1 7E04                        _ACQT2 7E05              __end_of___awdiv 1A40  
                      STR_10 2EB9                        STR_11 2EC8                        STR_12 2F52  
                      STR_20 2F0F                        STR_13 2F80                        STR_21 2ECB  
                      STR_30 2FEF                        STR_22 2F71                        STR_14 2EFE  
                      STR_31 2EAC                        STR_23 2FD7                        STR_15 2F62  
                      STR_16 2EFE                        STR_24 2FF7                        STR_32 2FC9  
                      _BRG16 7DC3                        STR_40 2FAD                        STR_17 2EA9  
                      STR_25 2F11                        STR_33 2FE4                        STR_41 2EDC  
                      STR_26 2FE4                        STR_18 2F20                        STR_42 2FBB  
                      STR_19 2F11                        STR_27 2F8F                        STR_43 2F42  
                      STR_28 2EA8                        STR_44 2EED              __end_of___awmod 1944  
                      STR_29 2E91                        STR_45 2EA8              __end_of___ftdiv 1D68  
                      ?_puts 0036              ___awdiv@divisor 0037              __end_of___fttol 1C82  
            __end_of___lwdiv 16F4              __end_of___lwmod 15D6                 ?_init_config 0035  
                      _RCIDL 7DC6              ___awdiv@counter 0039                        _VCFG0 7E0C  
                      _VCFG1 7E0D                        _RCREG 0FAE                        _SENDB 7D63  
        set_time@change_time 004F                        _SPBRG 0FAF                        _PORTB 0F81  
                      _PORTD 0F83                        _TRISB 0F93                        _TRISC 0F94  
                      _TRISD 0F95                        _SSPIF 7CF3                        _TXREG 0FAD  
         _t_count2@main$F451 008C           _t_count2@main$F536 0088                        _flag1 0098  
                      _delay 0080                        _clear 0024                        _count 0020  
                      _equal 001A                        _event 0018                ___ftpack@sign 0039  
                      _putch 12B8              _change_password 2164                        tablat 0FF5  
                      puts@s 0036                        status 0FD8             init_ds1307@dummy 0038  
                 _i2c_no_ack 1236              __initialization 17A6               ?_i2c_rep_start 0035  
                 _i2c_start1 126C                 __end_of_main 1594                   _i2c_write1 12AC  
               __end_of_puts 1746             __end_of_i2c_idle 1244               _i2c_rep_start1 128C  
             ??_i2c_rx_mode1 0035             __end_of_i2c_read 12A0             __end_of_i2c_stop 1264  
          ??_read_ext_eeprom 0036                ?_download_log 0035                       ??_main 005F  
              ___fttol@sign1 0058                       ??_puts 0038                __activetblptr 0002  
        __end_of_i2c_rx_mode 124C                       _ADCON0 0FC2                       _ADCON1 0FC1  
                     _ABDOVF 7DC7             read_switches@key 002A                       _ADRESH 0FC4  
                     _ADRESL 0FC3             ___awdiv@dividend 0035             _write_ext_eeprom 1428  
                     ?_putch 0035             __end_of___ftpack 1AEE                       _GODONE 7E11  
           __end_of___lwtoft 1380                 _write_ds1307 131E                       _SSPADD 0FC8  
                     _TRISC3 7CA3                       _TRISC4 7CA4                       _TRISC6 7CA6  
                     _TRISC7 7CA7                       _TRISD7 7CAF                       _SSPBUF 0FC9  
     __end_of_i2c_rep_start1 1294             __end_of_get_time 18D4                    ??___awdiv 0039  
                  ??___awmod 0041                       _delay3 007C                    ??___ftdiv 0046  
                  ??___fttol 0053                    ??___lwdiv 0039                    ??___lwmod 0039  
           __end_of_init_i2c 12EC                       _equal1 0092             __end_of_init_adc 135C  
           __end_of_read_adc 149A                       clear_0 17DE                       clear_1 17EA  
                     clear_2 17F6               ??_download_log 003A             ___awdiv@quotient 003B  
            ___awmod@divisor 003F                       _value1 0096                       _value2 00CC  
                     isa$std 0001             __end_of_scan_key 19BC              ___awmod@counter 0041  
                     _strcmp 1516        change_password@index1 002C        change_password@index2 002B  
           __end_of_password 2A26                 __pdataCOMRAM 005F      __end_of_change_password 2410  
           __end_of_set_time 2E90                 __mediumconst 2E90                       tblptrh 0FF7  
                     tblptrl 0FF6                       tblptru 0FF8             __end_of_view_log 270C  
               ?_setting_log 0035                   __accesstop 0060      __end_of__initialization 17FC  
       __end_of_display_menu 1E8A                ___rparam_used 0001                   ___ftdiv@f1 0040  
                 ___ftdiv@f2 0043                   ___ftdiv@f3 004A              ??_i2c_rep_start 0035  
                ?_i2c_no_ack 0035                   ___fttol@f1 004F         view_log@view_select1 0010  
       view_log@view_select2 000E              ?_i2c_rep_start1 0035               __pcstackCOMRAM 0035  
                ?_i2c_start1 0035                  ?_i2c_write1 0035                 __pidataBANK0 1618  
                _i2c_rx_mode 1244                __end_of_putch 12C4            __end_of_i2c_idle1 126C  
          __end_of_i2c_read1 128C                   ___lwtoft@c 003D            __end_of_i2c_stop1 127C  
          __end_of_i2c_start 125C            __end_of_i2c_write 12AC                      ??_putch 0035  
                 __pbssBANK0 0060                   __pbssBANK1 0100         __end_of_i2c_rx_mode1 1284  
                  ?_i2c_idle 0035                    ?_i2c_read 0035                    ?_i2c_stop 0035  
      write_ext_eeprom@data1 0036                   _clcd_print 1746                   _clcd_putch 12EC  
                 _clcd_write 1380                 ?_store_event 0035              read_ds1307@data 0037  
          read_switches@once 005F                      _ACKSTAT 7E2E                    ?___ftpack 0035  
                    ?_strcmp 0035                    ?___lwtoft 003D             ?_change_password 0035  
                    _SSPCON1 0FC6                    ?_get_time 0035                _read_switches 149A  
                 ??_i2c_idle 0035                   ??_i2c_read 0035            __end_of_dashboard 1FBA  
                 ??_i2c_stop 0035                    ?_init_i2c 0035         __end_of_download_log 2164  
                  ?_init_adc 0035                    ?_read_adc 0035            __end_of_clear_log 186A  
                  ?_scan_key 0035              _read_ext_eeprom 13D2                      __Hparam 0000  
                  ?_password 0035                      __Lparam 0000                    ?_set_time 0035  
                    ___awdiv 19BC                      ___awmod 18D4                    ?_view_log 0035  
                    ___ftdiv 1C82                      ___fttol 1BB0     __end_of_write_ext_eeprom 145E  
                    ___lwdiv 16A2                 store_event@y 003C                      ___lwmod 1594  
                    __pcinit 17A6                   ??___ftpack 003A                      __ramtop 0600  
                    _blinker 009C                      __ptext0 1554                      __ptext1 15D6  
                    __ptext2 2410                      __ptext3 2A26                      __ptext4 1FBA  
                    __ptext5 16F4                      __ptext6 12B8                      __ptext7 1806  
                    __ptext8 2164                      __ptext9 1516                   ??___lwtoft 0040  
                    _in_pass 0084            __end_of_init_clcd 1428            __end_of_init_uart 1516  
           ___awmod@dividend 003D               ?_read_switches 0035                   ??_get_time 0038  
       end_of_initialization 17FC                  set_time@min 004C                  set_time@sec 004D  
                 ??_init_i2c 0035                   ??_init_adc 0035                __Lmediumconst 2E90  
                 ??_read_adc 0037                   ??_scan_key 0035                  ?_clcd_print 0037  
                ?_clcd_putch 0043                  ?_clcd_write 0035                   ??_password 0045  
                 ??_set_time 0045                      postdec1 0FE5                      postdec2 0FDD  
                    postinc0 0FEE                      postinc1 0FE6                      postinc2 0FDE  
                 ??_view_log 0045                      strcmp@r 0039                    _PORTBbits 0F81  
            read_adc@channel 003B                password@blink 004B                 _display_menu 1D68  
              i2c_write@data 0035              read_adc@reg_val 0039      __end_of_read_ext_eeprom 13FC  
           ??_i2c_rep_start1 0035                  ___ftdiv@exp 004D                 ??_i2c_no_ack 0035  
                 _store_data 0071                 ??_i2c_start1 0035                 ??_i2c_write1 0035  
               ?_i2c_rx_mode 0035                 _i2c_rx_mode1 127C                __pidataCOMRAM 3000  
         password@delay2_310 004D                  view_log@del 00BC               __end_of_strcmp 1554  
        start_initialization 17A6                    _i2c_idle1 1264                    _i2c_read1 1284  
            ??_read_switches 0035                    _i2c_stop1 1274                    _i2c_start 1254  
                  _i2c_write 12A0           __end_of_i2c_no_ack 123C           __end_of_i2c_start1 1274  
         __end_of_i2c_write1 12B8               set_time@change 0016             change_password@h 0050  
      __end_of_i2c_rep_start 1254         change_password@delay 0001                ??_init_ds1307 0038  
                __pdataBANK0 00A7                ??_read_ds1307 0036     write_ext_eeprom@address1 0039  
               _download_log 1FBA                     ??_strcmp 0037  read_switches@detection_type 0035  
              ??_init_config 0039      read_ext_eeprom@address1 0036                  __pbssCOMRAM 0001  
                 ?_i2c_idle1 0035                   ?_i2c_read1 0035                   ?_i2c_stop1 0035  
                 ?_i2c_start 0035                   ?_i2c_write 0035             ?_read_ext_eeprom 0035  
                  _dashboard 1E8A             ___lwdiv@dividend 0035                    _clear_log 1806  
              __pmediumconst 2E90                     ?___awdiv 0035                     ?___awmod 003D  
                   ?___ftdiv 0040           read_ds1307@address 0036                     ?___fttol 004F  
                   ?___lwdiv 0035                    _clock_reg 0009                     ?___lwmod 0035  
          ?_write_ext_eeprom 0036                   password@de 0051           ??_write_ext_eeprom 0037  
        __end_of_init_ds1307 16A2          __end_of_read_ds1307 13D2         read_ext_eeprom@data1 0037  
           ___lwdiv@quotient 0039                    _init_clcd 13FC          __end_of_init_config 131E  
                  _init_uart 14D8                    _menu_view 00A7                ?_write_ds1307 0036  
               ??_clcd_print 003A                 ??_clcd_putch 0044   __end_of_init_matrix_keypad 12D6  
               ??_clcd_write 0036                   ?_dashboard 0035                   ?_clear_log 0035  
              download_log@i 004B        clcd_write@control_bit 0035                  ??_i2c_idle1 0035  
                ??_i2c_read1 0035             view_log@view_key 000C                  ??_i2c_stop1 0035  
                ??_i2c_start 0035           __end_of_clcd_print 17A6                  ??_i2c_write 0035  
         __end_of_clcd_putch 1304           __end_of_clcd_write 13A8                   ?_init_clcd 0035  
                 ?_init_uart 0035                ??_setting_log 0051                    copy_data0 17BA  
             ??_write_ds1307 0037                     _i2c_idle 123C                     _i2c_read 1294  
                   _i2c_stop 125C                     __Hrparam 0000                set_time@delay 0005  
              set_time@blink 0049                     __Lrparam 0000          change_password@key3 004F  
       set_time@set_time_key 004E                  _init_ds1307 165A                     ___ftpack 1A40  
                _read_ds1307 13A8                     ___lwtoft 135C                  _init_config 1304  
        write_ds1307@address 0037              ___lwdiv@divisor 0037              ___lwdiv@counter 003B  
                   __ptext10 270C                     __ptext11 13D2                     __ptext20 12D6  
                   __ptext12 128C                     __ptext21 165A                     __ptext13 1284  
                   __ptext30 1274                     __ptext22 131E                     __ptext14 127C  
                   __ptext31 126C                     __ptext23 13FC                     __ptext15 18D4  
                   __ptext40 12A0                     __ptext32 1264                     __ptext24 133C  
                   __ptext16 19BC                     __ptext41 125C                     __ptext33 1594  
                   __ptext25 1D68                     __ptext17 1304                     __ptext50 1380  
                   __ptext42 1254                     __ptext34 16A2                     __ptext26 1E8A  
                   __ptext18 14D8                     __ptext51 135C                     __ptext43 124C  
                   __ptext35 149A                     __ptext27 1AEE                     __ptext19 12C4  
                   __ptext52 1BB0                     __ptext44 1294                     __ptext36 1944  
                   __ptext28 1428                     __ptext53 1C82                     __ptext45 1244  
                   __ptext37 145E                     __ptext29 12AC                     __ptext54 1A40  
                   __ptext46 123C                     __ptext38 186A                     __ptext47 1236  
                   __ptext39 13A8                     __ptext48 12EC                     __ptext49 1746  
                   _get_time 186A                    password@T 0055                    password@i 005B  
                  password@x 0057                    password@z 0059                     _init_i2c 12D6  
                   _init_adc 133C                     _read_adc 145E                     _log_flag 0034  
                   _scan_key 1944                     _t_count1 001E                     _t_count2 001C  
        __end_of_setting_log 1618                  ??_dashboard 005E                     _password 270C  
                ??_clear_log 003A                ??_store_event 003C            ??_change_password 0045  
                   _set_time 2A26                     isa$xinst 0000             display_menu@key2 0045  
                   _view_log 2410                    putch@byte 0035      change_password@re_enter 0045  
change_password@new_password 004A                  clear_log@de 00B8                 set_time@val1 0014  
               set_time@val2 0012                 set_time@hour 004B                  ??_init_clcd 0037  
      __end_of_read_switches 14D8                  ??_init_uart 0035             ___lwmod@dividend 0035  
         download_log@F10526 0060         __end_of_write_ds1307 133C              i2c_write1@data1 0035  
        __end_of_store_event 1BB0                     strcmp@s1 0035                     strcmp@s2 0036  
            ___lwmod@divisor 0037              ___lwmod@counter 0039               password@delay2 0047  
         download_log@el_271 00C0           download_log@el_269 00C4                  _setting_log 15D6  
           write_ds1307@data 0036              download_log@del 00C8              download_log@arr 003A  
